{"type":"FeatureCollection","name":"WONINGWAARDE_2025","features":[{"id":1,"type":"Feature","geometry":{"type":"Polygon","coordinates":[[[4.9906151,52.30128],[4.9906361,52.3012399],[4.9909301,52.3011431],[4.9910769,52.3012816],[4.9910873,52.3013696],[4.9906289,52.3013711],[4.9906151,52.30128]]]},"properties":{"SELECTIE":5848,"LABEL":"5848-6683"}},{"id":2,"type":"Feature","geometry":{"type":"Polygon","coordinates":[[[4.8628387,52.3473966],[4.8625443,52.3474688],[4.8622507,52.3474696],[4.8619578,52.3474158],[4.8617283,52.3473351],[4.8616658,52.3472965],[4.861513,52.3471545],[4.8614069,52.3469743],[4.8613682,52.3467943],[4.8614266,52.3466148],[4.8616759,52.3464464],[4.8619691,52.3464585],[4.8622615,52.3465477],[4.8625536,52.3466704],[4.8628448,52.346871],[4.8629469,52.3469811],[4.8630266,52.3471612],[4.8629437,52.3473405],[4.8628387,52.3473966]]]},"properties":{"SELECTIE":8354,"LABEL":"8354-10025"}},{"id":3,"type":"Feature","geometry":{"type":"Polygon","coordinates":[[[4.9835566,52.2951446],[4.9836252,52.294965],[4.9836514,52.2949385],[4.9836561,52.2949283],[4.9838019,52.294786],[4.9839513,52.294693],[4.9841606,52.2946074],[4.9842455,52.2945788],[4.9845392,52.2945254],[4.9848324,52.2945098],[4.9851257,52.2945164],[4.9853061,52.2945321],[4.9854187,52.2945374],[4.9855992,52.2945577],[4.9857115,52.2945674],[4.9865901,52.2946684],[4.9868827,52.294725],[4.9871751,52.29482],[4.9874667,52.2949902],[4.9876349,52.2951584],[4.9877567,52.2953386],[4.9878186,52.2955185],[4.9878407,52.2956983],[4.9878209,52.295878],[4.9877509,52.2960602],[4.9876319,52.2961966],[4.9845734,52.2961917],[4.9839414,52.2957902],[4.9838144,52.2956848],[4.9836519,52.2954989],[4.9835704,52.2953243],[4.9835566,52.2951446]]]},"properties":{"SELECTIE":5848,"LABEL":"5848-6683"}},{"id":4,"type":"Feature","geometry":{"type":"Polygon","coordinates":[[[4.8321333,52.3506158],[4.8319784,52.3506521],[4.8316847,52.3506756],[4.8313911,52.3506711],[4.831098,52.3506347],[4.8310139,52.3506105],[4.8308059,52.3505157],[4.8307127,52.3504293],[4.8306479,52.3502493],[4.8307174,52.3500699],[4.8308124,52.3499998],[4.8311071,52.3499104],[4.8314006,52.3499068],[4.8316936,52.3499601],[4.8319858,52.3500631],[4.8322479,52.3502568],[4.8323313,52.3504369],[4.8322738,52.3505087],[4.8321333,52.3506158]]]},"properties":{"SELECTIE":7519,"LABEL":"7519-8354"}},{"id":5,"type":"Feature","geometry":{"type":"Polygon","coordinates":[[[5.0225214,52.4138165],[5.0212462,52.4138199],[5.0210265,52.4137616],[5.0208119,52.4130974],[5.0210809,52.4128963],[5.0219287,52.4129183],[5.0222652,52.4131867],[5.0223917,52.4133668],[5.0224852,52.4135469],[5.0225287,52.4137268],[5.0225214,52.4138165]]]},"properties":{"SELECTIE":12532,"LABEL":"> 12532"}},{"id":6,"type":"Feature","geometry":{"type":"Polygon","coordinates":[[[4.968045,52.3026895],[4.967751,52.3027746],[4.9674578,52.3027936],[4.9671647,52.3027718],[4.9668719,52.3027144],[4.9666302,52.3026355],[4.966513,52.3024552],[4.9665815,52.3024156],[4.9667184,52.3022762],[4.9671703,52.3021661],[4.9674638,52.3021404],[4.9677571,52.302144],[4.9680498,52.3021864],[4.9682456,52.3022816],[4.9682659,52.3024615],[4.9681154,52.3026406],[4.968045,52.3026895]]]},"properties":{"SELECTIE":5013,"LABEL":"5013-5848"}},{"id":7,"type":"Feature","geometry":{"type":"Polygon","coordinates":[[[4.8667765,52.3247085],[4.8668093,52.3245288],[4.8669253,52.3243535],[4.8672186,52.324231],[4.8675121,52.3242233],[4.8678048,52.3242782],[4.8680493,52.3243545],[4.868068,52.3243635],[4.868097,52.324373],[4.8684263,52.324536],[4.8687684,52.3247901],[4.8687346,52.3255251],[4.8683763,52.3255978],[4.8680825,52.325633],[4.8677891,52.3256327],[4.8674963,52.3255803],[4.8671583,52.3254291],[4.8669585,52.3252485],[4.8669142,52.3251863],[4.866848,52.3250683],[4.8667921,52.3248883],[4.8667765,52.3247085]]]},"properties":{"SELECTIE":5848,"LABEL":"5848-6683"}},{"id":8,"type":"Feature","geometry":{"type":"Polygon","coordinates":[[[4.8691935,52.3254443],[4.8692056,52.3251927],[4.8692603,52.3252476],[4.8694328,52.3252594],[4.8695534,52.3252833],[4.8695887,52.32526],[4.8698474,52.3252326],[4.8701405,52.325256],[4.8703294,52.325443],[4.870137,52.3255572],[4.8698434,52.3255714],[4.8695511,52.3254787],[4.8692844,52.3254384],[4.8692588,52.325382],[4.8692393,52.3254382],[4.8691935,52.3254443]]]},"properties":{"SELECTIE":5848,"LABEL":"5848-6683"}},{"id":9,"type":"Feature","geometry":{"type":"Polygon","coordinates":[[[4.9846255,52.3174379],[4.9843358,52.3172569],[4.9844316,52.3170774],[4.9846577,52.3168985],[4.9849242,52.3168381],[4.9852171,52.3168879],[4.9852464,52.3169005],[4.9852891,52.3170804],[4.9851279,52.3172596],[4.9849194,52.3173727],[4.9846255,52.3174379]]]},"properties":{"SELECTIE":3342,"LABEL":"3342-4177"}},{"id":10,"type":"Feature","geometry":{"type":"Polygon","coordinates":[[[4.9737981,52.2907969],[4.9737266,52.2908047],[4.973434,52.2907309],[4.9731426,52.2905464],[4.9728923,52.2902544],[4.9727818,52.2900743],[4.9728601,52.2898948],[4.9731489,52.2898755],[4.9734413,52.2899561],[4.9737343,52.2900776],[4.9739563,52.2902581],[4.9740772,52.2904383],[4.9740996,52.2906181],[4.9740204,52.2907365],[4.9737981,52.2907969]]]},"properties":{"SELECTIE":5848,"LABEL":"5848-6683"}},{"id":11,"type":"Feature","geometry":{"type":"Polygon","coordinates":[[[4.8345703,52.3500304],[4.8345809,52.349575],[4.8346341,52.3495344],[4.834929,52.3494347],[4.8352229,52.349402],[4.8355158,52.3494518],[4.8356989,52.3495539],[4.8357174,52.3497338],[4.8355365,52.3499126],[4.8355196,52.3499187],[4.8355098,52.3499278],[4.8352152,52.350028],[4.8349211,52.3500743],[4.8346276,52.3500673],[4.8345703,52.3500304]]]},"properties":{"SELECTIE":7519,"LABEL":"7519-8354"}},{"id":12,"type":"Feature","geometry":{"type":"Polygon","coordinates":[[[4.8986082,52.3451559],[4.8983784,52.3452061],[4.8980848,52.3452078],[4.8979061,52.3451531],[4.8977924,52.3450935],[4.8976907,52.3449724],[4.8976433,52.3447925],[4.8976656,52.3446128],[4.8977304,52.3444332],[4.8978668,52.3442541],[4.8980969,52.3441111],[4.898391,52.3440446],[4.8986844,52.3440574],[4.898977,52.3441484],[4.8991678,52.3442595],[4.8993003,52.3444397],[4.8993073,52.3446195],[4.8992186,52.344799],[4.8989675,52.3450097],[4.8986724,52.3451408],[4.8986082,52.3451559]]]},"properties":{"SELECTIE":10025,"LABEL":"10025-12532"}},{"id":13,"type":"Feature","geometry":{"type":"Polygon","coordinates":[[[4.9950436,52.2935654],[4.9951035,52.2933627],[4.9954013,52.2930384],[4.9956171,52.2930363],[4.995611,52.2937482],[4.9953932,52.2937646],[4.9952904,52.293746],[4.9951009,52.2936494],[4.9950436,52.2935654]]]},"properties":{"SELECTIE":6683,"LABEL":"6683-7519"}},{"id":14,"type":"Feature","geometry":{"type":"Polygon","coordinates":[[[4.9613235,52.3085483],[4.9613562,52.3083687],[4.9615413,52.3082339],[4.9618347,52.3082175],[4.9629448,52.3083691],[4.9622779,52.3091166],[4.9614477,52.3088357],[4.9613833,52.3087283],[4.9613235,52.3085483]]]},"properties":{"SELECTIE":6683,"LABEL":"6683-7519"}},{"id":15,"type":"Feature","geometry":{"type":"Polygon","coordinates":[[[4.9611874,52.3065461],[4.961254,52.3064732],[4.9623413,52.3068071],[4.9636277,52.3065156],[4.9643845,52.3067552],[4.9637599,52.3074553],[4.9625945,52.3071149],[4.9611874,52.3065461]]]},"properties":{"SELECTIE":6683,"LABEL":"6683-7519"}},{"id":16,"type":"Feature","geometry":{"type":"Polygon","coordinates":[[[4.9788192,52.3136429],[4.9785005,52.3136529],[4.9784915,52.3136418],[4.9786145,52.3134626],[4.9787972,52.3132793],[4.9790921,52.3131023],[4.979111,52.3131046],[4.9793829,52.3132854],[4.9792361,52.3134646],[4.9790881,52.313548],[4.9788192,52.3136429]]]},"properties":{"SELECTIE":5013,"LABEL":"5013-5848"}},{"id":17,"type":"Feature","geometry":{"type":"Polygon","coordinates":[[[4.9645595,52.2992056],[4.9648529,52.2991886],[4.9649502,52.2992141],[4.9650394,52.2993941],[4.9648503,52.2994563],[4.9645863,52.2993926],[4.9645581,52.2993519],[4.9645595,52.2992056]]]},"properties":{"SELECTIE":6683,"LABEL":"6683-7519"}},{"id":18,"type":"Feature","geometry":{"type":"Polygon","coordinates":[[[4.9597574,52.3107607],[4.959464,52.3107922],[4.9591708,52.310777],[4.9586825,52.3106958],[4.9582927,52.3105942],[4.9580699,52.3105138],[4.9577089,52.3103222],[4.9575277,52.3101524],[4.9574433,52.3099723],[4.9574804,52.3097928],[4.9576014,52.3096134],[4.9577167,52.3095052],[4.9578363,52.3094345],[4.9580115,52.3093511],[4.9583053,52.3092937],[4.9585984,52.3093094],[4.9588908,52.3093813],[4.9591832,52.3094917],[4.9594749,52.3096415],[4.959766,52.3098822],[4.9598445,52.309981],[4.9599567,52.3101612],[4.9600278,52.3103412],[4.9600169,52.3105209],[4.9598686,52.3107002],[4.9597574,52.3107607]]]},"properties":{"SELECTIE":3342,"LABEL":"3342-4177"}},{"id":19,"type":"Feature","geometry":{"type":"Polygon","coordinates":[[[4.9684329,52.2926203],[4.9681398,52.2926267],[4.9680641,52.2925743],[4.9680972,52.2923947],[4.9681421,52.2923649],[4.9684355,52.2923482],[4.9685669,52.2923963],[4.9685559,52.292576],[4.9684329,52.2926203]]]},"properties":{"SELECTIE":4177,"LABEL":"4177-5013"}},{"id":20,"type":"Feature","geometry":{"type":"Polygon","coordinates":[[[4.9462882,52.3049758],[4.9453529,52.3060525],[4.9428281,52.3052041],[4.9437887,52.3041369],[4.9462882,52.3049758]]]},"properties":{"SELECTIE":2506,"LABEL":"2506-3342"}},{"id":21,"type":"Feature","geometry":{"type":"Polygon","coordinates":[[[4.9737495,52.3199348],[4.9734555,52.3200023],[4.9731622,52.3200155],[4.9728689,52.3199843],[4.9725764,52.3199193],[4.9722077,52.3197317],[4.972051,52.3195513],[4.9720081,52.3193714],[4.9720083,52.3191916],[4.972067,52.3188324],[4.972167,52.3184731],[4.9723252,52.3181142],[4.9725957,52.317827],[4.9728909,52.3176347],[4.9741158,52.317042],[4.974953,52.3166819],[4.9754884,52.3165075],[4.9761292,52.316373],[4.9764229,52.3163237],[4.9767158,52.3163669],[4.9768703,52.3165123],[4.9768306,52.3166918],[4.9765763,52.3170505],[4.9764123,52.3174778],[4.9762323,52.3177684],[4.9760687,52.3179475],[4.9758491,52.3181265],[4.9753185,52.3184841],[4.9750961,52.3186632],[4.9747509,52.3190214],[4.9743401,52.3195157],[4.9740953,52.3197382],[4.9737495,52.3199348]]]},"properties":{"SELECTIE":3342,"LABEL":"3342-4177"}},{"id":22,"type":"Feature","geometry":{"type":"Polygon","coordinates":[[[4.917026,52.3858965],[4.9167317,52.3859392],[4.9164385,52.3858864],[4.916146,52.3857662],[4.9160146,52.3856705],[4.9159152,52.3854904],[4.9159426,52.3853108],[4.9160522,52.3851315],[4.9162312,52.3849523],[4.9164956,52.3847736],[4.9167451,52.3846681],[4.9169032,52.3846197],[4.9175354,52.3850707],[4.9178835,52.3852968],[4.9176172,52.3855404],[4.9173212,52.3857571],[4.9170907,52.3858546],[4.917026,52.3858965]]]},"properties":{"SELECTIE":7519,"LABEL":"7519-8354"}},{"id":23,"type":"Feature","geometry":{"type":"Polygon","coordinates":[[[4.9173553,52.3845161],[4.9176283,52.3844927],[4.917922,52.3845074],[4.9182501,52.3846009],[4.9183425,52.384781],[4.9182319,52.3849603],[4.9181715,52.3850197],[4.9173553,52.3845161]]]},"properties":{"SELECTIE":7519,"LABEL":"7519-8354"}},{"id":24,"type":"Feature","geometry":{"type":"Polygon","coordinates":[[[4.7992692,52.3601805],[4.7989761,52.3601553],[4.7986841,52.3600318],[4.7986242,52.3599813],[4.7986053,52.3598014],[4.7986886,52.3596862],[4.7987518,52.3596224],[4.7989846,52.3595045],[4.7990808,52.3594832],[4.7998193,52.3596365],[4.7999175,52.359808],[4.7998772,52.3599875],[4.7998611,52.3599958],[4.7995633,52.3601499],[4.7992692,52.3601805]]]},"properties":{"SELECTIE":4177,"LABEL":"4177-5013"}},{"id":25,"type":"Feature","geometry":{"type":"Polygon","coordinates":[[[4.8971408,52.4193874],[4.8969734,52.4194272],[4.8966795,52.4194323],[4.8963859,52.4193894],[4.896093,52.4192941],[4.8958783,52.4192023],[4.8949931,52.4186595],[4.894885,52.4184793],[4.8949316,52.4182997],[4.8952308,52.4179414],[4.8955229,52.4176741],[4.8958178,52.4175848],[4.8961114,52.4176239],[4.8966975,52.4177853],[4.8969904,52.4178888],[4.8972826,52.4180454],[4.8973868,52.4181301],[4.8975341,52.4183104],[4.8976217,52.4184906],[4.8976564,52.4186704],[4.8976492,52.4188501],[4.897599,52.4190297],[4.8974699,52.4192089],[4.8972683,52.4193466],[4.8971408,52.4193874]]]},"properties":{"SELECTIE":8354,"LABEL":"8354-10025"}},{"id":26,"type":"Feature","geometry":{"type":"Polygon","coordinates":[[[4.9406102,52.3693851],[4.9407608,52.369229],[4.9409896,52.3691353],[4.9412837,52.3690964],[4.9415769,52.3691301],[4.9418447,52.3692331],[4.9419284,52.3693862],[4.9406102,52.3693851]]]},"properties":{"SELECTIE":6683,"LABEL":"6683-7519"}},{"id":27,"type":"Feature","geometry":{"type":"Polygon","coordinates":[[[4.9991886,52.3467838],[4.9994886,52.346158],[5.0036833,52.3448852],[5.0047613,52.3443659],[5.0049258,52.3444676],[5.0052208,52.3442888],[5.0052218,52.3441611],[5.0052566,52.3441647],[5.0052499,52.3446484],[5.0052052,52.3448281],[5.0049182,52.3453409],[5.0044464,52.3460839],[5.0041323,52.3464453],[5.0011952,52.3474396],[5.0010848,52.3474044],[5.0005,52.3471357],[5.0002075,52.3470268],[4.9996219,52.3468687],[4.9991886,52.3467838]]]},"properties":{"SELECTIE":8354,"LABEL":"8354-10025"}},{"id":28,"type":"Feature","geometry":{"type":"Polygon","coordinates":[[[4.7757928,52.3512376],[4.7758195,52.3510581],[4.7758971,52.3508786],[4.776035,52.3506997],[4.7765931,52.3501633],[4.7767125,52.3499841],[4.7767583,52.3498046],[4.7767524,52.3496249],[4.7767104,52.3494449],[4.7765124,52.3489046],[4.7764767,52.3487246],[4.7764918,52.3485449],[4.7765287,52.3484829],[4.7767729,52.3483666],[4.776824,52.3483563],[4.7771173,52.3483733],[4.77741,52.3484324],[4.7777025,52.348514],[4.7783644,52.3487344],[4.7791588,52.3489187],[4.7794566,52.3490255],[4.7796011,52.3491002],[4.7797191,52.3492806],[4.7796858,52.3494601],[4.7795491,52.3496392],[4.7787792,52.3501745],[4.7785856,52.3503532],[4.7785615,52.3503874],[4.7784589,52.3505324],[4.7784053,52.3507118],[4.778407,52.3508916],[4.7784388,52.3510151],[4.7761576,52.3519394],[4.7759594,52.3517778],[4.7758525,52.3515976],[4.7758035,52.3514175],[4.7757928,52.3512376]]]},"properties":{"SELECTIE":4177,"LABEL":"4177-5013"}},{"id":29,"type":"Feature","geometry":{"type":"Polygon","coordinates":[[[4.7765076,52.352109],[4.7785649,52.3512787],[4.7789605,52.3517932],[4.7790444,52.3519734],[4.7790288,52.3521531],[4.7788245,52.3523227],[4.7785301,52.3523792],[4.7782365,52.3523851],[4.777943,52.3523715],[4.7778311,52.3523618],[4.7776499,52.3523514],[4.7774584,52.3523297],[4.7773983,52.3523245],[4.7773811,52.3523209],[4.7773568,52.3523181],[4.777064,52.3522604],[4.7767713,52.3521927],[4.7765076,52.352109]]]},"properties":{"SELECTIE":4177,"LABEL":"4177-5013"}},{"id":30,"type":"Feature","geometry":{"type":"Polygon","coordinates":[[[4.8323547,52.3675469],[4.8320595,52.3676755],[4.8317661,52.3676526],[4.8315967,52.3675101],[4.831725,52.3673309],[4.8317704,52.3673082],[4.8320647,52.3672646],[4.8323393,52.3673338],[4.8323893,52.3675138],[4.8323547,52.3675469]]]},"properties":{"SELECTIE":5013,"LABEL":"5013-5848"}},{"id":31,"type":"Feature","geometry":{"type":"Polygon","coordinates":[[[4.9924462,52.3941025],[4.9928838,52.3942192],[4.9933686,52.3944005],[4.9936331,52.3945811],[4.9937867,52.3947614],[4.9939054,52.3949416],[4.9939759,52.3951215],[4.9940093,52.3953014],[4.993985,52.3956608],[4.9939052,52.3959024],[4.9937066,52.3961903],[4.9928258,52.3958423],[4.9928573,52.3950224],[4.9924462,52.3941025]]]},"properties":{"SELECTIE":10025,"LABEL":"10025-12532"}},{"id":32,"type":"Feature","geometry":{"type":"Polygon","coordinates":[[[4.9168597,52.3993349],[4.9169022,52.3991554],[4.9170315,52.3989761],[4.9172974,52.3987975],[4.917478,52.3987077],[4.9177454,52.3986193],[4.919083,52.3990422],[4.9186425,52.3995209],[4.9183484,52.3997787],[4.9181749,52.3998794],[4.9180527,52.3999465],[4.9177581,52.400014],[4.9174644,52.3999914],[4.9171719,52.3998663],[4.9169912,52.399695],[4.9168921,52.3995148],[4.9168597,52.3993349]]]},"properties":{"SELECTIE":10025,"LABEL":"10025-12532"}},{"id":33,"type":"Feature","geometry":{"type":"Polygon","coordinates":[[[4.9111782,52.3979761],[4.9116368,52.3976142],[4.9120393,52.397181],[4.9122042,52.3972517],[4.9124959,52.3974482],[4.9130817,52.3976855],[4.912913,52.3978908],[4.9125837,52.3981655],[4.9124884,52.3981507],[4.9121944,52.3981672],[4.9116068,52.3981598],[4.9113133,52.3981253],[4.9112238,52.3980543],[4.9111782,52.3979761]]]},"properties":{"SELECTIE":10025,"LABEL":"10025-12532"}},{"id":34,"type":"Feature","geometry":{"type":"Polygon","coordinates":[[[4.9128684,52.398219],[4.9133178,52.397745],[4.9139611,52.3978216],[4.9141525,52.3978862],[4.9142534,52.3979825],[4.9142915,52.3980664],[4.9142513,52.3981738],[4.914196,52.3982459],[4.9139558,52.39833],[4.9136617,52.3983452],[4.9128684,52.398219]]]},"properties":{"SELECTIE":10025,"LABEL":"10025-12532"}},{"id":35,"type":"Feature","geometry":{"type":"Polygon","coordinates":[[[4.8057176,52.3589377],[4.8054503,52.3590096],[4.8051563,52.3590523],[4.8048626,52.3590591],[4.8045697,52.3590076],[4.8044218,52.3589314],[4.8042786,52.3588068],[4.8041786,52.3585706],[4.8041659,52.3583908],[4.8041859,52.3582112],[4.8042296,52.3580316],[4.8043814,52.3576729],[4.8045912,52.357362],[4.8048887,52.3570598],[4.8051843,52.3569007],[4.8054781,52.3568919],[4.8056112,52.3569599],[4.8057699,52.3570148],[4.8060608,52.3572396],[4.8061352,52.357322],[4.8063496,52.357599],[4.8064837,52.3578629],[4.8065299,52.358043],[4.8065381,52.3582227],[4.8064968,52.3584022],[4.8063788,52.3585814],[4.80615,52.3587601],[4.80604,52.35882],[4.8057176,52.3589377]]]},"properties":{"SELECTIE":5848,"LABEL":"5848-6683"}},{"id":36,"type":"Feature","geometry":{"type":"Polygon","coordinates":[[[4.7960432,52.3585304],[4.7960705,52.3583508],[4.7962863,52.3581721],[4.7966555,52.3580342],[4.796731,52.3580171],[4.7967946,52.3579949],[4.7968842,52.3579822],[4.7969499,52.3579672],[4.7970714,52.3579557],[4.7972439,52.3579313],[4.7975378,52.3579114],[4.7978314,52.3579113],[4.7981247,52.3579405],[4.7984059,52.3580029],[4.7985669,52.35815],[4.7983513,52.3585418],[4.7981152,52.358656],[4.79782,52.3587714],[4.7975254,52.3588538],[4.7972726,52.358896],[4.7969373,52.3589071],[4.7966444,52.3588683],[4.796352,52.3587775],[4.7962151,52.3587111],[4.7960432,52.3585304]]]},"properties":{"SELECTIE":5848,"LABEL":"5848-6683"}},{"id":37,"type":"Feature","geometry":{"type":"Polygon","coordinates":[[[4.9249343,52.3519123],[4.9250313,52.3517329],[4.9254513,52.3515547],[4.9261599,52.3513778],[4.9265975,52.351286],[4.9280487,52.3521729],[4.9276012,52.3524618],[4.9272461,52.3526403],[4.927064,52.3527036],[4.9267698,52.3527657],[4.9264759,52.3527993],[4.9261822,52.3527996],[4.9258892,52.3527608],[4.9255966,52.3526672],[4.9252669,52.3524528],[4.9251085,52.3522725],[4.9250014,52.3520922],[4.9249343,52.3519123]]]},"properties":{"SELECTIE":10025,"LABEL":"10025-12532"}},{"id":38,"type":"Feature","geometry":{"type":"Polygon","coordinates":[[[4.9366058,52.3501408],[4.9395834,52.3482551],[4.9397295,52.348451],[4.9398555,52.3487339],[4.9398849,52.3489138],[4.9398805,52.3494531],[4.939788,52.3498122],[4.9397144,52.3499324],[4.9396697,52.3499914],[4.9394163,52.3501699],[4.9391238,52.3502987],[4.9388292,52.3503995],[4.9385351,52.3504607],[4.9382414,52.3504669],[4.9376553,52.3503873],[4.9370693,52.3502802],[4.9367764,52.3502062],[4.9366058,52.3501408]]]},"properties":{"SELECTIE":7519,"LABEL":"7519-8354"}},{"id":39,"type":"Feature","geometry":{"type":"Polygon","coordinates":[[[4.9363346,52.3499931],[4.9360957,52.3497982],[4.9359492,52.3496178],[4.9358591,52.3494378],[4.9358203,52.3492578],[4.9358237,52.3490782],[4.9358692,52.3488985],[4.9359099,52.3488192],[4.9360011,52.3487192],[4.9362056,52.3486069],[4.9365419,52.3485416],[4.9370877,52.3484605],[4.9373818,52.3483946],[4.9379705,52.3482376],[4.9385593,52.3480566],[4.9388535,52.3479945],[4.939147,52.3479955],[4.939376,52.3480846],[4.9363346,52.3499931]]]},"properties":{"SELECTIE":7519,"LABEL":"7519-8354"}},{"id":40,"type":"Feature","geometry":{"type":"Polygon","coordinates":[[[4.9819313,52.3647924],[4.9816872,52.3650244],[4.9802924,52.3644864],[4.9803623,52.3644232],[4.9806778,52.364309],[4.9809717,52.3642634],[4.9812654,52.3642614],[4.9815586,52.3643169],[4.9816177,52.3643427],[4.9818077,52.3645231],[4.9819313,52.3647924]]]},"properties":{"SELECTIE":7519,"LABEL":"7519-8354"}},{"id":41,"type":"Feature","geometry":{"type":"Polygon","coordinates":[[[4.7852477,52.3549047],[4.7849526,52.3550183],[4.7846597,52.3549754],[4.7843915,52.3548768],[4.7842744,52.3546964],[4.7843594,52.3545171],[4.784667,52.3544279],[4.7849602,52.3544502],[4.7851116,52.3545209],[4.7852508,52.3546754],[4.785264,52.3548812],[4.7852477,52.3549047]]]},"properties":{"SELECTIE":3342,"LABEL":"3342-4177"}},{"id":42,"type":"Feature","geometry":{"type":"Polygon","coordinates":[[[4.8814701,52.3506402],[4.8813896,52.3504763],[4.8815899,52.3503795],[4.8818839,52.3503262],[4.882176,52.3504674],[4.8821774,52.3504844],[4.8821106,52.3505265],[4.8814701,52.3506402]]]},"properties":{"SELECTIE":12532,"LABEL":"> 12532"}},{"id":43,"type":"Feature","geometry":{"type":"Polygon","coordinates":[[[4.8828498,52.3466456],[4.8816952,52.3460659],[4.8829356,52.3451255],[4.8832857,52.3449064],[4.8833111,52.3452718],[4.8832703,52.345631],[4.883105,52.3461694],[4.8830243,52.346349],[4.8828498,52.3466456]]]},"properties":{"SELECTIE":12532,"LABEL":"> 12532"}},{"id":44,"type":"Feature","geometry":{"type":"Polygon","coordinates":[[[4.880274,52.3457281],[4.8811652,52.3461747],[4.8808844,52.3463866],[4.8807555,52.3463207],[4.8804647,52.3460835],[4.8803717,52.3459783],[4.8802799,52.345798],[4.880274,52.3457281]]]},"properties":{"SELECTIE":12532,"LABEL":"> 12532"}},{"id":45,"type":"Feature","geometry":{"type":"Polygon","coordinates":[[[4.8811291,52.3464961],[4.8814514,52.3462639],[4.8825612,52.3468342],[4.8825103,52.3468594],[4.882217,52.3468412],[4.881632,52.3466702],[4.8811291,52.3464961]]]},"properties":{"SELECTIE":12532,"LABEL":"> 12532"}},{"id":46,"type":"Feature","geometry":{"type":"Polygon","coordinates":[[[4.8832536,52.3447301],[4.8829033,52.3448869],[4.882461,52.3452149],[4.8813982,52.3459143],[4.8808957,52.3456639],[4.8816799,52.3450518],[4.882441,52.3445348],[4.8831404,52.3442404],[4.8832536,52.3447301]]]},"properties":{"SELECTIE":12532,"LABEL":"> 12532"}},{"id":47,"type":"Feature","geometry":{"type":"Polygon","coordinates":[[[4.7774112,52.3697606],[4.777974,52.3689958],[4.7777718,52.3688471],[4.7791765,52.369051],[4.7797684,52.3691853],[4.7800608,52.3692769],[4.7803529,52.3693894],[4.7807922,52.3696178],[4.7789227,52.3707015],[4.7788671,52.3706669],[4.7785734,52.3706654],[4.7777,52.3701217],[4.7777025,52.3699419],[4.7774112,52.3697606]]]},"properties":{"SELECTIE":8354,"LABEL":"8354-10025"}},{"id":48,"type":"Feature","geometry":{"type":"Polygon","coordinates":[[[4.8714665,52.3432436],[4.8714936,52.3430638],[4.8716974,52.3427999],[4.8718129,52.3427058],[4.8719304,52.3425266],[4.8719588,52.3423469],[4.8719354,52.3419873],[4.8719565,52.3416491],[4.873185,52.3416964],[4.8731321,52.3418128],[4.872878,52.3422167],[4.8727363,52.3423503],[4.8726183,52.3425295],[4.8725723,52.3427091],[4.8726224,52.3432485],[4.872511,52.3434279],[4.8722759,52.3435319],[4.8719822,52.3435541],[4.8716895,52.3434813],[4.871596,52.3434239],[4.8714665,52.3432436]]]},"properties":{"SELECTIE":12532,"LABEL":"> 12532"}},{"id":49,"type":"Feature","geometry":{"type":"Polygon","coordinates":[[[4.8328672,52.3619436],[4.8324236,52.3620345],[4.8321295,52.362066],[4.8318359,52.3620721],[4.8315426,52.3620449],[4.8312499,52.3619741],[4.8311599,52.3619357],[4.8309584,52.3618006],[4.8309132,52.3617548],[4.830831,52.3615746],[4.8308262,52.3613948],[4.8308803,52.3612154],[4.8309731,52.361036],[4.8311425,52.3608571],[4.8312651,52.3607569],[4.8315601,52.3606418],[4.8318538,52.3606276],[4.8321468,52.360674],[4.8324393,52.3607711],[4.8326629,52.3608642],[4.833023,52.3610603],[4.833231,52.3612264],[4.8333696,52.3614067],[4.8333866,52.3615866],[4.8332498,52.3617658],[4.8330126,52.3618906],[4.8328672,52.3619436]]]},"properties":{"SELECTIE":8354,"LABEL":"8354-10025"}},{"id":50,"type":"Feature","geometry":{"type":"Polygon","coordinates":[[[4.8189746,52.3593396],[4.8197522,52.3591854],[4.8204228,52.3590867],[4.8210109,52.3590176],[4.8215986,52.3589863],[4.8221855,52.3589986],[4.8224788,52.3590301],[4.8227714,52.3591011],[4.8229908,52.3592009],[4.8230631,52.359257],[4.8231683,52.3593814],[4.8232374,52.3595615],[4.8232528,52.3597413],[4.8231825,52.3601005],[4.8230212,52.3604592],[4.8227494,52.3608382],[4.8224521,52.3611241],[4.8221388,52.3613538],[4.8214062,52.3617762],[4.8190282,52.3594436],[4.8189746,52.3593396]]]},"properties":{"SELECTIE":10025,"LABEL":"10025-12532"}},{"id":51,"type":"Feature","geometry":{"type":"Polygon","coordinates":[[[4.965155,52.3218638],[4.9646377,52.3218924],[4.9643446,52.3218609],[4.9640521,52.3217523],[4.9639442,52.3216797],[4.9637863,52.3214993],[4.9637084,52.3213193],[4.963667,52.3211394],[4.9636534,52.3209596],[4.9636772,52.32078],[4.9637801,52.3206005],[4.9640642,52.3204999],[4.9643574,52.3205165],[4.96465,52.3205846],[4.9649422,52.3206971],[4.9654399,52.3209659],[4.966034,52.3213276],[4.9661636,52.3215078],[4.9659608,52.3216868],[4.9655184,52.3218033],[4.965155,52.3218638]]]},"properties":{"SELECTIE":5013,"LABEL":"5013-5848"}},{"id":52,"type":"Feature","geometry":{"type":"Polygon","coordinates":[[[4.9538605,52.3862395],[4.9538526,52.3861715],[4.9542752,52.3861796],[4.9558732,52.3860707],[4.9557293,52.386181],[4.9555062,52.3862755],[4.9552116,52.3863636],[4.9549176,52.3863877],[4.9546238,52.3863777],[4.9544423,52.386356],[4.9538605,52.3862395]]]},"properties":{"SELECTIE":12532,"LABEL":"> 12532"}},{"id":53,"type":"Feature","geometry":{"type":"Polygon","coordinates":[[[4.9256482,52.3719345],[4.9256978,52.371688],[4.9259039,52.3713293],[4.9259914,52.3712099],[4.9262878,52.3709483],[4.926575,52.3707911],[4.9271729,52.3705609],[4.9274679,52.3704269],[4.9280592,52.370052],[4.9285349,52.3696789],[4.9320723,52.3718356],[4.9316656,52.3722341],[4.9313077,52.3725028],[4.9309702,52.3725416],[4.9306765,52.3725447],[4.9303829,52.3725257],[4.9300901,52.3724541],[4.9300263,52.3724237],[4.9299382,52.3722436],[4.9299441,52.3720639],[4.9299183,52.371884],[4.9298043,52.3716909],[4.9295127,52.3714862],[4.9292198,52.3714006],[4.9289261,52.3714031],[4.9287435,52.37152],[4.9286812,52.3716996],[4.9287362,52.3718795],[4.9289189,52.372116],[4.9291048,52.3722404],[4.9292101,52.3723409],[4.929386,52.3724212],[4.9295357,52.3726016],[4.9295248,52.3727812],[4.9294325,52.3729607],[4.9292558,52.3731397],[4.9289864,52.3733185],[4.9286111,52.3734808],[4.928238,52.373558],[4.9256482,52.3719345]]]},"properties":{"SELECTIE":10025,"LABEL":"10025-12532"}},{"id":54,"type":"Feature","geometry":{"type":"Polygon","coordinates":[[[4.9287001,52.3695334],[4.9289477,52.3693246],[4.9292434,52.3691197],[4.9295384,52.3689882],[4.9298327,52.3689335],[4.9301262,52.3689345],[4.9304194,52.3689781],[4.9307123,52.3690578],[4.9310596,52.3691921],[4.9313965,52.3693732],[4.9316547,52.3695539],[4.9318624,52.3697345],[4.9320129,52.3699148],[4.9321695,52.3701443],[4.9324567,52.3707694],[4.9325049,52.3709952],[4.9325158,52.371248],[4.9323844,52.3715871],[4.9322986,52.3717244],[4.9321304,52.371655],[4.9287001,52.3695334]]]},"properties":{"SELECTIE":10025,"LABEL":"10025-12532"}},{"id":55,"type":"Feature","geometry":{"type":"Polygon","coordinates":[[[4.9137558,52.3706177],[4.9128609,52.3708955],[4.911058,52.3698797],[4.9112614,52.3696992],[4.9119745,52.3694505],[4.9127922,52.3696974],[4.9131257,52.3698409],[4.9133779,52.3700174],[4.9135406,52.3702021],[4.9137558,52.3706177]]]},"properties":{"SELECTIE":10025,"LABEL":"10025-12532"}},{"id":56,"type":"Feature","geometry":{"type":"Polygon","coordinates":[[[4.9103647,52.3691402],[4.910449,52.3691319],[4.9107425,52.3691492],[4.9112614,52.3692583],[4.9107871,52.3694432],[4.9103647,52.3691402]]]},"properties":{"SELECTIE":10025,"LABEL":"10025-12532"}},{"id":57,"type":"Feature","geometry":{"type":"Polygon","coordinates":[[[4.90968,52.3697392],[4.9096677,52.3696473],[4.9097062,52.3694676],[4.9097949,52.3693517],[4.9107812,52.3699874],[4.9123711,52.3709571],[4.9113656,52.3712839],[4.9107818,52.3707302],[4.9104799,52.3705493],[4.9102004,52.3704076],[4.9105349,52.3702043],[4.90968,52.3697392]]]},"properties":{"SELECTIE":10025,"LABEL":"10025-12532"}},{"id":58,"type":"Feature","geometry":{"type":"Polygon","coordinates":[[[4.9481889,52.3694265],[4.9481587,52.3690769],[4.9481805,52.3686952],[4.9493303,52.3686893],[4.9498746,52.368624],[4.9497388,52.3683271],[4.9497387,52.3675318],[4.9512369,52.3675386],[4.9514146,52.3676509],[4.9515864,52.3678312],[4.951701,52.3680114],[4.9517707,52.3681914],[4.951859,52.3687128],[4.9519159,52.368911],[4.9521855,52.3694638],[4.9481889,52.3694265]]]},"properties":{"SELECTIE":10025,"LABEL":"10025-12532"}},{"id":59,"type":"Feature","geometry":{"type":"Polygon","coordinates":[[[4.8280025,52.3667278],[4.8282557,52.366582],[4.8285511,52.3664543],[4.8288456,52.3663752],[4.8291393,52.3663736],[4.8294316,52.3664899],[4.8295481,52.3666017],[4.8296462,52.3667818],[4.8296658,52.3669617],[4.8296143,52.3671412],[4.8294199,52.3674262],[4.8291343,52.3676782],[4.8289277,52.367822],[4.8280025,52.3667278]]]},"properties":{"SELECTIE":6683,"LABEL":"6683-7519"}},{"id":60,"type":"Feature","geometry":{"type":"Polygon","coordinates":[[[4.9340803,52.3650694],[4.9339828,52.3651157],[4.9336886,52.3651558],[4.9333955,52.3651187],[4.933103,52.3650034],[4.93295,52.3648854],[4.93281,52.3647051],[4.9327713,52.3645252],[4.9327946,52.3643455],[4.93291,52.3641662],[4.9331131,52.3640107],[4.9334069,52.3639905],[4.9336999,52.3640598],[4.9339921,52.3642019],[4.9341782,52.3643508],[4.9342961,52.364531],[4.9343249,52.3647108],[4.9342754,52.3648904],[4.9340803,52.3650694]]]},"properties":{"SELECTIE":10025,"LABEL":"10025-12532"}},{"id":61,"type":"Feature","geometry":{"type":"Polygon","coordinates":[[[4.9168741,52.3368617],[4.9216041,52.3380307],[4.9191576,52.3413979],[4.9177419,52.340533],[4.9172731,52.3402894],[4.91606,52.3399691],[4.9149655,52.3398373],[4.9144475,52.3396261],[4.9145804,52.3395995],[4.9151672,52.3396242],[4.9154689,52.3396519],[4.9160478,52.339599],[4.9163413,52.3395925],[4.9169284,52.3395936],[4.9175151,52.3396158],[4.9178083,52.3396411],[4.9181011,52.3396872],[4.9183938,52.3397751],[4.918686,52.3398947],[4.9189785,52.3399782],[4.9192729,52.3398945],[4.9193104,52.3398468],[4.9192294,52.3396666],[4.9189845,52.339484],[4.9187965,52.3393054],[4.9186938,52.3391408],[4.9185183,52.3387652],[4.9183873,52.3385848],[4.9181155,52.33832],[4.9172605,52.3376817],[4.9170859,52.3375012],[4.9169914,52.3373211],[4.9168741,52.3368617]]]},"properties":{"SELECTIE":10025,"LABEL":"10025-12532"}},{"id":62,"type":"Feature","geometry":{"type":"Polygon","coordinates":[[[4.9219269,52.3420243],[4.9208424,52.342528],[4.9201813,52.3419578],[4.9240539,52.3374006],[4.9241734,52.3375291],[4.9242979,52.3377093],[4.9243322,52.3378892],[4.9242514,52.3380686],[4.9239828,52.3385039],[4.9239392,52.3386067],[4.9238865,52.3387862],[4.9238795,52.338966],[4.9239753,52.3392084],[4.9242748,52.3395202],[4.9233893,52.3405205],[4.924334,52.3407938],[4.9239574,52.3409386],[4.923663,52.3410227],[4.9230748,52.3411527],[4.9227804,52.3412411],[4.9226532,52.341298],[4.9224853,52.3413997],[4.9222126,52.3416557],[4.9219269,52.3420243]]]},"properties":{"SELECTIE":10025,"LABEL":"10025-12532"}},{"id":63,"type":"Feature","geometry":{"type":"Polygon","coordinates":[[[4.9068362,52.3425101],[4.9070222,52.3420197],[4.9072139,52.3423803],[4.907456,52.342316],[4.9075081,52.3423138],[4.9078027,52.3422175],[4.9080979,52.3420498],[4.9083605,52.3417804],[4.9085776,52.3416014],[4.9092808,52.3412038],[4.9097818,52.3408426],[4.9106944,52.3411458],[4.9117368,52.3416767],[4.9122966,52.3420988],[4.9124072,52.3422317],[4.9122797,52.3423354],[4.9121482,52.3425146],[4.9120689,52.3426941],[4.9119737,52.3430531],[4.9118287,52.3434121],[4.9117355,52.3435915],[4.9116011,52.3437706],[4.9113058,52.3439595],[4.9110113,52.3440457],[4.9107174,52.3440835],[4.9104239,52.3440865],[4.9101307,52.344056],[4.9097242,52.3439429],[4.9093916,52.3437618],[4.9091949,52.3435813],[4.9089649,52.3432943],[4.9086741,52.3430462],[4.9083818,52.3429331],[4.9076741,52.3428561],[4.9075029,52.3427939],[4.9072551,52.3426746],[4.9072116,52.3425929],[4.9069191,52.3425049],[4.9068362,52.3425101]]]},"properties":{"SELECTIE":10025,"LABEL":"10025-12532"}},{"id":64,"type":"Feature","geometry":{"type":"Polygon","coordinates":[[[4.9046926,52.3415858],[4.9046988,52.3414061],[4.9048776,52.3413208],[4.9051743,52.3412293],[4.9054658,52.3411971],[4.9057593,52.3411945],[4.906053,52.3412311],[4.9063448,52.3413316],[4.9064809,52.3414133],[4.906571,52.3414806],[4.9066362,52.3415235],[4.9066644,52.3415504],[4.9067228,52.3415941],[4.9067986,52.341678],[4.9064797,52.3425327],[4.9060381,52.3425527],[4.9057449,52.3425258],[4.9054524,52.3424419],[4.905218,52.3423069],[4.9050179,52.3421263],[4.9047702,52.3417658],[4.9046926,52.3415858]]]},"properties":{"SELECTIE":10025,"LABEL":"10025-12532"}},{"id":65,"type":"Feature","geometry":{"type":"Polygon","coordinates":[[[4.8345532,52.3552833],[4.8348593,52.3550409],[4.8350816,52.3549436],[4.8351545,52.3549182],[4.835448,52.3549068],[4.835572,52.3549459],[4.8357403,52.3550275],[4.835819,52.3551268],[4.8358527,52.3553067],[4.835791,52.3554862],[4.8357336,52.3555578],[4.8354372,52.3557926],[4.8351415,52.3559617],[4.8345552,52.3562335],[4.8345532,52.3552833]]]},"properties":{"SELECTIE":5848,"LABEL":"5848-6683"}},{"id":66,"type":"Feature","geometry":{"type":"Polygon","coordinates":[[[4.8125119,52.3412281],[4.8135226,52.3413088],[4.8144785,52.3419037],[4.8144762,52.3420835],[4.8147674,52.3422646],[4.8150609,52.342266],[4.8153568,52.3420877],[4.8165121,52.3420933],[4.8160643,52.3424506],[4.8156432,52.3426394],[4.8151062,52.3428055],[4.8147599,52.3428422],[4.8144668,52.3428247],[4.8143497,52.3428018],[4.814174,52.3427593],[4.813882,52.3426576],[4.81347,52.3424381],[4.8132151,52.3422571],[4.8130093,52.3420753],[4.8128609,52.3418959],[4.8127202,52.3417059],[4.8125119,52.3412281]]]},"properties":{"SELECTIE":7519,"LABEL":"7519-8354"}},{"id":67,"type":"Feature","geometry":{"type":"Polygon","coordinates":[[[4.9645769,52.3827684],[4.96495,52.3825452],[4.9652238,52.3822411],[4.9660135,52.3816898],[4.9659877,52.3816737],[4.9666071,52.3813352],[4.9667909,52.381966],[4.9663448,52.3818761],[4.9658555,52.383039],[4.96654,52.3831769],[4.9664049,52.3831988],[4.966111,52.3832026],[4.9658175,52.3831786],[4.9655242,52.3831326],[4.9652312,52.3830558],[4.9650104,52.3829788],[4.9645769,52.3827684]]]},"properties":{"SELECTIE":12532,"LABEL":"> 12532"}},{"id":68,"type":"Feature","geometry":{"type":"Polygon","coordinates":[[[4.9059879,52.4156916],[4.9061786,52.4153568],[4.9069023,52.4145367],[4.9071105,52.4145748],[4.9076692,52.4147567],[4.9080198,52.4149379],[4.9081351,52.4150153],[4.9072989,52.4158151],[4.9072429,52.4159928],[4.9064583,52.4158305],[4.9059879,52.4156916]]]},"properties":{"SELECTIE":12532,"LABEL":"> 12532"}},{"id":69,"type":"Feature","geometry":{"type":"Polygon","coordinates":[[[4.8459929,52.3869898],[4.8458752,52.3868271],[4.8457495,52.3867115],[4.845506,52.3866328],[4.8453958,52.386402],[4.8453743,52.3862408],[4.8468961,52.3863887],[4.8471447,52.3864445],[4.847383,52.3865665],[4.8473609,52.3871757],[4.8465051,52.3871719],[4.8462135,52.3869908],[4.8459929,52.3869898]]]},"properties":{"SELECTIE":12532,"LABEL":"> 12532"}},{"id":70,"type":"Feature","geometry":{"type":"Polygon","coordinates":[[[4.8941368,52.3373547],[4.8971907,52.3372503],[4.8973056,52.3382115],[4.8990459,52.3381348],[4.9008109,52.3374793],[4.9008034,52.3381546],[4.9010948,52.3383355],[4.9012908,52.3383363],[4.9013374,52.3390653],[4.9014779,52.3402595],[4.8981091,52.3404256],[4.8984317,52.3399405],[4.898858,52.3394049],[4.898942,52.3392255],[4.8989608,52.3390458],[4.898913,52.3388658],[4.898744,52.3386385],[4.8984524,52.3384602],[4.8981599,52.338363],[4.897867,52.3383233],[4.8975737,52.3383088],[4.8972802,52.3383153],[4.896399,52.3383834],[4.8961058,52.3383715],[4.8957633,52.3383135],[4.8952842,52.3381318],[4.8949757,52.3379508],[4.8943549,52.3374749],[4.8941368,52.3373547]]]},"properties":{"SELECTIE":10025,"LABEL":"10025-12532"}},{"id":71,"type":"Feature","geometry":{"type":"Polygon","coordinates":[[[4.8973936,52.3420951],[4.8972377,52.3421804],[4.8969436,52.3422283],[4.8966508,52.3421747],[4.8964803,52.3420914],[4.8963595,52.3419654],[4.896324,52.3419109],[4.8963491,52.3417313],[4.8966578,52.3415381],[4.896952,52.3414662],[4.8975338,52.3413761],[4.8977658,52.3411979],[4.8978368,52.3410694],[4.8979694,52.3407235],[4.9019191,52.3405334],[4.9020923,52.3406764],[4.9025337,52.3409443],[4.9028258,52.3410771],[4.9031184,52.3411619],[4.9034047,52.3412223],[4.9036551,52.3414017],[4.903437,52.3415807],[4.9031128,52.3416846],[4.9028186,52.3417342],[4.9027658,52.3417385],[4.9026464,52.3417572],[4.9022312,52.3417828],[4.9016443,52.3417768],[4.9007645,52.3417229],[4.8998832,52.3417974],[4.8995897,52.3417913],[4.8984173,52.341654],[4.8981238,52.3416466],[4.8978293,52.3417456],[4.8973936,52.3420951]]]},"properties":{"SELECTIE":10025,"LABEL":"10025-12532"}},{"id":72,"type":"Feature","geometry":{"type":"Polygon","coordinates":[[[4.7856928,52.3649492],[4.7851108,52.3650135],[4.784817,52.3650237],[4.7845238,52.3650032],[4.784231,52.3649363],[4.7838811,52.3647606],[4.7837451,52.3645802],[4.7836932,52.3644002],[4.7837433,52.3642206],[4.7840608,52.3638627],[4.7842679,52.3635027],[4.7855251,52.3643488],[4.7860955,52.363212],[4.787139,52.3634544],[4.786805,52.3641523],[4.7874573,52.3647203],[4.7871705,52.364697],[4.7868766,52.3647156],[4.7856928,52.3649492]]]},"properties":{"SELECTIE":6683,"LABEL":"6683-7519"}},{"id":73,"type":"Feature","geometry":{"type":"Polygon","coordinates":[[[5.0410625,52.3020282],[5.040769,52.302063],[5.0404759,52.3020347],[5.0402715,52.301975],[5.0401835,52.3019357],[5.0399872,52.3017944],[5.0399204,52.3016144],[5.040187,52.3014764],[5.0404803,52.3014652],[5.041066,52.301565],[5.041359,52.3015956],[5.0415436,52.3014394],[5.0416439,52.30126],[5.0419296,52.3009014],[5.0420111,52.3007217],[5.0421178,52.3003625],[5.0422497,52.3001516],[5.042455,52.300004],[5.0425444,52.2999669],[5.0428382,52.2999095],[5.0431311,52.2999325],[5.0433143,52.3000065],[5.0434763,52.3001867],[5.0434695,52.3003665],[5.0433461,52.3005459],[5.0431823,52.3007252],[5.0431112,52.3009047],[5.0431352,52.3010845],[5.0431948,52.3012645],[5.0432883,52.3014444],[5.0433161,52.3016243],[5.043117,52.3017573],[5.0428233,52.3018197],[5.0425301,52.3018287],[5.0422629,52.301801],[5.0416514,52.3016939],[5.0413568,52.3018712],[5.0412456,52.3019777],[5.0410625,52.3020282]]]},"properties":{"SELECTIE":4177,"LABEL":"4177-5013"}},{"id":74,"type":"Feature","geometry":{"type":"Polygon","coordinates":[[[4.8754001,52.3729588],[4.875422,52.3729199],[4.8757568,52.3726392],[4.8759774,52.3723712],[4.8796829,52.3732783],[4.8798599,52.3733716],[4.8801526,52.3734598],[4.8812133,52.3736579],[4.8813244,52.373723],[4.88149,52.3738446],[4.8812237,52.3743828],[4.8808912,52.3745611],[4.8804322,52.3746916],[4.8801381,52.3747275],[4.8798446,52.3747076],[4.8795519,52.3746353],[4.8793758,52.3745546],[4.8792599,52.3744753],[4.8791328,52.3743738],[4.8789643,52.3741949],[4.8786808,52.3737499],[4.8785396,52.3736523],[4.8783889,52.3735999],[4.8780954,52.3735705],[4.8775081,52.3735681],[4.8769201,52.3736195],[4.8766268,52.3735927],[4.8760404,52.3734947],[4.875887,52.3734612],[4.8756187,52.3733598],[4.875583,52.3731251],[4.8754001,52.3729588]]]},"properties":{"SELECTIE":8354,"LABEL":"8354-10025"}},{"id":75,"type":"Feature","geometry":{"type":"Polygon","coordinates":[[[4.8761478,52.3721559],[4.8763523,52.3719278],[4.8766476,52.3717792],[4.8769417,52.3717369],[4.8775295,52.3717005],[4.8776292,52.3716712],[4.8778246,52.3715756],[4.8781307,52.3713137],[4.8784163,52.3711907],[4.8787105,52.3711614],[4.8790038,52.3711929],[4.8792963,52.3712812],[4.8795881,52.3714558],[4.8797691,52.3716802],[4.8798047,52.3718602],[4.8797519,52.3720397],[4.8794376,52.3723979],[4.87935,52.3725772],[4.8793386,52.372757],[4.879399,52.3729669],[4.8761478,52.3721559]]]},"properties":{"SELECTIE":8354,"LABEL":"8354-10025"}},{"id":76,"type":"Feature","geometry":{"type":"Polygon","coordinates":[[[4.8550746,52.3740887],[4.8548872,52.3741315],[4.8548127,52.3740876],[4.854721,52.3739074],[4.8547154,52.3737276],[4.8547885,52.3735482],[4.8548956,52.3734213],[4.8551884,52.3735082],[4.8552907,52.3737302],[4.8552723,52.3739098],[4.8551819,52.3740489],[4.8550746,52.3740887]]]},"properties":{"SELECTIE":10025,"LABEL":"10025-12532"}},{"id":77,"type":"Feature","geometry":{"type":"Polygon","coordinates":[[[5.027591,52.3111779],[5.027609,52.3103553],[5.0300018,52.3103472],[5.0299926,52.3103929],[5.0298297,52.3105721],[5.0295511,52.3107499],[5.0292625,52.3108785],[5.0289685,52.310985],[5.0286745,52.3110765],[5.0280869,52.3112078],[5.0277933,52.3112457],[5.027591,52.3111779]]]},"properties":{"SELECTIE":3342,"LABEL":"3342-4177"}},{"id":78,"type":"Feature","geometry":{"type":"Polygon","coordinates":[[[5.0300207,52.3101918],[5.0290824,52.3101933],[5.0290668,52.3087706],[5.0293176,52.3091325],[5.0296087,52.3094929],[5.0299597,52.3100332],[5.0300207,52.3101918]]]},"properties":{"SELECTIE":3342,"LABEL":"3342-4177"}},{"id":79,"type":"Feature","geometry":{"type":"Polygon","coordinates":[[[4.8831851,52.3733716],[4.8833851,52.3732871],[4.8836795,52.3732317],[4.8839731,52.3732309],[4.884267,52.3733159],[4.8843641,52.3734973],[4.8842993,52.3736769],[4.8841296,52.3738558],[4.8840359,52.3739181],[4.883235,52.3739387],[4.8831851,52.3733716]]]},"properties":{"SELECTIE":8354,"LABEL":"8354-10025"}},{"id":80,"type":"Feature","geometry":{"type":"Polygon","coordinates":[[[4.848354,52.3733691],[4.8481406,52.3734299],[4.847847,52.3734287],[4.8475549,52.3732841],[4.8474551,52.3731555],[4.8473825,52.3729755],[4.8473625,52.3727956],[4.8473771,52.3726159],[4.8474059,52.3725607],[4.8486191,52.3727654],[4.8486465,52.3728509],[4.848354,52.3733691]]]},"properties":{"SELECTIE":10025,"LABEL":"10025-12532"}},{"id":81,"type":"Feature","geometry":{"type":"Polygon","coordinates":[[[4.8474657,52.372446],[4.8475665,52.3723357],[4.8478611,52.3722705],[4.8481539,52.3723351],[4.8484455,52.3725094],[4.8485452,52.3726221],[4.8474657,52.372446]]]},"properties":{"SELECTIE":10025,"LABEL":"10025-12532"}},{"id":82,"type":"Feature","geometry":{"type":"Polygon","coordinates":[[[4.8690985,52.3727127],[4.8691097,52.3725331],[4.869298,52.3724318],[4.869614,52.3723684],[4.8705574,52.3725577],[4.8706823,52.3727196],[4.8707102,52.3728995],[4.8706533,52.373079],[4.8704634,52.3732439],[4.8704102,52.3732577],[4.8701692,52.3732901],[4.8698632,52.373256],[4.8695833,52.3731553],[4.8694297,52.3730737],[4.8692186,52.372893],[4.8690985,52.3727127]]]},"properties":{"SELECTIE":10025,"LABEL":"10025-12532"}},{"id":83,"type":"Feature","geometry":{"type":"Polygon","coordinates":[[[4.8157156,52.3722608],[4.8171792,52.3721087],[4.8172888,52.3721344],[4.8175451,52.3724971],[4.8179198,52.3734578],[4.8177497,52.373556],[4.8175946,52.3736028],[4.8173,52.3736705],[4.817006,52.3736883],[4.8167131,52.3736337],[4.8165245,52.3735501],[4.8164213,52.3734865],[4.816292,52.3733693],[4.8161308,52.373189],[4.8157156,52.3722608]]]},"properties":{"SELECTIE":7519,"LABEL":"7519-8354"}},{"id":84,"type":"Feature","geometry":{"type":"Polygon","coordinates":[[[4.8938689,52.3548472],[4.8935761,52.3547683],[4.8934369,52.3546614],[4.8933336,52.3544813],[4.8933516,52.3543015],[4.893463,52.3541223],[4.893585,52.3539738],[4.8938808,52.3537749],[4.8941972,52.3537496],[4.8936845,52.3545054],[4.8945746,52.3547028],[4.894457,52.3547636],[4.8941625,52.3548406],[4.8938689,52.3548472]]]},"properties":{"SELECTIE":8354,"LABEL":"8354-10025"}},{"id":85,"type":"Feature","geometry":{"type":"Polygon","coordinates":[[[4.8222671,52.3734961],[4.8211203,52.3734862],[4.820827,52.373453],[4.8205345,52.3733617],[4.8203579,52.373209],[4.8203051,52.3730289],[4.8203453,52.3728495],[4.8205424,52.3724909],[4.8206652,52.3721298],[4.8215502,52.3719923],[4.8222671,52.3734961]]]},"properties":{"SELECTIE":7519,"LABEL":"7519-8354"}},{"id":86,"type":"Feature","geometry":{"type":"Polygon","coordinates":[[[4.807933,52.3731989],[4.8077387,52.3724916],[4.8078078,52.37245],[4.8092917,52.3723018],[4.8093145,52.3724367],[4.8094473,52.3727969],[4.8094556,52.3729767],[4.8093776,52.3731581],[4.8090812,52.3733135],[4.8087872,52.3733418],[4.8084937,52.3733169],[4.807933,52.3731989]]]},"properties":{"SELECTIE":7519,"LABEL":"7519-8354"}},{"id":87,"type":"Feature","geometry":{"type":"Polygon","coordinates":[[[4.8317062,52.3718104],[4.8314202,52.3711338],[4.831541,52.3708473],[4.8323137,52.3708296],[4.8326075,52.3708318],[4.8329009,52.3708537],[4.8332655,52.3709332],[4.8334646,52.3711139],[4.8334016,52.3712933],[4.8331834,52.371471],[4.8328078,52.37165],[4.8325966,52.371707],[4.8323022,52.3717617],[4.8320081,52.3717966],[4.8317062,52.3718104]]]},"properties":{"SELECTIE":7519,"LABEL":"7519-8354"}},{"id":88,"type":"Feature","geometry":{"type":"Polygon","coordinates":[[[4.8290933,52.3718513],[4.830255,52.3709602],[4.830626,52.3709535],[4.8310768,52.3711405],[4.8313223,52.3717994],[4.831127,52.3717999],[4.8308329,52.3718334],[4.8305386,52.3718887],[4.8299491,52.3720522],[4.8296549,52.3720972],[4.8293618,52.372036],[4.8290933,52.3718513]]]},"properties":{"SELECTIE":7519,"LABEL":"7519-8354"}},{"id":89,"type":"Feature","geometry":{"type":"Polygon","coordinates":[[[4.8644175,52.3651456],[4.8639697,52.3644216],[4.8638997,52.3642416],[4.8638823,52.3640616],[4.8639028,52.3638821],[4.8639765,52.3637027],[4.8641161,52.3635564],[4.8644111,52.3634549],[4.8647047,52.3634478],[4.864998,52.3634858],[4.8652907,52.363553],[4.8655833,52.3636392],[4.8664603,52.3639708],[4.866753,52.364051],[4.8670459,52.3641096],[4.8673393,52.364142],[4.8677642,52.3641358],[4.8699595,52.3646619],[4.8711469,52.3650265],[4.8709897,52.3651713],[4.8708498,52.3652531],[4.8699645,52.3656316],[4.8689849,52.3662608],[4.8675723,52.365885],[4.8661994,52.3655633],[4.8661126,52.3655095],[4.865856,52.3654334],[4.8655344,52.3654073],[4.8644175,52.3651456]]]},"properties":{"SELECTIE":8354,"LABEL":"8354-10025"}},{"id":90,"type":"Feature","geometry":{"type":"Polygon","coordinates":[[[4.86877,52.3663974],[4.8684854,52.3665597],[4.8681902,52.366693],[4.8678955,52.3667821],[4.8676016,52.3668088],[4.8674145,52.3667735],[4.8673092,52.3666995],[4.8671581,52.3664129],[4.8670214,52.3662315],[4.8665152,52.3658107],[4.8676006,52.3660793],[4.86877,52.3663974]]]},"properties":{"SELECTIE":8354,"LABEL":"8354-10025"}},{"id":91,"type":"Feature","geometry":{"type":"Polygon","coordinates":[[[4.8684451,52.3640698],[4.8688086,52.3640427],[4.8691021,52.3640487],[4.8693954,52.3640754],[4.8699816,52.3641596],[4.8705079,52.3642706],[4.8710045,52.3644524],[4.8712052,52.364633],[4.8712445,52.3648242],[4.8689007,52.3641684],[4.8684451,52.3640698]]]},"properties":{"SELECTIE":8354,"LABEL":"8354-10025"}},{"id":92,"type":"Feature","geometry":{"type":"Polygon","coordinates":[[[4.9439108,52.3412188],[4.9436174,52.3412142],[4.9435332,52.3411981],[4.943325,52.3410976],[4.9432606,52.3410174],[4.9432709,52.3408376],[4.9433845,52.3406583],[4.9436115,52.3404794],[4.9439193,52.3403671],[4.9442132,52.3403179],[4.9445069,52.340313],[4.9447998,52.3403486],[4.9450924,52.3404443],[4.9451586,52.3404852],[4.9451928,52.340665],[4.9450537,52.3408443],[4.9447935,52.3409934],[4.9444989,52.3411045],[4.9442047,52.3411782],[4.9439108,52.3412188]]]},"properties":{"SELECTIE":7519,"LABEL":"7519-8354"}},{"id":93,"type":"Feature","geometry":{"type":"Polygon","coordinates":[[[4.8928258,52.3646708],[4.8925665,52.3639735],[4.8933418,52.3638652],[4.8934473,52.3640086],[4.8934387,52.3641883],[4.8933186,52.3643675],[4.8931745,52.364502],[4.8928789,52.3646724],[4.8928258,52.3646708]]]},"properties":{"SELECTIE":8354,"LABEL":"8354-10025"}},{"id":94,"type":"Feature","geometry":{"type":"Polygon","coordinates":[[[4.9935887,52.2961199],[4.9897594,52.2960938],[4.989738,52.2947429],[4.9935582,52.2947643],[4.9939173,52.2949059],[4.9945019,52.2951002],[4.9948614,52.2951825],[4.995517,52.2953644],[4.9956616,52.2955031],[4.9956601,52.2955622],[4.9952494,52.2957231],[4.9944953,52.2958407],[4.9939076,52.2959938],[4.9935887,52.2961199]]]},"properties":{"SELECTIE":4177,"LABEL":"4177-5013"}},{"id":95,"type":"Feature","geometry":{"type":"Polygon","coordinates":[[[4.9897292,52.2969878],[4.9897339,52.2964554],[4.992923,52.296475],[4.9924916,52.2967925],[4.9922104,52.2969712],[4.9918454,52.297104],[4.9915414,52.2971487],[4.9912587,52.2971605],[4.9909655,52.2971539],[4.9903797,52.2970996],[4.9900868,52.2970601],[4.9897292,52.2969878]]]},"properties":{"SELECTIE":4177,"LABEL":"4177-5013"}},{"id":96,"type":"Feature","geometry":{"type":"Polygon","coordinates":[[[4.8887967,52.3621189],[4.8885028,52.3621463],[4.8882095,52.3621149],[4.8873303,52.3619645],[4.8870375,52.3618865],[4.886914,52.3618242],[4.8867418,52.3616438],[4.8867283,52.3614639],[4.8868327,52.3612846],[4.8870458,52.3611738],[4.88734,52.3611054],[4.8876335,52.3611183],[4.8879266,52.3611735],[4.8883115,52.3612908],[4.8886839,52.3614721],[4.8889989,52.3616533],[4.8891501,52.3618336],[4.8890533,52.362013],[4.8887967,52.3621189]]]},"properties":{"SELECTIE":8354,"LABEL":"8354-10025"}},{"id":97,"type":"Feature","geometry":{"type":"Polygon","coordinates":[[[4.8952508,52.3615814],[4.8952641,52.3614019],[4.895562,52.3610218],[4.8956854,52.3611419],[4.895785,52.3613219],[4.8957845,52.3615075],[4.8952508,52.3615814]]]},"properties":{"SELECTIE":8354,"LABEL":"8354-10025"}},{"id":98,"type":"Feature","geometry":{"type":"Polygon","coordinates":[[[4.8665615,52.3602987],[4.8666194,52.3601192],[4.8669002,52.3595811],[4.8669921,52.3593506],[4.8688246,52.3598053],[4.8688619,52.3606683],[4.8688416,52.3608479],[4.8687604,52.3609497],[4.8665815,52.3604385],[4.8665615,52.3602987]]]},"properties":{"SELECTIE":8354,"LABEL":"8354-10025"}},{"id":99,"type":"Feature","geometry":{"type":"Polygon","coordinates":[[[4.8685339,52.3610942],[4.8682552,52.3611282],[4.8679617,52.3611234],[4.8676684,52.3610975],[4.8673756,52.3610397],[4.8669306,52.3608395],[4.866731,52.3606757],[4.8685339,52.3610942]]]},"properties":{"SELECTIE":8354,"LABEL":"8354-10025"}},{"id":100,"type":"Feature","geometry":{"type":"Polygon","coordinates":[[[4.8894749,52.3742366],[4.8895425,52.3741877],[4.8898379,52.374042],[4.8901327,52.3739409],[4.8904272,52.3738648],[4.8906183,52.3738423],[4.8914388,52.37483],[4.8912415,52.3749643],[4.8910015,52.375028],[4.8907074,52.3750756],[4.8902314,52.3750934],[4.8897983,52.3746975],[4.8895217,52.3743434],[4.8894749,52.3742366]]]},"properties":{"SELECTIE":7519,"LABEL":"7519-8354"}},{"id":101,"type":"Feature","geometry":{"type":"Polygon","coordinates":[[[4.837177,52.3723894],[4.8371869,52.3722096],[4.8372905,52.3721015],[4.8374077,52.3720309],[4.8379654,52.3718538],[4.8390589,52.3715919],[4.8396487,52.3713893],[4.8397906,52.3713229],[4.8398818,52.3712962],[4.8399439,52.3712714],[4.8402385,52.3711914],[4.8405326,52.3711631],[4.8407259,52.3713273],[4.8407488,52.3715071],[4.8405919,52.3721088],[4.8373182,52.372635],[4.837252,52.3725695],[4.837177,52.3723894]]]},"properties":{"SELECTIE":8354,"LABEL":"8354-10025"}},{"id":102,"type":"Feature","geometry":{"type":"Polygon","coordinates":[[[4.8404113,52.3725513],[4.8402188,52.3727952],[4.8399227,52.3729944],[4.8396274,52.3731278],[4.8393327,52.3732125],[4.8390383,52.3732731],[4.8387443,52.37328],[4.8384514,52.3732299],[4.8381007,52.3731127],[4.8377664,52.3729566],[4.8384428,52.3728337],[4.8404113,52.3725513]]]},"properties":{"SELECTIE":8354,"LABEL":"8354-10025"}},{"id":103,"type":"Feature","geometry":{"type":"Polygon","coordinates":[[[4.8929533,52.37075],[4.8926579,52.3696745],[4.8928231,52.3696973],[4.8931156,52.3697985],[4.8933834,52.3699402],[4.8935699,52.3701206],[4.8936138,52.3703007],[4.8935458,52.3704802],[4.8934002,52.3706131],[4.8933169,52.3706589],[4.8931053,52.3707297],[4.8929533,52.37075]]]},"properties":{"SELECTIE":7519,"LABEL":"7519-8354"}},{"id":104,"type":"Feature","geometry":{"type":"Polygon","coordinates":[[[4.8924217,52.3707479],[4.8922243,52.3707174],[4.892011,52.3706535],[4.8917637,52.3704727],[4.8917118,52.3702927],[4.8917494,52.3701131],[4.8918597,52.3699339],[4.8920562,52.3697788],[4.8923744,52.3705517],[4.8924217,52.3707479]]]},"properties":{"SELECTIE":7519,"LABEL":"7519-8354"}},{"id":105,"type":"Feature","geometry":{"type":"Polygon","coordinates":[[[4.9634202,52.372229],[4.9638642,52.3723751],[4.9641565,52.3725138],[4.9644973,52.3727312],[4.9646664,52.3729116],[4.964738,52.3730916],[4.9646117,52.3732709],[4.9644423,52.373347],[4.9641484,52.3733634],[4.9638552,52.373318],[4.9635625,52.3732243],[4.9632447,52.3730863],[4.9629216,52.3729054],[4.9627097,52.3727423],[4.9627323,52.3724095],[4.9634202,52.372229]]]},"properties":{"SELECTIE":8354,"LABEL":"8354-10025"}},{"id":106,"type":"Feature","geometry":{"type":"Polygon","coordinates":[[[4.8857971,52.4134411],[4.8853408,52.4130508],[4.8871128,52.412228],[4.8879162,52.4119588],[4.8898308,52.411081],[4.8913893,52.4103194],[4.8914319,52.410357],[4.8916075,52.4107364],[4.8917765,52.4109168],[4.8919841,52.4110974],[4.8921199,52.4111861],[4.8915895,52.4114353],[4.892413,52.4120892],[4.8930773,52.4117903],[4.8933756,52.4119603],[4.8940095,52.41248],[4.8938592,52.4141459],[4.8938569,52.4143565],[4.8930323,52.4147125],[4.8934943,52.4150675],[4.8929608,52.4153022],[4.8920224,52.4152301],[4.8917288,52.4151853],[4.8912171,52.4150487],[4.8908521,52.414864],[4.8906204,52.4146867],[4.8904531,52.4145063],[4.8900521,52.4139654],[4.8898364,52.4137847],[4.8896878,52.4136966],[4.8893953,52.4135659],[4.8888094,52.4133871],[4.8885162,52.4133196],[4.8879293,52.4132263],[4.8876356,52.4132034],[4.8873417,52.4132045],[4.886753,52.4132778],[4.8861637,52.413399],[4.8857971,52.4134411]]]},"properties":{"SELECTIE":10025,"LABEL":"10025-12532"}},{"id":107,"type":"Feature","geometry":{"type":"Polygon","coordinates":[[[4.8845984,52.413274],[4.8844522,52.4132228],[4.8842776,52.4130423],[4.8843348,52.4128628],[4.8845019,52.4126837],[4.8850019,52.4123306],[4.8851492,52.4121472],[4.8851749,52.4119676],[4.8851124,52.4117875],[4.8849653,52.4116073],[4.8847712,52.4114454],[4.8903993,52.4087959],[4.8910417,52.4096555],[4.8912,52.4098965],[4.89133,52.4101426],[4.8855332,52.4128271],[4.8845984,52.413274]]]},"properties":{"SELECTIE":10025,"LABEL":"10025-12532"}},{"id":108,"type":"Feature","geometry":{"type":"Polygon","coordinates":[[[4.7978386,52.3540455],[4.7975882,52.3541148],[4.7972938,52.354172],[4.797,52.3541935],[4.7967067,52.3541709],[4.7964142,52.3540909],[4.7962972,52.3540378],[4.796123,52.3539073],[4.7960728,52.353857],[4.7960701,52.3536772],[4.7961267,52.3536294],[4.796383,52.3534991],[4.7967164,52.3534424],[4.7973038,52.3534282],[4.7975971,52.3534417],[4.7978901,52.3534814],[4.7979877,52.3535069],[4.798251,52.3536881],[4.7981784,52.353871],[4.7978386,52.3540455]]]},"properties":{"SELECTIE":5848,"LABEL":"5848-6683"}},{"id":109,"type":"Feature","geometry":{"type":"Polygon","coordinates":[[[4.9233334,52.3726358],[4.9230395,52.372661],[4.9227461,52.3726369],[4.9224562,52.3725719],[4.9220133,52.3723926],[4.9217895,52.372212],[4.9217112,52.3720319],[4.9217186,52.3718521],[4.9217915,52.3716727],[4.9219089,52.3714934],[4.9220834,52.3713143],[4.9223673,52.3711357],[4.9227635,52.3709806],[4.922939,52.3709393],[4.9243311,52.3718824],[4.9242203,52.3720819],[4.9239235,52.372384],[4.923628,52.372549],[4.9233334,52.3726358]]]},"properties":{"SELECTIE":7519,"LABEL":"7519-8354"}},{"id":110,"type":"Feature","geometry":{"type":"Polygon","coordinates":[[[4.942041,52.3718168],[4.9421397,52.3715821],[4.942302,52.3713918],[4.9424378,52.3711366],[4.9425161,52.3710332],[4.9427349,52.370802],[4.9429609,52.3707044],[4.9440897,52.3708314],[4.9444952,52.3709719],[4.9447876,52.3711075],[4.9449267,52.3712218],[4.9450293,52.3714021],[4.9450554,52.3715818],[4.9450027,52.3717614],[4.9448925,52.3719408],[4.9446968,52.3721139],[4.942041,52.3718168]]]},"properties":{"SELECTIE":8354,"LABEL":"8354-10025"}},{"id":111,"type":"Feature","geometry":{"type":"Polygon","coordinates":[[[4.8800261,52.4143268],[4.8801248,52.4142829],[4.8808642,52.4141151],[4.8811586,52.4140838],[4.8814526,52.4140819],[4.881746,52.4141264],[4.8819905,52.4142909],[4.882022,52.4143862],[4.8814399,52.4146498],[4.8808158,52.4148242],[4.8806135,52.4147923],[4.8800261,52.4143268]]]},"properties":{"SELECTIE":10025,"LABEL":"10025-12532"}},{"id":112,"type":"Feature","geometry":{"type":"Polygon","coordinates":[[[4.8811419,52.4149827],[4.8820177,52.4145578],[4.8819827,52.4146503],[4.8817565,52.4148292],[4.8814429,52.4149346],[4.8811419,52.4149827]]]},"properties":{"SELECTIE":10025,"LABEL":"10025-12532"}},{"id":113,"type":"Feature","geometry":{"type":"Polygon","coordinates":[[[4.8803854,52.4149077],[4.8800829,52.414822],[4.8797696,52.4146409],[4.879733,52.414461],[4.8798059,52.4144275],[4.8803854,52.4149077]]]},"properties":{"SELECTIE":10025,"LABEL":"10025-12532"}},{"id":114,"type":"Feature","geometry":{"type":"Polygon","coordinates":[[[4.7959477,52.3824371],[4.7959506,52.3822574],[4.7960398,52.3820712],[4.7962004,52.3818991],[4.7963397,52.3818032],[4.796493,52.3817575],[4.7970781,52.3817676],[4.7975136,52.3818759],[4.7977335,52.3819454],[4.7977202,52.3823391],[4.7978884,52.3823852],[4.7988555,52.3824022],[4.7992862,52.3826334],[4.7995576,52.3828033],[4.7998057,52.3829955],[4.8001578,52.3833568],[4.8005476,52.3838053],[4.7995166,52.3837885],[4.7995256,52.3839048],[4.7994302,52.3839366],[4.798458,52.3840029],[4.7970668,52.3839936],[4.7969927,52.3835208],[4.7969445,52.3833408],[4.7968615,52.3831607],[4.7967024,52.3829801],[4.7966185,52.3829157],[4.7960989,52.3826176],[4.7959477,52.3824371]]]},"properties":{"SELECTIE":6683,"LABEL":"6683-7519"}},{"id":115,"type":"Feature","geometry":{"type":"Polygon","coordinates":[[[4.8033708,52.3838328],[4.803567,52.3835533],[4.8036616,52.3834542],[4.8037508,52.3833745],[4.804064,52.3831962],[4.8042534,52.3831266],[4.8045481,52.3830581],[4.8048422,52.3830349],[4.8051358,52.3830458],[4.8054285,52.383125],[4.8055397,52.3832035],[4.805704,52.3833841],[4.8057962,52.383744],[4.8058139,52.3840995],[4.8055299,52.3840959],[4.8047916,52.3840341],[4.8046128,52.3839945],[4.8045727,52.3838328],[4.8033708,52.3838328]]]},"properties":{"SELECTIE":6683,"LABEL":"6683-7519"}},{"id":116,"type":"Feature","geometry":{"type":"Polygon","coordinates":[[[4.7986569,52.3823097],[4.7983187,52.3823051],[4.7980166,52.3822631],[4.7979122,52.3821851],[4.7979212,52.3820114],[4.7986569,52.3823097]]]},"properties":{"SELECTIE":6683,"LABEL":"6683-7519"}},{"id":117,"type":"Feature","geometry":{"type":"Polygon","coordinates":[[[4.8327525,52.3844165],[4.8327319,52.3844023],[4.8326859,52.3842322],[4.8327393,52.3836931],[4.8327072,52.3831537],[4.8327205,52.3829741],[4.8327689,52.3827945],[4.8330477,52.3826324],[4.8333412,52.3826455],[4.8336334,52.3827779],[4.8342154,52.3832195],[4.8345378,52.3835217],[4.8346509,52.383702],[4.8346941,52.3838819],[4.8346221,52.3840614],[4.8344975,52.3841643],[4.8342019,52.3843025],[4.833907,52.3844007],[4.8337499,52.3844318],[4.8327525,52.3844165]]]},"properties":{"SELECTIE":5848,"LABEL":"5848-6683"}},{"id":118,"type":"Feature","geometry":{"type":"Polygon","coordinates":[[[4.8425173,52.3812219],[4.8425436,52.3810423],[4.8426442,52.3808629],[4.8428273,52.380684],[4.8430936,52.3805055],[4.8433567,52.3803777],[4.8436516,52.3802749],[4.843946,52.3802217],[4.8442397,52.3802217],[4.844306,52.3802346],[4.8443706,52.3807627],[4.8442335,52.3807248],[4.8439397,52.3807436],[4.8436445,52.3808596],[4.8434632,52.3810465],[4.8434073,52.3812259],[4.8434452,52.3814059],[4.843574,52.3815862],[4.843635,52.381639],[4.8439269,52.3817927],[4.8442202,52.3818262],[4.8443505,52.3817932],[4.8442428,52.3823744],[4.8439195,52.3823914],[4.8436264,52.3823341],[4.8433342,52.3822122],[4.8431838,52.3821237],[4.8429454,52.3819428],[4.8426368,52.3815818],[4.8425492,52.3814018],[4.8425173,52.3812219]]]},"properties":{"SELECTIE":6683,"LABEL":"6683-7519"}},{"id":119,"type":"Feature","geometry":{"type":"Polygon","coordinates":[[[4.8452271,52.3818492],[4.8451849,52.3818481],[4.845207,52.3807115],[4.8453286,52.3808753],[4.8454099,52.3810553],[4.8454481,52.3812352],[4.8454415,52.3814151],[4.8453902,52.3815945],[4.8452924,52.3817738],[4.8452271,52.3818492]]]},"properties":{"SELECTIE":6683,"LABEL":"6683-7519"}},{"id":120,"type":"Feature","geometry":{"type":"Polygon","coordinates":[[[4.9384641,52.3742875],[4.9384273,52.3742532],[4.9383682,52.3740733],[4.9384561,52.3738939],[4.9385933,52.3737898],[4.9387312,52.3737152],[4.9388682,52.3736683],[4.9393732,52.3737167],[4.9394747,52.3737641],[4.9395899,52.3738981],[4.939649,52.3740808],[4.9384641,52.3742875]]]},"properties":{"SELECTIE":5848,"LABEL":"5848-6683"}},{"id":121,"type":"Feature","geometry":{"type":"Polygon","coordinates":[[[4.9996043,52.3573924],[4.9996442,52.3572129],[4.9998267,52.3570583],[4.9998554,52.3570461],[4.999871,52.3570338],[5.0004161,52.3568088],[5.0007113,52.3566076],[5.000792,52.356564],[5.0008937,52.3564979],[5.0010063,52.3564481],[5.0013005,52.3563837],[5.0015939,52.3564029],[5.0018418,52.3565009],[5.0021128,52.356742],[5.0000869,52.3578295],[4.9997254,52.3575726],[4.9996043,52.3573924]]]},"properties":{"SELECTIE":7519,"LABEL":"7519-8354"}},{"id":122,"type":"Feature","geometry":{"type":"Polygon","coordinates":[[[4.9914455,52.358444],[4.9913001,52.3584808],[4.9910514,52.3584427],[4.9910071,52.3584188],[4.9909569,52.3582627],[4.9910103,52.3580667],[4.9913051,52.357926],[4.9916029,52.3580851],[4.9916405,52.358265],[4.991595,52.3583398],[4.9914455,52.358444]]]},"properties":{"SELECTIE":7519,"LABEL":"7519-8354"}},{"id":123,"type":"Feature","geometry":{"type":"Polygon","coordinates":[[[4.9909524,52.3570044],[4.991021,52.3568611],[4.9910583,52.356825],[4.9913158,52.356729],[4.9916092,52.3567486],[4.9917505,52.3568273],[4.9917778,52.3568733],[4.9910419,52.3572651],[4.9909836,52.3571842],[4.9909524,52.3570044]]]},"properties":{"SELECTIE":7519,"LABEL":"7519-8354"}},{"id":124,"type":"Feature","geometry":{"type":"Polygon","coordinates":[[[4.885221,52.3883758],[4.8858791,52.388276],[4.889893,52.3885062],[4.8900736,52.3884488],[4.8903271,52.3884628],[4.8903759,52.3888121],[4.8911239,52.3889247],[4.8908448,52.3890773],[4.8901581,52.3895197],[4.8896716,52.3897972],[4.8868869,52.3901648],[4.8865977,52.3898642],[4.8863888,52.3896836],[4.885848,52.3892729],[4.8855575,52.3889941],[4.885221,52.3883758]]]},"properties":{"SELECTIE":10025,"LABEL":"10025-12532"}},{"id":125,"type":"Feature","geometry":{"type":"Polygon","coordinates":[[[4.8916632,52.3869673],[4.8917499,52.3869463],[4.8920438,52.3869295],[4.8925297,52.3869684],[4.8921196,52.3878946],[4.892001,52.3881075],[4.8918004,52.3880937],[4.8916632,52.3869673]]]},"properties":{"SELECTIE":10025,"LABEL":"10025-12532"}},{"id":126,"type":"Feature","geometry":{"type":"Polygon","coordinates":[[[4.89034,52.3882622],[4.8901702,52.3883132],[4.8863577,52.3880127],[4.8862733,52.3879929],[4.8861377,52.3878437],[4.8859985,52.387054],[4.8863579,52.3870555],[4.8863375,52.3869844],[4.8867215,52.3869934],[4.8866805,52.3873481],[4.8867,52.3875278],[4.8867485,52.387585],[4.8870412,52.3876642],[4.8873355,52.3876379],[4.8876298,52.3875868],[4.8879245,52.3875009],[4.8882189,52.3874559],[4.8885113,52.3875632],[4.888991,52.387897],[4.8893868,52.388087],[4.8896797,52.3881728],[4.8899729,52.3882188],[4.8902666,52.3882309],[4.8903332,52.3882217],[4.89034,52.3882622]]]},"properties":{"SELECTIE":10025,"LABEL":"10025-12532"}},{"id":127,"type":"Feature","geometry":{"type":"Polygon","coordinates":[[[4.8840913,52.3869978],[4.8842105,52.3867984],[4.8844087,52.386663],[4.8847035,52.3865587],[4.8849979,52.3864995],[4.8852921,52.3864683],[4.8855859,52.3864679],[4.8857109,52.386485],[4.8857748,52.3872084],[4.8859772,52.3880176],[4.8850313,52.3881712],[4.8849006,52.3880595],[4.884552,52.3878191],[4.8840913,52.3869978]]]},"properties":{"SELECTIE":10025,"LABEL":"10025-12532"}},{"id":128,"type":"Feature","geometry":{"type":"Polygon","coordinates":[[[4.8869633,52.3902413],[4.8894846,52.3899096],[4.8890697,52.3901676],[4.8886376,52.3903929],[4.8874597,52.3905463],[4.8873033,52.3904907],[4.8869633,52.3902413]]]},"properties":{"SELECTIE":10025,"LABEL":"10025-12532"}},{"id":129,"type":"Feature","geometry":{"type":"Polygon","coordinates":[[[4.7960821,52.3736308],[4.7960614,52.3739893],[4.7959931,52.3741687],[4.7958511,52.3743476],[4.7955746,52.3745262],[4.7952603,52.3746168],[4.7949661,52.3746617],[4.7946721,52.3746815],[4.7943785,52.374677],[4.7940852,52.3746467],[4.7937921,52.3745932],[4.793485,52.3745157],[4.7928214,52.3742243],[4.7930292,52.3739441],[4.7933572,52.373894],[4.7960821,52.3736308]]]},"properties":{"SELECTIE":6683,"LABEL":"6683-7519"}},{"id":130,"type":"Feature","geometry":{"type":"Polygon","coordinates":[[[4.879609,52.3873377],[4.8796421,52.3874979],[4.8796182,52.3876775],[4.8795013,52.3878569],[4.8794,52.3879277],[4.8791803,52.3880352],[4.87881,52.3881268],[4.878516,52.3881489],[4.8782223,52.388136],[4.8779292,52.3880894],[4.8777018,52.3880216],[4.879609,52.3873377]]]},"properties":{"SELECTIE":10025,"LABEL":"10025-12532"}},{"id":131,"type":"Feature","geometry":{"type":"Polygon","coordinates":[[[4.786349,52.3483713],[4.7862699,52.3482354],[4.7863011,52.3480558],[4.7865161,52.3479268],[4.7868099,52.3479184],[4.7871019,52.3480267],[4.7871471,52.3480601],[4.787276,52.3482405],[4.7872233,52.3484199],[4.7870953,52.3485151],[4.7868685,52.3485812],[4.7866837,52.3484708],[4.786349,52.3483713]]]},"properties":{"SELECTIE":5848,"LABEL":"5848-6683"}},{"id":132,"type":"Feature","geometry":{"type":"Polygon","coordinates":[[[4.8678905,52.3822941],[4.8679523,52.3821183],[4.8678154,52.3820078],[4.8683429,52.3805989],[4.8682901,52.3804042],[4.8685925,52.3795806],[4.8689205,52.3796245],[4.8695075,52.3796622],[4.8698008,52.3796986],[4.8700936,52.3797768],[4.8712636,52.3802011],[4.8721668,52.3806351],[4.8724326,52.3807249],[4.8727257,52.3807803],[4.8733121,52.3808589],[4.873605,52.3809364],[4.8738972,52.3810676],[4.8740633,52.3811826],[4.8742548,52.3813632],[4.8743924,52.3815436],[4.8746022,52.3819039],[4.8746694,52.382084],[4.8747061,52.3822639],[4.8747597,52.382694],[4.8748621,52.3831634],[4.8749014,52.3837027],[4.8749451,52.3838827],[4.8751541,52.3842431],[4.8753271,52.3844516],[4.8755476,52.3847841],[4.8756349,52.3849641],[4.8756912,52.3851441],[4.8757442,52.3854272],[4.8698847,52.3853383],[4.8699826,52.3847599],[4.8699454,52.3845801],[4.8697926,52.3843996],[4.8694563,52.3840663],[4.8693611,52.3838585],[4.8693642,52.3836788],[4.8694748,52.3833197],[4.8694858,52.3831401],[4.8694095,52.3829599],[4.8692316,52.3827795],[4.8689759,52.3825986],[4.8685941,52.3824241],[4.8683012,52.3823487],[4.8678905,52.3822941]]]},"properties":{"SELECTIE":10025,"LABEL":"10025-12532"}},{"id":133,"type":"Feature","geometry":{"type":"Polygon","coordinates":[[[4.8940914,52.3845268],[4.8948652,52.3835226],[4.8953745,52.3835839],[4.8958581,52.383586],[4.8960159,52.3836242],[4.8960237,52.3837104],[4.8959433,52.3838391],[4.8953375,52.3845469],[4.8947351,52.385393],[4.8943254,52.3850433],[4.8941903,52.3848629],[4.8941147,52.3846828],[4.8940914,52.3845268]]]},"properties":{"SELECTIE":10025,"LABEL":"10025-12532"}},{"id":134,"type":"Feature","geometry":{"type":"Polygon","coordinates":[[[4.8877254,52.3857347],[4.8876496,52.3858203],[4.8873555,52.3858479],[4.8870623,52.3857994],[4.8868885,52.3857311],[4.8868303,52.3855512],[4.887066,52.3854681],[4.8873598,52.3854605],[4.8876738,52.3855547],[4.8877254,52.3857347]]]},"properties":{"SELECTIE":10025,"LABEL":"10025-12532"}},{"id":135,"type":"Feature","geometry":{"type":"Polygon","coordinates":[[[4.8389583,52.361972],[4.8385903,52.3619672],[4.8382972,52.3619308],[4.8376667,52.3617862],[4.8374191,52.3617077],[4.8371267,52.3615997],[4.8368675,52.361423],[4.836776,52.3612429],[4.8367984,52.3610632],[4.8368813,52.3608838],[4.8371221,52.3605254],[4.8374383,52.3601561],[4.8377355,52.3598653],[4.838039,52.3596309],[4.8383274,52.3594768],[4.8386221,52.3594001],[4.8389152,52.3594322],[4.8389551,52.3594554],[4.8392062,52.3596498],[4.8394766,52.359997],[4.8396902,52.3601778],[4.839971,52.3603588],[4.8405966,52.3607213],[4.8407413,52.3609016],[4.8407742,52.3610816],[4.8407244,52.361261],[4.8405911,52.3614402],[4.8403493,52.3616189],[4.8400612,52.3617476],[4.8397662,52.3618418],[4.8394719,52.3619103],[4.8391777,52.3619574],[4.8389583,52.361972]]]},"properties":{"SELECTIE":8354,"LABEL":"8354-10025"}},{"id":136,"type":"Feature","geometry":{"type":"Polygon","coordinates":[[[4.8458337,52.3479258],[4.8461016,52.3479196],[4.8463949,52.3479444],[4.8466884,52.3479468],[4.8474417,52.3479128],[4.8485823,52.3490579],[4.848454,52.3492529],[4.8484003,52.3494324],[4.8484239,52.3496122],[4.8486072,52.3499727],[4.8487165,52.3505124],[4.8486419,52.3506918],[4.848413,52.3508704],[4.8481195,52.3509655],[4.8478256,52.3509895],[4.8475315,52.3510319],[4.847237,52.35111],[4.8469429,52.3511633],[4.8463548,52.3512371],[4.8460617,52.3511987],[4.8458023,52.3510907],[4.8458337,52.3479258]]]},"properties":{"SELECTIE":10025,"LABEL":"10025-12532"}},{"id":137,"type":"Feature","geometry":{"type":"Polygon","coordinates":[[[4.847651,52.3478907],[4.8478635,52.3478593],[4.8481579,52.3477866],[4.8490435,52.3473801],[4.8493383,52.3472634],[4.849633,52.3471739],[4.8499272,52.3471166],[4.8502206,52.3471279],[4.8505426,52.347284],[4.8506136,52.3474652],[4.8504988,52.3476444],[4.8500013,52.3480017],[4.849718,52.3481802],[4.8490296,52.3485184],[4.8488286,52.3487155],[4.8486611,52.3489441],[4.847651,52.3478907]]]},"properties":{"SELECTIE":10025,"LABEL":"10025-12532"}},{"id":138,"type":"Feature","geometry":{"type":"Polygon","coordinates":[[[4.8453521,52.3507876],[4.8449936,52.3504955],[4.8448328,52.350315],[4.8447304,52.3501348],[4.8446858,52.3499548],[4.8446934,52.349775],[4.8449234,52.3488773],[4.8449965,52.348698],[4.845199,52.3483393],[4.8454056,52.3481434],[4.8453521,52.3507876]]]},"properties":{"SELECTIE":10025,"LABEL":"10025-12532"}},{"id":139,"type":"Feature","geometry":{"type":"Polygon","coordinates":[[[4.8672145,52.3492454],[4.8674359,52.3486355],[4.8678131,52.3487059],[4.8681378,52.3488014],[4.8684942,52.3489827],[4.8686887,52.3491354],[4.8689806,52.349274],[4.8692741,52.3492787],[4.8695672,52.3493066],[4.8698601,52.3493622],[4.8701526,52.3494628],[4.8702622,52.3495297],[4.8703326,52.3495875],[4.8704438,52.3496644],[4.8704669,52.3496978],[4.8704823,52.3497104],[4.870601,52.3498907],[4.8706888,52.3500708],[4.8707477,52.3502508],[4.8707888,52.3506104],[4.87078,52.3507902],[4.8707228,52.3509145],[4.8706724,52.3509695],[4.8704272,52.3510842],[4.8701334,52.351106],[4.8698405,52.3510497],[4.8696172,52.3509649],[4.8695484,52.3509336],[4.8692572,52.3507282],[4.8691374,52.3506033],[4.8690342,52.350423],[4.8688735,52.3495236],[4.8687935,52.3493435],[4.8686875,52.3492399],[4.8683936,52.3492716],[4.8680999,52.3492748],[4.867513,52.3492678],[4.8672145,52.3492454]]]},"properties":{"SELECTIE":8354,"LABEL":"8354-10025"}},{"id":140,"type":"Feature","geometry":{"type":"Polygon","coordinates":[[[4.8563381,52.3510003],[4.8560438,52.351075],[4.855751,52.3510079],[4.8555737,52.3509028],[4.855502,52.3507228],[4.8555631,52.3505433],[4.8557605,52.3502191],[4.8560562,52.3500234],[4.8563477,52.350203],[4.8564555,52.3503675],[4.8565352,52.3505476],[4.8565417,52.3507274],[4.8564517,52.3509068],[4.8563381,52.3510003]]]},"properties":{"SELECTIE":8354,"LABEL":"8354-10025"}},{"id":141,"type":"Feature","geometry":{"type":"Polygon","coordinates":[[[4.9112687,52.3474201],[4.910974,52.3475313],[4.9106813,52.3474568],[4.9103998,52.347181],[4.9113539,52.3473136],[4.9113436,52.3473647],[4.9112687,52.3474201]]]},"properties":{"SELECTIE":7519,"LABEL":"7519-8354"}},{"id":142,"type":"Feature","geometry":{"type":"Polygon","coordinates":[[[4.9051868,52.4025804],[4.9053286,52.4025035],[4.9056816,52.4024651],[4.9060102,52.4022427],[4.9066005,52.4021579],[4.9063117,52.4025283],[4.9059663,52.4028845],[4.9058302,52.4029939],[4.9056764,52.4030867],[4.9056767,52.4030649],[4.9053847,52.402884],[4.9053867,52.4027043],[4.9051868,52.4025804]]]},"properties":{"SELECTIE":8354,"LABEL":"8354-10025"}},{"id":143,"type":"Feature","geometry":{"type":"Polygon","coordinates":[[[4.9046671,52.4035249],[4.9044927,52.4037695],[4.9035306,52.4034223],[4.9040306,52.4030411],[4.904467,52.4028581],[4.9045031,52.4028804],[4.9044972,52.4034197],[4.9046671,52.4035249]]]},"properties":{"SELECTIE":8354,"LABEL":"8354-10025"}},{"id":144,"type":"Feature","geometry":{"type":"Polygon","coordinates":[[[4.7903491,52.3466591],[4.7900562,52.3466089],[4.7898711,52.346456],[4.7897958,52.3462759],[4.7898773,52.3460965],[4.7900646,52.3459934],[4.7903575,52.3460268],[4.7905046,52.3460996],[4.7907134,52.3462805],[4.7907379,52.3464604],[4.7906439,52.3465599],[4.7903491,52.3466591]]]},"properties":{"SELECTIE":3342,"LABEL":"3342-4177"}},{"id":145,"type":"Feature","geometry":{"type":"Polygon","coordinates":[[[4.9048619,52.3931753],[4.9049033,52.3930937],[4.9050166,52.3929961],[4.9054933,52.3928696],[4.9057875,52.3928255],[4.9060815,52.392817],[4.906375,52.3928488],[4.906668,52.3929263],[4.9068256,52.3930036],[4.90696,52.3930767],[4.9072195,52.3933053],[4.9056211,52.3939152],[4.9052248,52.3937161],[4.9050087,52.3935354],[4.9048838,52.3933552],[4.9048619,52.3931753]]]},"properties":{"SELECTIE":7519,"LABEL":"7519-8354"}},{"id":146,"type":"Feature","geometry":{"type":"Polygon","coordinates":[[[4.8118358,52.3742074],[4.8118763,52.3740669],[4.8119808,52.3738877],[4.8123077,52.3736244],[4.8126033,52.3734888],[4.8128975,52.3734371],[4.8131906,52.3734932],[4.8132331,52.3735343],[4.8132928,52.3737143],[4.8132509,52.3738939],[4.8131417,52.374073],[4.8128859,52.3743467],[4.8125893,52.3745693],[4.8122939,52.3747029],[4.812143,52.3746845],[4.8120544,52.3743705],[4.811878,52.3742099],[4.8118358,52.3742074]]]},"properties":{"SELECTIE":5013,"LABEL":"5013-5848"}},{"id":147,"type":"Feature","geometry":{"type":"Polygon","coordinates":[[[4.8354345,52.3637532],[4.8355713,52.363574],[4.8368103,52.3634459],[4.8373979,52.3634195],[4.8376911,52.3634553],[4.8380372,52.3635855],[4.8380732,52.3637654],[4.8378864,52.36396],[4.8359717,52.3639412],[4.8354345,52.3637532]]]},"properties":{"SELECTIE":5848,"LABEL":"5848-6683"}},{"id":148,"type":"Feature","geometry":{"type":"Polygon","coordinates":[[[4.8407615,52.3502129],[4.8404981,52.3500893],[4.840298,52.3499347],[4.8401248,52.349754],[4.8400127,52.3495739],[4.8399398,52.3493937],[4.8399221,52.3491876],[4.8399971,52.3490345],[4.8402184,52.3489517],[4.8405116,52.3489799],[4.8408042,52.3490585],[4.8410961,52.349198],[4.8412851,52.3493999],[4.8413851,52.3495618],[4.8414055,52.34976],[4.8413803,52.3499591],[4.8412478,52.3501329],[4.8407625,52.3501407],[4.8407615,52.3502129]]]},"properties":{"SELECTIE":5848,"LABEL":"5848-6683"}},{"id":149,"type":"Feature","geometry":{"type":"Polygon","coordinates":[[[4.9873658,52.3622051],[4.9871233,52.362384],[4.98686,52.3625156],[4.9865655,52.3626186],[4.9862714,52.3626752],[4.9859776,52.3626822],[4.9856846,52.3626259],[4.9853924,52.3624769],[4.9852781,52.3623778],[4.9851017,52.3621552],[4.9849773,52.3618376],[4.9849518,52.3616577],[4.984956,52.361478],[4.9849907,52.3612983],[4.9851116,52.3610361],[4.9852533,52.3608945],[4.985794,52.361262],[4.9865661,52.3608561],[4.9868582,52.3609911],[4.9873426,52.3613322],[4.9874801,52.3614866],[4.9875712,52.3616666],[4.9875881,52.3618464],[4.987519,52.3620259],[4.9873658,52.3622051]]]},"properties":{"SELECTIE":8354,"LABEL":"8354-10025"}},{"id":150,"type":"Feature","geometry":{"type":"Polygon","coordinates":[[[4.7972608,52.3406756],[4.7990875,52.3406361],[4.7991668,52.3407757],[4.8002881,52.3407713],[4.8003982,52.3410507],[4.8005994,52.3410165],[4.8003772,52.3412955],[4.8001736,52.3414743],[4.7998604,52.3416525],[4.7995127,52.3417667],[4.7992188,52.3418063],[4.7989253,52.3417958],[4.7986326,52.341738],[4.7983621,52.3416451],[4.798049,52.3414796],[4.7977957,52.3412828],[4.7974543,52.3409216],[4.7972608,52.3406756]]]},"properties":{"SELECTIE":8354,"LABEL":"8354-10025"}},{"id":151,"type":"Feature","geometry":{"type":"Polygon","coordinates":[[[4.884772,52.3350319],[4.8846985,52.3350409],[4.8844054,52.3350103],[4.8841134,52.3348946],[4.8838225,52.334661],[4.8829173,52.3335861],[4.8827972,52.3334058],[4.8827433,52.3332258],[4.882805,52.3330464],[4.8830247,52.3328675],[4.883257,52.3327727],[4.8835353,52.33269],[4.8838455,52.3326227],[4.8841395,52.3325781],[4.8844331,52.332557],[4.8847265,52.3325612],[4.8850195,52.3325934],[4.8856051,52.3327129],[4.8861901,52.3328731],[4.8864822,52.3329883],[4.8866277,52.3330625],[4.886908,52.3332435],[4.887102,52.3334241],[4.8872237,52.3336043],[4.8872666,52.3337843],[4.8872126,52.3339638],[4.8870363,52.3341427],[4.8867608,52.3343116],[4.8861709,52.3345845],[4.8855813,52.3348271],[4.8852866,52.3349323],[4.8849923,52.3350083],[4.884772,52.3350319]]]},"properties":{"SELECTIE":8354,"LABEL":"8354-10025"}},{"id":152,"type":"Feature","geometry":{"type":"Polygon","coordinates":[[[5.0175213,52.3081751],[5.0171186,52.3067582],[5.0170887,52.3065784],[5.017089,52.3063987],[5.0171381,52.306219],[5.0172518,52.3060397],[5.0174206,52.3058604],[5.0183026,52.3051442],[5.0184436,52.3049649],[5.0185058,52.3047961],[5.0194789,52.3047246],[5.0197752,52.304767],[5.0201392,52.3047763],[5.0201925,52.3048673],[5.0201081,52.3053358],[5.0196292,52.3054569],[5.0193351,52.3055687],[5.0191088,52.305686],[5.0188925,52.305865],[5.0188158,52.3060446],[5.0188723,52.3062244],[5.0190723,52.3064049],[5.0194773,52.3065859],[5.0196195,52.306638],[5.0198624,52.3066998],[5.0195814,52.3082604],[5.0194859,52.3083147],[5.0175213,52.3081751]]]},"properties":{"SELECTIE":6683,"LABEL":"6683-7519"}},{"id":153,"type":"Feature","geometry":{"type":"Polygon","coordinates":[[[5.0176595,52.3029889],[5.0185637,52.3028784],[5.0197239,52.3028159],[5.0206675,52.3028353],[5.020555,52.3034054],[5.0202507,52.3043385],[5.0200471,52.3045114],[5.0195337,52.3046173],[5.0185026,52.3046905],[5.0184961,52.3046056],[5.018423,52.3044256],[5.0178865,52.3035208],[5.0176595,52.3029889]]]},"properties":{"SELECTIE":6683,"LABEL":"6683-7519"}},{"id":154,"type":"Feature","geometry":{"type":"Polygon","coordinates":[[[5.0114373,52.306729],[5.0110955,52.3074179],[5.0108171,52.3084421],[5.0104267,52.3083747],[5.0103204,52.3081759],[5.0105394,52.3077964],[5.0106511,52.3073587],[5.0109041,52.3067157],[5.0111145,52.3067367],[5.0114373,52.306729]]]},"properties":{"SELECTIE":6683,"LABEL":"6683-7519"}},{"id":155,"type":"Feature","geometry":{"type":"Polygon","coordinates":[[[5.0119091,52.3054811],[5.0121245,52.3053298],[5.0124154,52.3052109],[5.0126929,52.3054861],[5.0129346,52.3058164],[5.0123375,52.3056694],[5.0121674,52.3057855],[5.0120858,52.305664],[5.0119091,52.3054811]]]},"properties":{"SELECTIE":6683,"LABEL":"6683-7519"}},{"id":156,"type":"Feature","geometry":{"type":"Polygon","coordinates":[[[5.0110242,52.3047644],[5.0115884,52.3044898],[5.0121534,52.304978],[5.0116594,52.3052666],[5.0110242,52.3047644]]]},"properties":{"SELECTIE":6683,"LABEL":"6683-7519"}},{"id":157,"type":"Feature","geometry":{"type":"Polygon","coordinates":[[[5.0450781,52.3067288],[5.0443867,52.3064808],[5.0442034,52.3063004],[5.0442554,52.3062475],[5.044408,52.3061214],[5.0450921,52.3059435],[5.0458633,52.305766],[5.0462505,52.3056535],[5.0464386,52.3058554],[5.0462942,52.3060302],[5.0450781,52.3067288]]]},"properties":{"SELECTIE":6683,"LABEL":"6683-7519"}},{"id":158,"type":"Feature","geometry":{"type":"Polygon","coordinates":[[[5.0458101,52.3069748],[5.0465477,52.3065391],[5.047072,52.3071274],[5.0468494,52.3072759],[5.0458101,52.3069748]]]},"properties":{"SELECTIE":6683,"LABEL":"6683-7519"}},{"id":159,"type":"Feature","geometry":{"type":"Polygon","coordinates":[[[4.8749399,52.3333721],[4.8747403,52.3334168],[4.8744471,52.3334173],[4.8741547,52.3333144],[4.8740057,52.3331884],[4.87392,52.3330082],[4.8739542,52.3328286],[4.8740613,52.3326494],[4.8741635,52.3325545],[4.8742633,52.3324705],[4.8744589,52.3323754],[4.8747534,52.3322837],[4.8750472,52.3322579],[4.8753404,52.3322691],[4.8754919,52.332296],[4.8756331,52.3323397],[4.8758859,52.3324774],[4.8760061,52.3326578],[4.8760202,52.3328375],[4.8759185,52.3330363],[4.8756706,52.3331956],[4.8753286,52.3332933],[4.8749399,52.3333721]]]},"properties":{"SELECTIE":8354,"LABEL":"8354-10025"}},{"id":160,"type":"Feature","geometry":{"type":"Polygon","coordinates":[[[5.0364877,52.3042646],[5.0364626,52.3041092],[5.0368232,52.3036898],[5.0367268,52.3032253],[5.0366926,52.3025724],[5.0368673,52.302684],[5.0369515,52.3027681],[5.037015,52.3028641],[5.0371304,52.303224],[5.0372519,52.3034041],[5.0374567,52.3035845],[5.0377801,52.3037651],[5.0382222,52.3039462],[5.0387687,52.3041275],[5.0391549,52.3043085],[5.039293,52.3044887],[5.0392612,52.3046695],[5.0390906,52.3048475],[5.0386925,52.3051122],[5.0385103,52.3052593],[5.0375572,52.3048878],[5.0376593,52.3046635],[5.0375244,52.3044835],[5.0369392,52.3043433],[5.0364877,52.3042646]]]},"properties":{"SELECTIE":6683,"LABEL":"6683-7519"}},{"id":161,"type":"Feature","geometry":{"type":"Polygon","coordinates":[[[5.0358844,52.3063744],[5.0360616,52.3060354],[5.036646,52.3062211],[5.0370299,52.3064763],[5.0379992,52.3062808],[5.0380002,52.3064621],[5.0381214,52.3066422],[5.0386766,52.3071413],[5.0387155,52.3071832],[5.0387902,52.3073632],[5.0387599,52.3075429],[5.0386728,52.3076457],[5.038496,52.3077218],[5.0383787,52.3077517],[5.0380854,52.3077566],[5.0377956,52.3077184],[5.0374998,52.307639],[5.0373359,52.3075387],[5.0372084,52.3074086],[5.0369779,52.3068186],[5.0368012,52.3066384],[5.0362957,52.306457],[5.0358844,52.3063744]]]},"properties":{"SELECTIE":6683,"LABEL":"6683-7519"}},{"id":162,"type":"Feature","geometry":{"type":"Polygon","coordinates":[[[4.8845761,52.3312563],[4.8844475,52.33129],[4.884154,52.3312882],[4.8840373,52.331254],[4.8838621,52.3311607],[4.8837839,52.3310732],[4.883764,52.3308934],[4.8838682,52.3306151],[4.8841643,52.3303752],[4.8844581,52.3303588],[4.884749,52.3305606],[4.8848397,52.3307182],[4.8848918,52.3308982],[4.8848489,52.3310777],[4.8847421,52.3311749],[4.8845761,52.3312563]]]},"properties":{"SELECTIE":8354,"LABEL":"8354-10025"}},{"id":163,"type":"Feature","geometry":{"type":"Polygon","coordinates":[[[4.869282,52.323618],[4.8693139,52.3229578],[4.86958,52.3229963],[4.8698733,52.3229926],[4.8701674,52.3229401],[4.8703065,52.3228801],[4.8725145,52.3229207],[4.8722193,52.3230666],[4.8719246,52.3231864],[4.8713356,52.3233922],[4.8707468,52.3235642],[4.8704529,52.323611],[4.8701593,52.323632],[4.8695725,52.3236367],[4.869282,52.323618]]]},"properties":{"SELECTIE":8354,"LABEL":"8354-10025"}},{"id":164,"type":"Feature","geometry":{"type":"Polygon","coordinates":[[[4.8673727,52.323074],[4.8688469,52.3230804],[4.8688249,52.3235573],[4.8684011,52.3234634],[4.8681087,52.3233744],[4.8678166,52.3232687],[4.8673727,52.323074]]]},"properties":{"SELECTIE":8354,"LABEL":"8354-10025"}},{"id":165,"type":"Feature","geometry":{"type":"Polygon","coordinates":[[[4.8613617,52.3228869],[4.8610737,52.3229073],[4.8607809,52.3228677],[4.8604885,52.3227663],[4.8600483,52.3225217],[4.8593241,52.3220125],[4.8589886,52.321843],[4.8624975,52.3218905],[4.8622556,52.3221955],[4.862161,52.3223513],[4.8619576,52.3225847],[4.861802,52.3227093],[4.8616618,52.3227841],[4.8613617,52.3228869]]]},"properties":{"SELECTIE":8354,"LABEL":"8354-10025"}},{"id":166,"type":"Feature","geometry":{"type":"Polygon","coordinates":[[[5.0452299,52.3040581],[5.0452122,52.3039665],[5.0453148,52.3037872],[5.0455687,52.3036081],[5.0457424,52.3035361],[5.0460362,52.3034538],[5.0463297,52.3034183],[5.0466565,52.3034315],[5.0469156,52.3034982],[5.0471236,52.3036126],[5.0472561,52.3037927],[5.0473065,52.3040455],[5.0471528,52.3040265],[5.0458949,52.3040755],[5.0452299,52.3040581]]]},"properties":{"SELECTIE":6683,"LABEL":"6683-7519"}},{"id":167,"type":"Feature","geometry":{"type":"Polygon","coordinates":[[[4.8818328,52.3230912],[4.8829356,52.3231114],[4.8833615,52.3235487],[4.8836523,52.3237845],[4.8839434,52.3239679],[4.8842354,52.3240985],[4.8845277,52.3241862],[4.8848206,52.3242348],[4.8851904,52.3242486],[4.8854072,52.3242373],[4.8857012,52.3241837],[4.8859954,52.324072],[4.8862335,52.3238934],[4.8865893,52.3234847],[4.8868851,52.3232546],[4.8870138,52.3231857],[4.8905133,52.3232495],[4.890937,52.3232884],[4.8919625,52.3236638],[4.8910213,52.3247856],[4.8896285,52.3247427],[4.889568,52.3260454],[4.8889082,52.3259704],[4.8886153,52.3259229],[4.8880302,52.3257846],[4.8877562,52.3256974],[4.8874458,52.325573],[4.8865703,52.3251628],[4.886278,52.3250637],[4.8859854,52.3249968],[4.8856924,52.3249599],[4.8853992,52.3249423],[4.8845191,52.3249414],[4.8839328,52.3249126],[4.8836435,52.3247778],[4.8833504,52.3245335],[4.8824758,52.3236988],[4.8822609,52.323517],[4.8818328,52.3230912]]]},"properties":{"SELECTIE":7519,"LABEL":"7519-8354"}},{"id":168,"type":"Feature","geometry":{"type":"Polygon","coordinates":[[[4.8916397,52.3226914],[4.891614,52.3231357],[4.8897664,52.3230667],[4.8898073,52.3223935],[4.8908955,52.3224102],[4.8910008,52.3224754],[4.8912942,52.3224766],[4.8916397,52.3226914]]]},"properties":{"SELECTIE":7519,"LABEL":"7519-8354"}},{"id":169,"type":"Feature","geometry":{"type":"Polygon","coordinates":[[[4.9824386,52.3158124],[4.9822936,52.3158211],[4.9820009,52.3157525],[4.9818035,52.3156305],[4.9817529,52.3154505],[4.9818611,52.3152711],[4.9821039,52.3150923],[4.982301,52.3150063],[4.9825951,52.3149173],[4.9828886,52.314891],[4.9831816,52.3149228],[4.9834039,52.3150967],[4.9833798,52.3152763],[4.9832508,52.3154557],[4.9830128,52.3156346],[4.9828813,52.315705],[4.982587,52.3158006],[4.9824386,52.3158124]]]},"properties":{"SELECTIE":5013,"LABEL":"5013-5848"}},{"id":170,"type":"Feature","geometry":{"type":"Polygon","coordinates":[[[4.9991892,52.3002335],[4.9982706,52.2999732],[4.9976857,52.2997912],[4.9973936,52.2996688],[4.9971031,52.2995009],[4.9968748,52.2993235],[4.9967425,52.2991433],[4.996685,52.2989634],[4.9966662,52.2987835],[4.9966714,52.2986038],[4.9967239,52.2983802],[4.9982021,52.29838],[4.9979938,52.2986081],[4.9979384,52.2987877],[4.9979859,52.2989922],[4.9981207,52.2991478],[4.998277,52.2992488],[4.998569,52.2993665],[4.9988618,52.2994244],[4.9991547,52.2994549],[5.0000688,52.2994981],[5.0000508,52.3001533],[4.9991938,52.3001642],[4.9991892,52.3002335]]]},"properties":{"SELECTIE":6683,"LABEL":"6683-7519"}},{"id":171,"type":"Feature","geometry":{"type":"Polygon","coordinates":[[[4.9945516,52.2994956],[4.9944628,52.2995391],[4.9941689,52.2996252],[4.9938755,52.2996492],[4.9935825,52.2996174],[4.9932903,52.2995122],[4.9932571,52.2994913],[4.9931304,52.2993111],[4.9931316,52.2991313],[4.9932324,52.298952],[4.9932955,52.298892],[4.9935905,52.2987182],[4.9938844,52.2986346],[4.9941775,52.2986363],[4.9944695,52.298784],[4.9946246,52.2989566],[4.9947031,52.2991365],[4.9946993,52.2993163],[4.9945516,52.2994956]]]},"properties":{"SELECTIE":6683,"LABEL":"6683-7519"}},{"id":172,"type":"Feature","geometry":{"type":"Polygon","coordinates":[[[4.9931996,52.3917894],[4.9936972,52.391015],[4.994232,52.3904024],[4.9948339,52.3905522],[4.9957131,52.3908018],[4.9963727,52.3910286],[4.9963275,52.3911579],[4.9958524,52.3920909],[4.9951157,52.391906],[4.9945289,52.3918194],[4.9939416,52.3917845],[4.9931996,52.3917894]]]},"properties":{"SELECTIE":8354,"LABEL":"8354-10025"}},{"id":173,"type":"Feature","geometry":{"type":"Polygon","coordinates":[[[5.0165495,52.352342],[5.0149388,52.354072],[5.0145527,52.3539495],[5.0146624,52.3538456],[5.0147682,52.3536662],[5.0148384,52.3534867],[5.014985,52.352948],[5.0150792,52.3527684],[5.0152544,52.3525893],[5.0154247,52.352475],[5.0157191,52.352362],[5.0160132,52.3523149],[5.0163067,52.3523151],[5.0165495,52.352342]]]},"properties":{"SELECTIE":7519,"LABEL":"7519-8354"}},{"id":174,"type":"Feature","geometry":{"type":"Polygon","coordinates":[[[4.8204446,52.3804182],[4.8201526,52.3802797],[4.8200911,52.3802181],[4.8199691,52.3800378],[4.8198981,52.3798576],[4.8198745,52.3796778],[4.8199751,52.3794986],[4.8201631,52.3794501],[4.8204188,52.3794695],[4.8207946,52.3803572],[4.8207386,52.3803955],[4.8204446,52.3804182]]]},"properties":{"SELECTIE":4177,"LABEL":"4177-5013"}},{"id":175,"type":"Feature","geometry":{"type":"Polygon","coordinates":[[[4.8151682,52.3780374],[4.8151885,52.377995],[4.8153519,52.3778586],[4.8154843,52.3778316],[4.8160719,52.3778283],[4.8163633,52.3780093],[4.8166528,52.378225],[4.8169708,52.3785854],[4.8170772,52.3787534],[4.8162313,52.3788844],[4.8160434,52.3787607],[4.8156472,52.378579],[4.8153256,52.3783977],[4.8151836,52.3782183],[4.8151682,52.3780374]]]},"properties":{"SELECTIE":4177,"LABEL":"4177-5013"}},{"id":176,"type":"Feature","geometry":{"type":"Polygon","coordinates":[[[4.8172132,52.3804433],[4.816919,52.3804751],[4.8166267,52.3803623],[4.8165082,52.3802009],[4.8164544,52.3800209],[4.8164538,52.3798411],[4.8165106,52.3794819],[4.8165077,52.3793502],[4.8171363,52.3792254],[4.8174727,52.3798661],[4.817515,52.380026],[4.8174849,52.3802056],[4.8173252,52.3803846],[4.8172132,52.3804433]]]},"properties":{"SELECTIE":4177,"LABEL":"4177-5013"}},{"id":177,"type":"Feature","geometry":{"type":"Polygon","coordinates":[[[4.9171998,52.3972306],[4.916611,52.3973274],[4.9163174,52.397318],[4.9160238,52.3971746],[4.9159065,52.3969944],[4.9158749,52.3968145],[4.9159256,52.396635],[4.9160982,52.396456],[4.9163277,52.3963364],[4.9165109,52.3962778],[4.9166225,52.3962517],[4.9169164,52.3962483],[4.9170614,52.3962799],[4.9172095,52.3963214],[4.917538,52.3964617],[4.917825,52.3966426],[4.9179479,52.3968228],[4.9178553,52.3970021],[4.9174541,52.3971803],[4.9171998,52.3972306]]]},"properties":{"SELECTIE":7519,"LABEL":"7519-8354"}},{"id":178,"type":"Feature","geometry":{"type":"Polygon","coordinates":[[[4.9604632,52.3959162],[4.960114,52.3959051],[4.9598205,52.3958745],[4.9595273,52.3957876],[4.9594162,52.3957211],[4.9592239,52.3955406],[4.959217,52.3953609],[4.959238,52.3953316],[4.9594203,52.3951818],[4.9595339,52.3951287],[4.9598284,52.395055],[4.9601224,52.3950238],[4.9604164,52.3950162],[4.9611861,52.3950229],[4.9609121,52.3954035],[4.9604632,52.3959162]]]},"properties":{"SELECTIE":8354,"LABEL":"8354-10025"}},{"id":179,"type":"Feature","geometry":{"type":"Polygon","coordinates":[[[4.7969728,52.3783564],[4.7966786,52.3784021],[4.7963847,52.3784083],[4.7960913,52.3783929],[4.7953364,52.3782997],[4.7949189,52.3781989],[4.7946683,52.3781167],[4.7943892,52.3779355],[4.7943064,52.3777554],[4.7943641,52.3775759],[4.794533,52.377397],[4.7948218,52.3772187],[4.7952279,52.3770596],[4.7955226,52.3769821],[4.7958168,52.376934],[4.796111,52.3769161],[4.7964044,52.3769275],[4.7966975,52.3769754],[4.7969898,52.3770853],[4.7971974,52.3772305],[4.7973498,52.377411],[4.797432,52.3775912],[4.7974608,52.3777711],[4.7974335,52.3779506],[4.7973419,52.37813],[4.7972686,52.3782043],[4.7971091,52.3783086],[4.7969728,52.3783564]]]},"properties":{"SELECTIE":4177,"LABEL":"4177-5013"}},{"id":180,"type":"Feature","geometry":{"type":"Polygon","coordinates":[[[4.9682518,52.3742523],[4.9679578,52.3742748],[4.9676642,52.3742699],[4.9673706,52.3742464],[4.9670776,52.3741861],[4.966818,52.3739977],[4.9667377,52.3738176],[4.9667262,52.3736379],[4.966772,52.3734583],[4.9669355,52.3732792],[4.967087,52.373181],[4.9673815,52.3730957],[4.9676755,52.3730772],[4.9679687,52.3731105],[4.9682615,52.37321],[4.9683752,52.3732842],[4.9685645,52.3734646],[4.9686699,52.3736447],[4.9687023,52.3738246],[4.968663,52.3740042],[4.9685465,52.3741312],[4.9684723,52.3741832],[4.9682518,52.3742523]]]},"properties":{"SELECTIE":6683,"LABEL":"6683-7519"}},{"id":181,"type":"Feature","geometry":{"type":"Polygon","coordinates":[[[4.7742535,52.3541877],[4.7748615,52.3537495],[4.7751389,52.3535711],[4.7755812,52.3533536],[4.7758763,52.3532398],[4.776171,52.3531578],[4.7764652,52.3531099],[4.776759,52.3530896],[4.7770524,52.3530953],[4.7773457,52.3531279],[4.7777598,52.3532251],[4.7780908,52.3534065],[4.7781522,52.3535866],[4.7780445,52.3537659],[4.7773288,52.3543514],[4.7770324,52.3545616],[4.7765743,52.3548368],[4.7764391,52.3550206],[4.7764237,52.3551955],[4.7764951,52.3553757],[4.776717,52.3557363],[4.7767781,52.3559164],[4.7767887,52.3560961],[4.7767119,52.3562736],[4.776658,52.356339],[4.7742535,52.3541877]]]},"properties":{"SELECTIE":5848,"LABEL":"5848-6683"}},{"id":182,"type":"Feature","geometry":{"type":"Polygon","coordinates":[[[4.9275734,52.3865743],[4.9286408,52.3861611],[4.9297993,52.3874163],[4.9291929,52.3876511],[4.9290529,52.3876141],[4.9287604,52.3874723],[4.9284687,52.3872734],[4.9275734,52.3865743]]]},"properties":{"SELECTIE":10025,"LABEL":"10025-12532"}},{"id":183,"type":"Feature","geometry":{"type":"Polygon","coordinates":[[[4.7846103,52.3575742],[4.7840371,52.3575863],[4.7836904,52.3575695],[4.7834506,52.3575305],[4.7831583,52.3574372],[4.7830634,52.3573865],[4.7831041,52.357207],[4.7832827,52.3570282],[4.783535,52.3568497],[4.7839538,52.3566721],[4.7843441,52.3565965],[4.7846379,52.3565754],[4.7849314,52.3565832],[4.7852244,52.3566288],[4.7853773,52.3566793],[4.7855934,52.3568601],[4.7856263,52.3570401],[4.7855463,52.3572193],[4.7852898,52.3573978],[4.7852135,52.3574331],[4.7849187,52.357525],[4.7846103,52.3575742]]]},"properties":{"SELECTIE":5848,"LABEL":"5848-6683"}},{"id":184,"type":"Feature","geometry":{"type":"Polygon","coordinates":[[[4.9344746,52.3627342],[4.9343005,52.3627458],[4.9340074,52.362687],[4.9338191,52.3625519],[4.9339236,52.3623726],[4.9340108,52.3623601],[4.9340774,52.3623731],[4.9344662,52.3625544],[4.9344746,52.3627342]]]},"properties":{"SELECTIE":10025,"LABEL":"10025-12532"}},{"id":185,"type":"Feature","geometry":{"type":"Polygon","coordinates":[[[4.9258143,52.3594429],[4.9265414,52.3583148],[4.9267123,52.3583173],[4.927213,52.3582585],[4.9277511,52.358458],[4.9285886,52.3589383],[4.9293614,52.3595583],[4.9297742,52.3600358],[4.9293363,52.3600953],[4.9290426,52.3601035],[4.9287491,52.3600841],[4.928456,52.3600438],[4.927577,52.3598651],[4.9272839,52.3598266],[4.9266971,52.359782],[4.9264039,52.3597368],[4.9260647,52.359646],[4.9258143,52.3594429]]]},"properties":{"SELECTIE":10025,"LABEL":"10025-12532"}},{"id":186,"type":"Feature","geometry":{"type":"Polygon","coordinates":[[[4.9257354,52.3591285],[4.9256851,52.3589256],[4.9255501,52.3587452],[4.924725,52.3583825],[4.9244876,52.3582018],[4.9243587,52.3580216],[4.9243063,52.3578416],[4.9243309,52.357662],[4.9244604,52.3574342],[4.925963,52.3578587],[4.9260377,52.3580282],[4.9261268,52.358153],[4.9261796,52.3582084],[4.926282,52.3582531],[4.9257354,52.3591285]]]},"properties":{"SELECTIE":10025,"LABEL":"10025-12532"}},{"id":187,"type":"Feature","geometry":{"type":"Polygon","coordinates":[[[4.9246753,52.3569821],[4.924725,52.3567648],[4.9248073,52.3565853],[4.9249708,52.3563891],[4.9252656,52.3562791],[4.9255594,52.3562475],[4.9258527,52.3562701],[4.9260652,52.3564104],[4.9261,52.3565904],[4.9260722,52.35677],[4.9259436,52.357129],[4.9259009,52.3573487],[4.9246753,52.3569821]]]},"properties":{"SELECTIE":10025,"LABEL":"10025-12532"}},{"id":188,"type":"Feature","geometry":{"type":"Polygon","coordinates":[[[4.9306493,52.3596372],[4.9299963,52.3590434],[4.9301893,52.3586988],[4.9303732,52.3587639],[4.9306711,52.3589448],[4.9308016,52.359125],[4.9308284,52.359305],[4.930769,52.3594844],[4.9306493,52.3596372]]]},"properties":{"SELECTIE":10025,"LABEL":"10025-12532"}},{"id":189,"type":"Feature","geometry":{"type":"Polygon","coordinates":[[[4.9458574,52.3748479],[4.9465158,52.3745245],[4.9468115,52.3743231],[4.9469636,52.3741055],[4.9470424,52.3737462],[4.9471118,52.3736524],[4.947236,52.3735672],[4.9474067,52.3735177],[4.9477006,52.3734949],[4.9479942,52.3735071],[4.9482875,52.3735487],[4.9485805,52.3736233],[4.9489184,52.3737531],[4.9492136,52.373934],[4.9494901,52.3741447],[4.9493299,52.3745214],[4.9491471,52.3745923],[4.9489329,52.3752044],[4.9458574,52.3748479]]]},"properties":{"SELECTIE":8354,"LABEL":"8354-10025"}},{"id":190,"type":"Feature","geometry":{"type":"Polygon","coordinates":[[[4.9414656,52.3739156],[4.9414929,52.3737256],[4.941532,52.3736177],[4.9415736,52.3735461],[4.9418289,52.3732844],[4.9421237,52.373175],[4.9424172,52.3732014],[4.9427096,52.3733302],[4.9434519,52.3737329],[4.9435856,52.3738371],[4.9436731,52.3739135],[4.9437779,52.3740936],[4.9438266,52.3743995],[4.9431439,52.3740925],[4.9414656,52.3739156]]]},"properties":{"SELECTIE":8354,"LABEL":"8354-10025"}},{"id":191,"type":"Feature","geometry":{"type":"Polygon","coordinates":[[[4.9409276,52.3541889],[4.9409956,52.353951],[4.9411101,52.3537717],[4.941131,52.3537533],[4.9411441,52.3537343],[4.9412137,52.3536809],[4.9413146,52.3535927],[4.9414399,52.3535079],[4.9417351,52.3533379],[4.94203,52.3532051],[4.9423245,52.353118],[4.9426184,52.3530825],[4.9429109,52.3531837],[4.9429614,52.3532394],[4.9430471,52.3534194],[4.9431569,52.3537794],[4.9433158,52.3541395],[4.9434857,52.3544286],[4.9436604,52.354612],[4.9412275,52.3556197],[4.9411264,52.3554922],[4.9410738,52.3553893],[4.9409492,52.3550093],[4.9416,52.3545871],[4.9409276,52.3541889]]]},"properties":{"SELECTIE":10025,"LABEL":"10025-12532"}},{"id":192,"type":"Feature","geometry":{"type":"Polygon","coordinates":[[[5.031861,52.3228013],[5.0309029,52.3207607],[5.032285,52.3204555],[5.0327867,52.3213662],[5.0330684,52.3217265],[5.0333838,52.3219071],[5.0335736,52.3219848],[5.0336696,52.3220878],[5.033826,52.3224477],[5.0332766,52.3224461],[5.0329818,52.322625],[5.032395,52.3226232],[5.0321003,52.322802],[5.031861,52.3228013]]]},"properties":{"SELECTIE":7519,"LABEL":"7519-8354"}},{"id":193,"type":"Feature","geometry":{"type":"Polygon","coordinates":[[[5.0322364,52.3203885],[5.0309571,52.3206589],[5.0310906,52.3200286],[5.0316523,52.3199157],[5.031957,52.3201053],[5.0321618,52.3202858],[5.0322364,52.3203885]]]},"properties":{"SELECTIE":7519,"LABEL":"7519-8354"}},{"id":194,"type":"Feature","geometry":{"type":"Polygon","coordinates":[[[4.9131824,52.3653473],[4.9131319,52.365375],[4.9128377,52.3654331],[4.9125443,52.3654173],[4.9122902,52.3653438],[4.9122517,52.3653171],[4.9121457,52.3651634],[4.912255,52.3650138],[4.9123089,52.3649843],[4.9125494,52.3649389],[4.9128428,52.364956],[4.9129549,52.3649869],[4.913135,52.3650932],[4.9132156,52.3651677],[4.9131824,52.3653473]]]},"properties":{"SELECTIE":12532,"LABEL":"> 12532"}},{"id":195,"type":"Feature","geometry":{"type":"Polygon","coordinates":[[[4.8562518,52.3797661],[4.8564835,52.3798471],[4.8566063,52.3800274],[4.8562834,52.3801708],[4.8559894,52.3802094],[4.8557211,52.3801665],[4.8562518,52.3797661]]]},"properties":{"SELECTIE":10025,"LABEL":"10025-12532"}},{"id":196,"type":"Feature","geometry":{"type":"Polygon","coordinates":[[[4.7814941,52.3543227],[4.7814388,52.3543506],[4.7811444,52.3544132],[4.7808513,52.3543802],[4.7807157,52.3543187],[4.78056,52.3542198],[4.7804783,52.3541378],[4.780366,52.3539574],[4.7803318,52.3537775],[4.7804064,52.3535981],[4.7805701,52.3534729],[4.7807145,52.35342],[4.7808648,52.353385],[4.7811586,52.3533803],[4.7814513,52.35344],[4.781755,52.3536051],[4.7818652,52.3537853],[4.7818537,52.353965],[4.781735,52.3541602],[4.7814941,52.3543227]]]},"properties":{"SELECTIE":6683,"LABEL":"6683-7519"}},{"id":197,"type":"Feature","geometry":{"type":"Polygon","coordinates":[[[4.9264929,52.3558728],[4.9264965,52.3556931],[4.9265502,52.3555136],[4.9266333,52.3553342],[4.9267447,52.3551932],[4.9267856,52.355155],[4.92704,52.3550146],[4.9272282,52.3549686],[4.9281012,52.3553593],[4.9278157,52.3557989],[4.9276566,52.3558773],[4.9273238,52.3559688],[4.9270296,52.356015],[4.926736,52.3560204],[4.9264929,52.3558728]]]},"properties":{"SELECTIE":10025,"LABEL":"10025-12532"}},{"id":198,"type":"Feature","geometry":{"type":"Polygon","coordinates":[[[4.9341959,52.3551835],[4.9340833,52.3552421],[4.9337891,52.3552995],[4.9334957,52.3552811],[4.9323245,52.3550026],[4.9321398,52.3548162],[4.932202,52.3546366],[4.9324164,52.3544576],[4.9326243,52.3543812],[4.9329186,52.3543078],[4.9332125,52.3542664],[4.9338002,52.3542266],[4.9340935,52.3542408],[4.934231,52.3542849],[4.9343853,52.3544098],[4.934418,52.3544653],[4.9344574,52.3546452],[4.9344535,52.3548251],[4.934389,52.3550045],[4.9341959,52.3551835]]]},"properties":{"SELECTIE":10025,"LABEL":"10025-12532"}},{"id":199,"type":"Feature","geometry":{"type":"Polygon","coordinates":[[[4.9360072,52.3537524],[4.9358596,52.3537701],[4.9355661,52.3537675],[4.9354614,52.3537503],[4.9352733,52.3536957],[4.935116,52.3535692],[4.9350524,52.3533892],[4.9350936,52.3532096],[4.9352802,52.3530084],[4.9356226,52.3528522],[4.9358696,52.3528043],[4.9361632,52.3527856],[4.9364567,52.3527989],[4.9367498,52.3528518],[4.9372027,52.3530379],[4.937279,52.353218],[4.937074,52.3533969],[4.9367424,52.3535609],[4.9364479,52.3536627],[4.9361535,52.3537346],[4.9360072,52.3537524]]]},"properties":{"SELECTIE":10025,"LABEL":"10025-12532"}},{"id":200,"type":"Feature","geometry":{"type":"Polygon","coordinates":[[[4.9190983,52.3508429],[4.9192884,52.3506319],[4.9195078,52.350453],[4.9197502,52.3503255],[4.9198992,52.3502747],[4.9200445,52.350243],[4.9203381,52.3502311],[4.9208898,52.3502786],[4.9209065,52.350282],[4.9209248,52.3502836],[4.9212176,52.3503452],[4.9216103,52.3504612],[4.9219593,52.3506424],[4.9221976,52.350823],[4.9223652,52.3510035],[4.9225152,52.3511837],[4.9225836,52.3513638],[4.9224681,52.3515431],[4.9223788,52.3515905],[4.9222484,52.351722],[4.9220828,52.3518305],[4.9218441,52.3521059],[4.9190983,52.3508429]]]},"properties":{"SELECTIE":10025,"LABEL":"10025-12532"}},{"id":201,"type":"Feature","geometry":{"type":"Polygon","coordinates":[[[4.9203274,52.353512],[4.9200101,52.3535299],[4.919717,52.3534894],[4.9194219,52.3533296],[4.91939,52.3531488],[4.9194921,52.3527897],[4.9194637,52.3526098],[4.9193746,52.3524298],[4.918937,52.3517089],[4.9188709,52.351529],[4.9188413,52.3513491],[4.9188681,52.3512254],[4.9215261,52.3524156],[4.921089,52.352796],[4.9209577,52.3529752],[4.9208949,52.3531386],[4.9207668,52.3533339],[4.9205982,52.3534282],[4.9203274,52.353512]]]},"properties":{"SELECTIE":10025,"LABEL":"10025-12532"}},{"id":202,"type":"Feature","geometry":{"type":"Polygon","coordinates":[[[4.9384937,52.3527475],[4.9388065,52.3526586],[4.9391003,52.3526299],[4.9393938,52.3526357],[4.9396145,52.3526875],[4.9396865,52.3527314],[4.9398119,52.3528681],[4.9397766,52.3530476],[4.9395531,52.3532266],[4.939389,52.3532778],[4.9384937,52.3527475]]]},"properties":{"SELECTIE":10025,"LABEL":"10025-12532"}},{"id":203,"type":"Feature","geometry":{"type":"Polygon","coordinates":[[[4.9380397,52.353041],[4.9382329,52.3528621],[4.938246,52.3528563],[4.9390222,52.3533198],[4.9387998,52.3533205],[4.9385065,52.3532861],[4.9382245,52.3532215],[4.9380397,52.353041]]]},"properties":{"SELECTIE":10025,"LABEL":"10025-12532"}},{"id":204,"type":"Feature","geometry":{"type":"Polygon","coordinates":[[[4.8039938,52.3527468],[4.8041748,52.3526388],[4.8045817,52.352461],[4.8051514,52.3522841],[4.8055397,52.3521843],[4.8060057,52.3521085],[4.8073036,52.3519782],[4.8078924,52.3518523],[4.8081872,52.3517469],[4.8084828,52.3516019],[4.8087688,52.351403],[4.8089805,52.3512225],[4.8107348,52.351568],[4.8102995,52.3523431],[4.8099127,52.3526668],[4.8097629,52.3528459],[4.809671,52.3530252],[4.8096203,52.3532047],[4.8095555,52.3536678],[4.8094434,52.3538674],[4.8039938,52.3527468]]]},"properties":{"SELECTIE":6683,"LABEL":"6683-7519"}},{"id":205,"type":"Feature","geometry":{"type":"Polygon","coordinates":[[[4.80363,52.3531754],[4.80369,52.3529959],[4.8037048,52.352981],[4.8061011,52.3534821],[4.8058165,52.3534638],[4.8055223,52.3535088],[4.8049333,52.3536552],[4.8046392,52.3536936],[4.8043458,52.3536783],[4.8040533,52.3535983],[4.8039146,52.3535363],[4.8036965,52.3533554],[4.80363,52.3531754]]]},"properties":{"SELECTIE":6683,"LABEL":"6683-7519"}},{"id":206,"type":"Feature","geometry":{"type":"Polygon","coordinates":[[[4.8064024,52.3535597],[4.8061291,52.3534879],[4.809169,52.3541234],[4.8090362,52.3541898],[4.8087695,52.354279],[4.8084473,52.3543259],[4.8081538,52.3543155],[4.8078612,52.35425],[4.8075692,52.3541328],[4.8066944,52.3536751],[4.8064024,52.3535597]]]},"properties":{"SELECTIE":6683,"LABEL":"6683-7519"}},{"id":207,"type":"Feature","geometry":{"type":"Polygon","coordinates":[[[4.8785203,52.3604401],[4.8772911,52.360111],[4.8781504,52.358905],[4.8789729,52.3591269],[4.8794344,52.3584548],[4.8829242,52.3593606],[4.882517,52.3594688],[4.8817781,52.359632],[4.8814841,52.3596763],[4.8811904,52.3596943],[4.8806035,52.3596559],[4.8797242,52.3595373],[4.8794306,52.3595314],[4.8791364,52.359588],[4.8790518,52.3596338],[4.8788287,52.3598126],[4.8786184,52.3601713],[4.8785203,52.3604401]]]},"properties":{"SELECTIE":12532,"LABEL":"> 12532"}},{"id":208,"type":"Feature","geometry":{"type":"Polygon","coordinates":[[[4.8780718,52.3623259],[4.8779299,52.3623798],[4.877636,52.3624087],[4.8773423,52.362323],[4.8772971,52.3621428],[4.8776024,52.3617846],[4.8777221,52.3616054],[4.8779764,52.3610672],[4.877986,52.3609711],[4.8790513,52.3612592],[4.879093,52.3614315],[4.8790627,52.3616111],[4.878969,52.3617905],[4.8788094,52.361968],[4.87852,52.3621336],[4.8780718,52.3623259]]]},"properties":{"SELECTIE":12532,"LABEL":"> 12532"}},{"id":209,"type":"Feature","geometry":{"type":"Polygon","coordinates":[[[4.8780037,52.3587774],[4.8771217,52.3600394],[4.8761544,52.3597478],[4.8762316,52.3596217],[4.8764968,52.3593457],[4.8767898,52.3590837],[4.8770867,52.3589059],[4.8773837,52.3588093],[4.8776776,52.3587813],[4.8780037,52.3587774]]]},"properties":{"SELECTIE":12532,"LABEL":"> 12532"}},{"id":210,"type":"Feature","geometry":{"type":"Polygon","coordinates":[[[5.0432548,52.3219362],[5.042667,52.3220348],[5.0420799,52.3220875],[5.0417866,52.3220945],[5.0414934,52.3220771],[5.0412005,52.3220163],[5.0409079,52.3218973],[5.0406477,52.3217488],[5.0397406,52.321147],[5.0394497,52.3208146],[5.0392604,52.3204865],[5.0391612,52.3202074],[5.0391473,52.3199469],[5.0392014,52.3197673],[5.0393168,52.3195879],[5.0394743,52.3194087],[5.0397555,52.3192166],[5.0400496,52.3191155],[5.0403434,52.3190649],[5.0406368,52.3190565],[5.0409298,52.3190793],[5.042102,52.3192521],[5.0429812,52.3193323],[5.0435674,52.3194101],[5.0441529,52.3195415],[5.0450308,52.3198216],[5.0454249,52.3199652],[5.0457846,52.320146],[5.0459078,52.3202312],[5.0460255,52.3203264],[5.0461041,52.3205064],[5.0460568,52.3206861],[5.0459209,52.3208654],[5.0456774,52.3210445],[5.0450189,52.3213922],[5.0447244,52.3215241],[5.0444301,52.3216337],[5.0438422,52.3218075],[5.0432548,52.3219362]]]},"properties":{"SELECTIE":7519,"LABEL":"7519-8354"}},{"id":211,"type":"Feature","geometry":{"type":"Polygon","coordinates":[[[4.8868771,52.3585865],[4.8870778,52.3585881],[4.887368,52.3586269],[4.8876605,52.3587197],[4.8877565,52.3587719],[4.8879514,52.3589523],[4.8880171,52.3591326],[4.8880153,52.3592037],[4.887618,52.3595727],[4.8873818,52.3597404],[4.8871662,52.3598364],[4.8870971,52.3598507],[4.8870363,52.3598318],[4.886943,52.3595615],[4.8868771,52.3585865]]]},"properties":{"SELECTIE":12532,"LABEL":"> 12532"}},{"id":212,"type":"Feature","geometry":{"type":"Polygon","coordinates":[[[4.8573903,52.3548327],[4.8571762,52.3546819],[4.8569832,52.3545042],[4.8568544,52.3543239],[4.856785,52.3541438],[4.8567641,52.3539639],[4.8568387,52.3537846],[4.8570688,52.3536058],[4.8571885,52.35355],[4.8574831,52.3534612],[4.8577772,52.3534142],[4.8580709,52.3534034],[4.858364,52.3534359],[4.8586567,52.3535095],[4.8592411,52.3537392],[4.8595287,52.3537969],[4.8598277,52.3537839],[4.8601219,52.3537363],[4.8604156,52.3537193],[4.8607088,52.3537465],[4.8610015,52.3538246],[4.8612932,52.3539839],[4.8617115,52.3543455],[4.8618747,52.3544449],[4.8620562,52.3545268],[4.8621669,52.3545596],[4.8630454,52.3547551],[4.8633381,52.3548359],[4.8636304,52.3549431],[4.8639223,52.3550811],[4.8645465,52.3554598],[4.8642231,52.3555751],[4.8636006,52.3557172],[4.8628685,52.3557479],[4.862418,52.355712],[4.8619163,52.3556464],[4.86143,52.3554995],[4.8609453,52.3552348],[4.860565,52.3549005],[4.8598894,52.3545264],[4.8593447,52.3543338],[4.8588646,52.3543045],[4.8585312,52.3543731],[4.8583675,52.3544743],[4.8578485,52.3545988],[4.8575215,52.3547467],[4.8573903,52.3548327]]]},"properties":{"SELECTIE":12532,"LABEL":"> 12532"}},{"id":213,"type":"Feature","geometry":{"type":"Polygon","coordinates":[[[4.8670866,52.3561851],[4.8676142,52.3559892],[4.8678388,52.3558105],[4.8678541,52.3556308],[4.8677909,52.3554508],[4.8677736,52.355271],[4.8678467,52.3550914],[4.8679967,52.3549124],[4.8683312,52.3546198],[4.8686284,52.3543058],[4.8687702,52.3541967],[4.8689251,52.3540421],[4.8692199,52.3539269],[4.8695127,52.3540019],[4.8698046,52.3541373],[4.8700958,52.354337],[4.8702951,52.354563],[4.8703979,52.3547431],[4.870452,52.3549231],[4.870458,52.3551029],[4.8703007,52.3556414],[4.8703343,52.3561809],[4.8703316,52.3565404],[4.8703014,52.3568997],[4.8702536,52.3571576],[4.8698904,52.3570188],[4.8694263,52.3568764],[4.8690139,52.3567571],[4.8685935,52.3566646],[4.8683512,52.3565414],[4.8671423,52.3562488],[4.8670866,52.3561851]]]},"properties":{"SELECTIE":12532,"LABEL":"> 12532"}},{"id":214,"type":"Feature","geometry":{"type":"Polygon","coordinates":[[[4.8578173,52.3775575],[4.8579663,52.3773371],[4.8581394,52.3767987],[4.8582453,52.3766194],[4.8583912,52.3764403],[4.858681,52.3761768],[4.8595008,52.3755464],[4.8595702,52.375496],[4.8598654,52.3753547],[4.86016,52.3752849],[4.8604539,52.3752686],[4.8607472,52.3753023],[4.86104,52.3753816],[4.8614241,52.375555],[4.8617069,52.375736],[4.8621755,52.3760976],[4.8622978,52.3762779],[4.8622114,52.3769965],[4.8622306,52.3771764],[4.8623623,52.3775364],[4.8623735,52.3777163],[4.8621854,52.377869],[4.8621265,52.3778949],[4.8618908,52.3779458],[4.8610081,52.3780816],[4.8607136,52.3781435],[4.8603503,52.3782465],[4.8601237,52.3783506],[4.8600083,52.3784248],[4.8594748,52.3789616],[4.8592334,52.3791211],[4.858938,52.3792604],[4.8586432,52.3793492],[4.8583492,52.3793673],[4.8580564,52.3792877],[4.857905,52.3791344],[4.8577675,52.3789509],[4.85766,52.3787738],[4.8574759,52.37836],[4.8575526,52.3782483],[4.8578173,52.3775575]]]},"properties":{"SELECTIE":10025,"LABEL":"10025-12532"}},{"id":215,"type":"Feature","geometry":{"type":"Polygon","coordinates":[[[4.9920434,52.3174116],[4.9919142,52.3172823],[4.9917943,52.3171023],[4.9917322,52.3169222],[4.99172,52.3167425],[4.9917407,52.3165628],[4.9917959,52.3163832],[4.9919243,52.3161447],[4.9927185,52.3164055],[4.9920434,52.3174116]]]},"properties":{"SELECTIE":5848,"LABEL":"5848-6683"}},{"id":216,"type":"Feature","geometry":{"type":"Polygon","coordinates":[[[4.8517247,52.3774889],[4.8516155,52.3775334],[4.851321,52.3776038],[4.8510276,52.3775708],[4.8508103,52.3774848],[4.8508465,52.3773053],[4.8510314,52.3772545],[4.8513254,52.3772322],[4.8516186,52.3772795],[4.8517063,52.3773092],[4.8517247,52.3774889]]]},"properties":{"SELECTIE":10025,"LABEL":"10025-12532"}},{"id":217,"type":"Feature","geometry":{"type":"Polygon","coordinates":[[[4.9481822,52.324718],[4.9478878,52.3248234],[4.9475954,52.3247251],[4.947521,52.3246756],[4.9474323,52.3244956],[4.947599,52.3243722],[4.9478918,52.3244209],[4.948017,52.3244978],[4.9481829,52.3246564],[4.9482002,52.3246782],[4.9481822,52.324718]]]},"properties":{"SELECTIE":5013,"LABEL":"5013-5848"}},{"id":218,"type":"Feature","geometry":{"type":"Polygon","coordinates":[[[4.8797883,52.3853373],[4.8791397,52.384993],[4.8788479,52.3848111],[4.8786185,52.3846175],[4.8784678,52.3844372],[4.8782854,52.3840768],[4.8781752,52.3837168],[4.8781539,52.3835371],[4.8781634,52.3833573],[4.878199,52.3831777],[4.8782791,52.3829976],[4.8785757,52.3829409],[4.8788654,52.383001],[4.8794529,52.3832991],[4.8796181,52.3833635],[4.8800386,52.3834483],[4.8807276,52.3835477],[4.8813212,52.3844999],[4.8812329,52.3849812],[4.8797883,52.3853373]]]},"properties":{"SELECTIE":10025,"LABEL":"10025-12532"}},{"id":219,"type":"Feature","geometry":{"type":"Polygon","coordinates":[[[4.8821963,52.3846743],[4.8819293,52.3843149],[4.8821725,52.3841791],[4.8822832,52.3842737],[4.8822858,52.3844534],[4.8821963,52.3846743]]]},"properties":{"SELECTIE":10025,"LABEL":"10025-12532"}},{"id":220,"type":"Feature","geometry":{"type":"Polygon","coordinates":[[[4.9128339,52.3609859],[4.9128869,52.3608209],[4.9130819,52.3606734],[4.9131825,52.360642],[4.9134761,52.3606356],[4.9140628,52.3606885],[4.9143563,52.3606935],[4.9156112,52.3606507],[4.9151918,52.361376],[4.9142152,52.3611606],[4.9134566,52.3610307],[4.9128339,52.3609859]]]},"properties":{"SELECTIE":7519,"LABEL":"7519-8354"}},{"id":221,"type":"Feature","geometry":{"type":"Polygon","coordinates":[[[4.9124186,52.3619707],[4.9127102,52.3615707],[4.91273,52.361506],[4.9135229,52.3615656],[4.9142781,52.361697],[4.9149121,52.361863],[4.9147914,52.3620603],[4.9140487,52.3620183],[4.9137549,52.3620221],[4.9134609,52.3620647],[4.9132317,52.362142],[4.9124186,52.3619707]]]},"properties":{"SELECTIE":7519,"LABEL":"7519-8354"}},{"id":222,"type":"Feature","geometry":{"type":"Polygon","coordinates":[[[4.9165134,52.3617088],[4.9164448,52.361706],[4.9157844,52.3615618],[4.9154436,52.3614304],[4.9155955,52.3611402],[4.9169669,52.3614539],[4.9170979,52.361053],[4.9174173,52.3610796],[4.9173103,52.3612295],[4.9170678,52.3614082],[4.9167637,52.3615868],[4.9165134,52.3617088]]]},"properties":{"SELECTIE":7519,"LABEL":"7519-8354"}},{"id":223,"type":"Feature","geometry":{"type":"Polygon","coordinates":[[[4.9352409,52.3610884],[4.9349068,52.3609369],[4.9346979,52.3607577],[4.9346452,52.3605779],[4.9347063,52.3603983],[4.9349155,52.3600406],[4.9352114,52.3597789],[4.935803,52.3593482],[4.9360138,52.359145],[4.9361457,52.3589657],[4.9366185,52.3581649],[4.9375787,52.3578594],[4.9390784,52.3581717],[4.9390994,52.3582579],[4.9392115,52.3584381],[4.9393343,52.3585474],[4.9394333,52.3586187],[4.9398001,52.3587997],[4.9399182,52.3588741],[4.9400335,52.3589804],[4.940208,52.3592498],[4.9403825,52.3596682],[4.9401638,52.3602615],[4.9399011,52.3605773],[4.9397778,52.360777],[4.9396201,52.3609562],[4.9392785,52.3611346],[4.9390141,52.3611901],[4.9387203,52.3612187],[4.9384265,52.3612244],[4.9381329,52.3612084],[4.9372534,52.3610841],[4.9369599,52.3610778],[4.9367258,52.3611124],[4.9365042,52.3610804],[4.9352409,52.3610884]]]},"properties":{"SELECTIE":7519,"LABEL":"7519-8354"}},{"id":224,"type":"Feature","geometry":{"type":"Polygon","coordinates":[[[4.9369263,52.35748],[4.936998,52.3573265],[4.9372928,52.3571995],[4.9375865,52.3571855],[4.9378497,52.3572275],[4.9371367,52.3575252],[4.9369263,52.35748]]]},"properties":{"SELECTIE":7519,"LABEL":"7519-8354"}},{"id":225,"type":"Feature","geometry":{"type":"Polygon","coordinates":[[[4.9899476,52.3784365],[4.989948,52.3783914],[4.9902433,52.3782127],[4.9902449,52.3780329],[4.991688,52.3771702],[4.9917365,52.3772225],[4.9916736,52.377431],[4.9913294,52.3777876],[4.9914821,52.3778429],[4.9911881,52.3782157],[4.9908783,52.3785469],[4.9899476,52.3784365]]]},"properties":{"SELECTIE":10025,"LABEL":"10025-12532"}},{"id":226,"type":"Feature","geometry":{"type":"Polygon","coordinates":[[[4.9244435,52.3981065],[4.9242425,52.3981582],[4.9239493,52.3980955],[4.9236253,52.3979235],[4.9234195,52.397743],[4.923372,52.397563],[4.923501,52.3973839],[4.9238127,52.3972053],[4.9242538,52.3970743],[4.924548,52.3970447],[4.924841,52.3971108],[4.9249615,52.3972098],[4.9250441,52.3973899],[4.9250247,52.3975695],[4.924933,52.3977489],[4.9248331,52.3978752],[4.924537,52.3980857],[4.9244435,52.3981065]]]},"properties":{"SELECTIE":12532,"LABEL":"> 12532"}},{"id":227,"type":"Feature","geometry":{"type":"Polygon","coordinates":[[[5.0485545,52.319341],[5.0488474,52.3194043],[5.0491405,52.3194473],[5.049433,52.319554],[5.0497259,52.3196087],[5.0500191,52.3196126],[5.0503127,52.3195895],[5.0506063,52.319548],[5.0523684,52.3192619],[5.0526618,52.3192508],[5.0529552,52.3192617],[5.0532479,52.319324],[5.0535411,52.319448],[5.0537573,52.3196295],[5.0542712,52.32017],[5.0550862,52.3208914],[5.0554354,52.3212519],[5.0559804,52.3216129],[5.0561635,52.3217155],[5.0561628,52.3217932],[5.0552789,52.32233],[5.0549856,52.3223291],[5.0546908,52.3225081],[5.0543976,52.3225072],[5.0541028,52.3226862],[5.0514627,52.3226788],[5.0511708,52.3224981],[5.0508774,52.3224973],[5.0505854,52.3223168],[5.050292,52.3223159],[5.0491242,52.3215935],[5.0491254,52.3214138],[5.0488334,52.3212332],[5.0488348,52.3210535],[5.0485428,52.3208729],[5.0485469,52.3203337],[5.0488417,52.3201547],[5.0488431,52.319975],[5.0485511,52.3197944],[5.0485545,52.319341]]]},"properties":{"SELECTIE":6683,"LABEL":"6683-7519"}},{"id":228,"type":"Feature","geometry":{"type":"Polygon","coordinates":[[[4.9448653,52.3926117],[4.9445727,52.3926997],[4.9442785,52.3927258],[4.9439849,52.3927018],[4.9436916,52.392644],[4.9433987,52.392564],[4.9430624,52.3924255],[4.9428365,52.392245],[4.9427551,52.3920649],[4.9427744,52.3918852],[4.9428779,52.3917059],[4.9430384,52.3915314],[4.9432097,52.3915072],[4.9441699,52.3915346],[4.9446272,52.3914058],[4.9449311,52.3910744],[4.9450866,52.3910297],[4.9451762,52.3910964],[4.9452364,52.3911754],[4.9453031,52.3913553],[4.9453323,52.3917151],[4.9452611,52.3920743],[4.9451918,52.3922537],[4.9450745,52.3924331],[4.9448653,52.3926117]]]},"properties":{"SELECTIE":12532,"LABEL":"> 12532"}},{"id":229,"type":"Feature","geometry":{"type":"Polygon","coordinates":[[[4.959344,52.3232809],[4.9593455,52.3231167],[4.9599339,52.3229574],[4.9600963,52.3229242],[4.9605212,52.3228767],[4.9608148,52.3228563],[4.9611082,52.3228556],[4.9614012,52.3228859],[4.9616939,52.3229643],[4.9619362,52.3231105],[4.9622451,52.3234711],[4.9625015,52.3236517],[4.9628596,52.3237646],[4.9631525,52.3238235],[4.9634455,52.3238559],[4.9643251,52.3239067],[4.965205,52.3239265],[4.9660853,52.3238989],[4.9663786,52.3239191],[4.9666713,52.3239742],[4.9668651,52.3240269],[4.967186,52.3242077],[4.9672551,52.3242837],[4.9675469,52.3244446],[4.9681331,52.3245173],[4.9681777,52.3245707],[4.9682578,52.3247508],[4.9682223,52.3252899],[4.9682553,52.3258293],[4.9683748,52.326369],[4.968114,52.3265478],[4.9678206,52.3265467],[4.9669375,52.3270815],[4.9598358,52.3246708],[4.9596253,52.3245402],[4.9596357,52.3234618],[4.959344,52.3232809]]]},"properties":{"SELECTIE":5013,"LABEL":"5013-5848"}},{"id":230,"type":"Feature","geometry":{"type":"Polygon","coordinates":[[[4.9244252,52.3921352],[4.9245516,52.3916129],[4.9248985,52.3915834],[4.9251922,52.3916029],[4.9253285,52.3916389],[4.9255149,52.3918194],[4.9254259,52.3919988],[4.9251869,52.3921144],[4.9248924,52.3921753],[4.9245986,52.3921722],[4.9244252,52.3921352]]]},"properties":{"SELECTIE":12532,"LABEL":"> 12532"}},{"id":231,"type":"Feature","geometry":{"type":"Polygon","coordinates":[[[4.934847,52.3904957],[4.9374349,52.3900509],[4.9376323,52.3904279],[4.9378353,52.3907502],[4.935355,52.3910687],[4.9351197,52.3906119],[4.934946,52.3906436],[4.934847,52.3904957]]]},"properties":{"SELECTIE":12532,"LABEL":"> 12532"}},{"id":232,"type":"Feature","geometry":{"type":"Polygon","coordinates":[[[4.9379514,52.3909426],[4.9379656,52.3909684],[4.9379107,52.3911479],[4.9375348,52.3913418],[4.9369431,52.3917349],[4.936648,52.3918724],[4.9363541,52.3918843],[4.9362222,52.3918605],[4.9360609,52.3918144],[4.9357447,52.391679],[4.9354646,52.3914982],[4.9352986,52.391241],[4.9360491,52.3911409],[4.9367569,52.3910818],[4.9379514,52.3909426]]]},"properties":{"SELECTIE":12532,"LABEL":"> 12532"}},{"id":233,"type":"Feature","geometry":{"type":"Polygon","coordinates":[[[4.8902917,52.3597133],[4.8899985,52.359667],[4.8899159,52.3595],[4.8899884,52.3593206],[4.890129,52.3592694],[4.8900968,52.3594406],[4.8903115,52.3596762],[4.8903441,52.3596877],[4.8902917,52.3597133]]]},"properties":{"SELECTIE":8354,"LABEL":"8354-10025"}},{"id":234,"type":"Feature","geometry":{"type":"Polygon","coordinates":[[[4.8913391,52.3575287],[4.8913604,52.3573491],[4.8914401,52.3571697],[4.8914953,52.3570969],[4.8916023,52.3569905],[4.8917915,52.3568561],[4.8918545,52.356823],[4.8918711,52.356812],[4.8919292,52.3567836],[4.8920868,52.3567007],[4.8922142,52.3566448],[4.8923819,52.3565632],[4.8926768,52.3564419],[4.8932659,52.3562709],[4.8935594,52.3562709],[4.8938515,52.3564052],[4.8940735,52.3566414],[4.8942011,52.3568217],[4.8942957,52.3570018],[4.8943084,52.3571816],[4.894212,52.3573609],[4.8940297,52.35754],[4.8937726,52.3577186],[4.8936001,52.3578105],[4.8914614,52.3579371],[4.89137,52.3577087],[4.8913391,52.3575287]]]},"properties":{"SELECTIE":8354,"LABEL":"8354-10025"}},{"id":235,"type":"Feature","geometry":{"type":"Polygon","coordinates":[[[4.8307352,52.3796302],[4.8304415,52.3796355],[4.8303491,52.3795476],[4.8302433,52.3793674],[4.830275,52.3791878],[4.8304484,52.3790824],[4.8306605,52.3791896],[4.8307399,52.379259],[4.8307843,52.3793699],[4.8307813,52.3795496],[4.8307352,52.3796302]]]},"properties":{"SELECTIE":6683,"LABEL":"6683-7519"}},{"id":236,"type":"Feature","geometry":{"type":"Polygon","coordinates":[[[4.8161554,52.3481254],[4.8162158,52.3466162],[4.8163108,52.3465332],[4.8177802,52.3465534],[4.8179382,52.3467548],[4.8179421,52.3467664],[4.8179551,52.3468066],[4.8180028,52.3469538],[4.8180291,52.3471336],[4.8180253,52.3473134],[4.8179839,52.3474929],[4.817889,52.3476722],[4.8177304,52.3478512],[4.8176296,52.3479493],[4.8173334,52.3481451],[4.8170385,52.3482584],[4.8167444,52.348298],[4.8164514,52.3482667],[4.8162928,52.3482039],[4.8161554,52.3481254]]]},"properties":{"SELECTIE":7519,"LABEL":"7519-8354"}},{"id":237,"type":"Feature","geometry":{"type":"Polygon","coordinates":[[[4.8958614,52.3743937],[4.8960054,52.3740882],[4.8961205,52.3739061],[4.896303,52.373693],[4.8964664,52.373548],[4.8965992,52.3734647],[4.8968943,52.3733233],[4.8974838,52.3731439],[4.8977779,52.3730958],[4.8980717,52.3730946],[4.8983649,52.3731339],[4.8986577,52.3732109],[4.8989501,52.373331],[4.8992422,52.3734791],[4.8995346,52.3735841],[4.8998279,52.3736304],[4.9004148,52.3736741],[4.9008397,52.3737397],[4.9013631,52.3747539],[4.901167,52.3750054],[4.9009682,52.3751844],[4.9004969,52.3755419],[4.9003932,52.3756447],[4.899875,52.376414],[4.8994577,52.3766829],[4.8990675,52.3765154],[4.8977521,52.3755321],[4.8975555,52.3755867],[4.8972867,52.3753549],[4.8963594,52.3747147],[4.8958614,52.3743937]]]},"properties":{"SELECTIE":7519,"LABEL":"7519-8354"}},{"id":238,"type":"Feature","geometry":{"type":"Polygon","coordinates":[[[4.8924321,52.377105],[4.8925632,52.3769471],[4.8928737,52.3767686],[4.8931431,52.37659],[4.8933106,52.3764109],[4.8933726,52.376314],[4.8941081,52.3767854],[4.8946043,52.3770165],[4.8952076,52.3774291],[4.8954688,52.3777546],[4.896852,52.3781227],[4.8969054,52.3782157],[4.8968691,52.3782458],[4.8953768,52.3777666],[4.8950839,52.3777],[4.894793,52.3776743],[4.8944964,52.3776909],[4.8939084,52.3777529],[4.8936146,52.3777572],[4.8933212,52.377731],[4.8930592,52.3776779],[4.8924321,52.377105]]]},"properties":{"SELECTIE":7519,"LABEL":"7519-8354"}},{"id":239,"type":"Feature","geometry":{"type":"Polygon","coordinates":[[[4.8935804,52.3760166],[4.8937592,52.3758735],[4.8947301,52.3753383],[4.8952668,52.3750106],[4.8965804,52.3760333],[4.8969804,52.376315],[4.8968614,52.3763132],[4.896567,52.3763844],[4.8962871,52.3766031],[4.8961797,52.3767823],[4.8961248,52.3769619],[4.8961437,52.3771417],[4.8962751,52.377322],[4.8965547,52.3774928],[4.8968474,52.3775865],[4.8971404,52.3776428],[4.8973099,52.3776533],[4.8970043,52.3779214],[4.8961271,52.3777243],[4.895763,52.3776079],[4.8952065,52.3769949],[4.8949422,52.3767822],[4.89448,52.3765808],[4.8937636,52.3761486],[4.8935804,52.3760166]]]},"properties":{"SELECTIE":7519,"LABEL":"7519-8354"}},{"id":240,"type":"Feature","geometry":{"type":"Polygon","coordinates":[[[4.9043576,52.3556457],[4.9043509,52.3556051],[4.9044498,52.3554257],[4.9045951,52.3552466],[4.9049449,52.3548885],[4.9051794,52.3547097],[4.9053202,52.3546328],[4.9056147,52.354542],[4.9059086,52.354519],[4.906132,52.3545462],[4.9056243,52.3551299],[4.9050893,52.355821],[4.9050118,52.3558443],[4.9043576,52.3556457]]]},"properties":{"SELECTIE":8354,"LABEL":"8354-10025"}},{"id":241,"type":"Feature","geometry":{"type":"Polygon","coordinates":[[[4.8269897,52.3753976],[4.8269695,52.3754504],[4.8266749,52.3755202],[4.8262078,52.3753938],[4.8263839,52.3752975],[4.8266775,52.3753154],[4.8269897,52.3753976]]]},"properties":{"SELECTIE":7519,"LABEL":"7519-8354"}},{"id":242,"type":"Feature","geometry":{"type":"Polygon","coordinates":[[[4.7857668,52.3531333],[4.7852702,52.3532358],[4.7849762,52.3532723],[4.7846825,52.353289],[4.7843889,52.353284],[4.7840994,52.3532561],[4.7838033,52.3531825],[4.7835766,52.353075],[4.7834609,52.3528947],[4.7834604,52.352715],[4.7835314,52.3525356],[4.7836728,52.3523566],[4.7838156,52.3522637],[4.7841107,52.3521532],[4.7844049,52.3521067],[4.7849922,52.3520903],[4.7852855,52.3521073],[4.7857646,52.3521874],[4.7863229,52.35237],[4.7864551,52.3524439],[4.7867474,52.3525444],[4.7870408,52.3525614],[4.7872445,52.3525389],[4.7857668,52.3531333]]]},"properties":{"SELECTIE":5848,"LABEL":"5848-6683"}},{"id":243,"type":"Feature","geometry":{"type":"Polygon","coordinates":[[[4.786562,52.3529668],[4.786666,52.3529246],[4.7875156,52.3527559],[4.7884902,52.3527608],[4.7891615,52.3528276],[4.7892292,52.3529239],[4.7892485,52.3531038],[4.7891932,52.3532832],[4.789084,52.3534322],[4.7887993,52.3536408],[4.7884931,52.3537157],[4.7881993,52.3537218],[4.7879063,52.3536762],[4.7877831,52.3536356],[4.7876143,52.3535652],[4.7874227,52.3534541],[4.7871775,52.353273],[4.7870329,52.3531421],[4.7867417,52.3529729],[4.786562,52.3529668]]]},"properties":{"SELECTIE":5848,"LABEL":"5848-6683"}},{"id":244,"type":"Feature","geometry":{"type":"Polygon","coordinates":[[[4.8786578,52.3956807],[4.8790188,52.395567],[4.8793132,52.3955181],[4.8796072,52.3955024],[4.879901,52.3955176],[4.8801941,52.3955685],[4.8804868,52.39567],[4.880701,52.3957849],[4.8799455,52.3963239],[4.8786578,52.3956807]]]},"properties":{"SELECTIE":10025,"LABEL":"10025-12532"}},{"id":245,"type":"Feature","geometry":{"type":"Polygon","coordinates":[[[4.8292191,52.3763068],[4.8293257,52.3761275],[4.8294834,52.3759485],[4.8296089,52.3757572],[4.8304031,52.3748744],[4.8306592,52.3745161],[4.8309831,52.3739838],[4.8349543,52.3733592],[4.8352745,52.374178],[4.8353139,52.374358],[4.8353219,52.3746435],[4.8338456,52.3748859],[4.8341946,52.375706],[4.8328395,52.3757719],[4.8322513,52.375834],[4.8319569,52.3758921],[4.8313671,52.3760842],[4.8307767,52.3763265],[4.830187,52.3765035],[4.829893,52.3765335],[4.8295992,52.376525],[4.8293914,52.3764873],[4.8293067,52.3764349],[4.8292191,52.3763068]]]},"properties":{"SELECTIE":5848,"LABEL":"5848-6683"}},{"id":246,"type":"Feature","geometry":{"type":"Polygon","coordinates":[[[4.8320486,52.3726342],[4.832284,52.3725455],[4.8325867,52.3724879],[4.8328809,52.3724503],[4.8334689,52.3723963],[4.8337628,52.3723828],[4.8340563,52.3723948],[4.8343495,52.3724465],[4.8345405,52.3725568],[4.8346407,52.3726459],[4.8346952,52.3727374],[4.8348432,52.3730802],[4.8323938,52.3734585],[4.8320486,52.3726342]]]},"properties":{"SELECTIE":5848,"LABEL":"5848-6683"}},{"id":247,"type":"Feature","geometry":{"type":"Polygon","coordinates":[[[4.885734,52.392531],[4.8861344,52.3927076],[4.8871192,52.3931812],[4.8862296,52.3938139],[4.8851601,52.39323],[4.884784,52.3935094],[4.8846749,52.3934595],[4.8848155,52.3932719],[4.8851825,52.392914],[4.8854046,52.3927353],[4.885734,52.392531]]]},"properties":{"SELECTIE":10025,"LABEL":"10025-12532"}},{"id":248,"type":"Feature","geometry":{"type":"Polygon","coordinates":[[[4.9067249,52.3911512],[4.9065588,52.3909661],[4.9062886,52.3904485],[4.9061516,52.3899775],[4.9061488,52.389466],[4.9062969,52.3889091],[4.9064685,52.3885804],[4.9067146,52.3886101],[4.907003,52.3886906],[4.9073001,52.3887974],[4.9077695,52.3890528],[4.9080252,52.3892336],[4.9082108,52.389414],[4.9083304,52.3895944],[4.9083776,52.3897742],[4.9083609,52.389954],[4.9082867,52.3901334],[4.9081527,52.3903126],[4.9079744,52.3904916],[4.9075725,52.3907773],[4.9072769,52.3909396],[4.9069819,52.3910677],[4.9067249,52.3911512]]]},"properties":{"SELECTIE":10025,"LABEL":"10025-12532"}},{"id":249,"type":"Feature","geometry":{"type":"Polygon","coordinates":[[[4.8872543,52.3722412],[4.8875101,52.3721041],[4.8875997,52.3720729],[4.8878045,52.3720405],[4.8880983,52.3720264],[4.8882397,52.3720388],[4.8882977,52.3723446],[4.8883645,52.3725365],[4.8880922,52.3725758],[4.8877987,52.3725567],[4.8875057,52.3724899],[4.8873277,52.3724313],[4.8872597,52.3722983],[4.8872543,52.3722412]]]},"properties":{"SELECTIE":10025,"LABEL":"10025-12532"}},{"id":250,"type":"Feature","geometry":{"type":"Polygon","coordinates":[[[4.8545677,52.370711],[4.8545001,52.3706708],[4.8543431,52.3705217],[4.8542885,52.3703103],[4.8543481,52.3701048],[4.8544808,52.3699517],[4.8546798,52.3697729],[4.8548325,52.3695938],[4.8548982,52.3694143],[4.8548816,52.3692345],[4.8543677,52.3683344],[4.8543169,52.3681534],[4.8543092,52.3679737],[4.8543478,52.3677941],[4.8546631,52.3668967],[4.8547484,52.3667175],[4.8548832,52.3665382],[4.8551373,52.3663596],[4.8555697,52.3661758],[4.8561314,52.3660046],[4.8564543,52.3658724],[4.8565598,52.3658267],[4.8570454,52.3655478],[4.8573402,52.3654595],[4.8576341,52.365438],[4.857788,52.3654487],[4.8573934,52.3677365],[4.8571256,52.3686632],[4.8566776,52.3687033],[4.856419,52.3688208],[4.8563239,52.3688815],[4.8564175,52.3689592],[4.8567106,52.3689987],[4.8570325,52.3689693],[4.8564082,52.3710252],[4.8545677,52.370711]]]},"properties":{"SELECTIE":10025,"LABEL":"10025-12532"}},{"id":251,"type":"Feature","geometry":{"type":"Polygon","coordinates":[[[4.8570197,52.3711324],[4.8567681,52.3710946],[4.8567618,52.371081],[4.8573973,52.3689533],[4.8575919,52.3689665],[4.8578841,52.3690943],[4.8581754,52.3692989],[4.8584367,52.3696099],[4.8584804,52.3697898],[4.8584577,52.3699695],[4.8583737,52.370149],[4.8581909,52.3703278],[4.8573108,52.3708632],[4.8570782,52.3710419],[4.8570197,52.3711324]]]},"properties":{"SELECTIE":10025,"LABEL":"10025-12532"}},{"id":252,"type":"Feature","geometry":{"type":"Polygon","coordinates":[[[4.8574898,52.368644],[4.8578194,52.3674313],[4.8581588,52.3655037],[4.8586431,52.3656563],[4.8589932,52.3658376],[4.8591807,52.3660182],[4.8591999,52.366198],[4.8587931,52.366726],[4.8584938,52.3672168],[4.8584034,52.3674527],[4.8583653,52.3676323],[4.8583355,52.3681714],[4.8582488,52.3683508],[4.858186,52.3684036],[4.8578905,52.3685561],[4.8575959,52.3686371],[4.8574898,52.368644]]]},"properties":{"SELECTIE":10025,"LABEL":"10025-12532"}},{"id":253,"type":"Feature","geometry":{"type":"Polygon","coordinates":[[[4.8552222,52.3709675],[4.8563492,52.3711639],[4.856296,52.371338],[4.8559756,52.3712166],[4.8552222,52.3709675]]]},"properties":{"SELECTIE":10025,"LABEL":"10025-12532"}},{"id":254,"type":"Feature","geometry":{"type":"Polygon","coordinates":[[[4.8969802,52.3712134],[4.8966232,52.3712758],[4.8963296,52.3712829],[4.8960364,52.3712421],[4.8959307,52.371209],[4.8957556,52.3710285],[4.895818,52.3708491],[4.8960452,52.3706702],[4.8963375,52.3705687],[4.8966316,52.3705113],[4.8969254,52.3705113],[4.8972181,52.3706043],[4.8973034,52.3706754],[4.8973643,52.3708554],[4.8972865,52.3710348],[4.8972125,52.3710955],[4.8969802,52.3712134]]]},"properties":{"SELECTIE":10025,"LABEL":"10025-12532"}},{"id":255,"type":"Feature","geometry":{"type":"Polygon","coordinates":[[[4.8819507,52.3702902],[4.8816566,52.3703206],[4.8813629,52.3703264],[4.8810697,52.3702917],[4.8809153,52.3702472],[4.8806319,52.3700662],[4.8805222,52.3698859],[4.8804995,52.3697062],[4.8804437,52.3695261],[4.8802872,52.3693458],[4.8802002,52.3692829],[4.8800242,52.3691648],[4.8793269,52.3687999],[4.8789328,52.3686209],[4.8784305,52.368439],[4.8780561,52.3682577],[4.8778652,52.3680741],[4.877804,52.367897],[4.8778373,52.3677174],[4.877927,52.3675381],[4.8781677,52.3672596],[4.878653,52.3668222],[4.8787519,52.3666428],[4.8787886,52.3664632],[4.878817,52.3660691],[4.8791556,52.3657552],[4.8793718,52.3652935],[4.8794717,52.3649864],[4.8796621,52.36498],[4.8797498,52.3650293],[4.8799532,52.3651954],[4.8800399,52.3653901],[4.8800924,52.36557],[4.8800985,52.3657499],[4.8800227,52.3664685],[4.8800769,52.3666486],[4.8803102,52.3668293],[4.8808128,52.3670634],[4.8811043,52.3672578],[4.8813952,52.367485],[4.8816874,52.367633],[4.8819802,52.3676912],[4.8823288,52.3676806],[4.8825556,52.3701491],[4.882245,52.3702348],[4.8819507,52.3702902]]]},"properties":{"SELECTIE":8354,"LABEL":"8354-10025"}},{"id":256,"type":"Feature","geometry":{"type":"Polygon","coordinates":[[[4.8826772,52.3676101],[4.8831575,52.3674587],[4.8834515,52.3674288],[4.8837443,52.3675082],[4.8838368,52.3675634],[4.8840244,52.3677438],[4.8840756,52.3679238],[4.8840841,52.3684632],[4.8839956,52.3690019],[4.8839857,52.3691817],[4.8840686,52.3697213],[4.8840115,52.3698351],[4.8839396,52.3699004],[4.8837165,52.369958],[4.8831284,52.3700295],[4.8828946,52.3700755],[4.8826772,52.3676101]]]},"properties":{"SELECTIE":8354,"LABEL":"8354-10025"}},{"id":257,"type":"Feature","geometry":{"type":"Polygon","coordinates":[[[4.8490058,52.3697221],[4.8484286,52.3696153],[4.8501227,52.365982],[4.8505792,52.3660553],[4.8508721,52.3661255],[4.8511644,52.3662246],[4.8514564,52.3663584],[4.8517176,52.366524],[4.8519163,52.3667047],[4.8520286,52.3668848],[4.8520493,52.3670648],[4.8520346,52.3671199],[4.8519888,52.3672442],[4.851849,52.3674234],[4.8509881,52.3683182],[4.8507613,52.368497],[4.8502518,52.3688439],[4.8493626,52.3695408],[4.8490058,52.3697221]]]},"properties":{"SELECTIE":10025,"LABEL":"10025-12532"}},{"id":258,"type":"Feature","geometry":{"type":"Polygon","coordinates":[[[4.8961431,52.3683762],[4.8957743,52.3683736],[4.895481,52.3683408],[4.8951883,52.3682697],[4.8948576,52.3681488],[4.8945753,52.3679678],[4.8944214,52.3677875],[4.8943457,52.3676074],[4.8943478,52.3674277],[4.8943856,52.3673493],[4.894482,52.3673371],[4.8956069,52.3678122],[4.8961433,52.3683493],[4.8961431,52.3683762]]]},"properties":{"SELECTIE":10025,"LABEL":"10025-12532"}},{"id":259,"type":"Feature","geometry":{"type":"Polygon","coordinates":[[[4.8964806,52.368341],[4.8959401,52.3677605],[4.8958999,52.3676656],[4.8960756,52.367641],[4.896974,52.3676866],[4.8970304,52.3677982],[4.8970603,52.3679781],[4.8969618,52.3681575],[4.8966561,52.3682993],[4.8964806,52.368341]]]},"properties":{"SELECTIE":10025,"LABEL":"10025-12532"}},{"id":260,"type":"Feature","geometry":{"type":"Polygon","coordinates":[[[4.8945109,52.3671693],[4.8946099,52.3670681],[4.89491,52.366882],[4.8952048,52.3667698],[4.8954986,52.366762],[4.8957911,52.3668567],[4.8962136,52.367062],[4.8961324,52.3670542],[4.8945109,52.3671693]]]},"properties":{"SELECTIE":10025,"LABEL":"10025-12532"}},{"id":261,"type":"Feature","geometry":{"type":"Polygon","coordinates":[[[5.0370751,52.2991272],[5.0370622,52.2987322],[5.0371402,52.2984891],[5.0375722,52.2983942],[5.0378658,52.2983528],[5.0384524,52.2983193],[5.0387455,52.298327],[5.0390382,52.2983865],[5.0392272,52.2985566],[5.0392667,52.2987365],[5.0392277,52.2989161],[5.0391251,52.2990956],[5.039032,52.2992002],[5.0389139,52.2992747],[5.0387375,52.2993559],[5.0384441,52.2993892],[5.038151,52.2993693],[5.0375991,52.2992708],[5.0370751,52.2991272]]]},"properties":{"SELECTIE":4177,"LABEL":"4177-5013"}},{"id":262,"type":"Feature","geometry":{"type":"Polygon","coordinates":[[[4.9412353,52.3200805],[4.9453223,52.3155737],[4.9489034,52.3167763],[4.948331,52.3174886],[4.9482074,52.3176679],[4.9479537,52.3181463],[4.9479075,52.3182061],[4.9476578,52.3184058],[4.9473636,52.3185111],[4.9471566,52.3185627],[4.9464817,52.3186873],[4.9456004,52.318828],[4.9453064,52.3188961],[4.945012,52.318991],[4.9444229,52.3192515],[4.943834,52.3194666],[4.9434634,52.3196275],[4.9431267,52.3198061],[4.9429495,52.3199242],[4.9426546,52.3200668],[4.9423608,52.3201248],[4.9412353,52.3200805]]]},"properties":{"SELECTIE":5848,"LABEL":"5848-6683"}},{"id":263,"type":"Feature","geometry":{"type":"Polygon","coordinates":[[[4.856236,52.3300622],[4.8564195,52.3294606],[4.8564481,52.3291551],[4.8565987,52.3291654],[4.8568913,52.3292271],[4.8571836,52.3293273],[4.8573337,52.3294257],[4.8573291,52.3299915],[4.8571691,52.3300582],[4.856881,52.3300936],[4.8565876,52.330095],[4.856236,52.3300622]]]},"properties":{"SELECTIE":10025,"LABEL":"10025-12532"}},{"id":264,"type":"Feature","geometry":{"type":"Polygon","coordinates":[[[4.8191407,52.3549861],[4.8207337,52.351888],[4.820968,52.3518901],[4.8208649,52.3520006],[4.8208851,52.3521805],[4.8210963,52.3523066],[4.8213898,52.35231],[4.8216984,52.3521843],[4.8222144,52.3519018],[4.8257647,52.351935],[4.8257083,52.3520236],[4.8255283,52.3522024],[4.8252048,52.3524129],[4.8249097,52.3525359],[4.824615,52.3526235],[4.8237317,52.3528234],[4.8234369,52.3529268],[4.8231255,52.3530899],[4.8228803,52.3532684],[4.822706,52.3534474],[4.822574,52.3536264],[4.8222757,52.3541643],[4.8221479,52.3543435],[4.8219486,52.3545366],[4.8216499,52.3547002],[4.8213582,52.3547995],[4.8210638,52.354874],[4.8207695,52.354921],[4.8201817,52.3549746],[4.8191407,52.3549861]]]},"properties":{"SELECTIE":8354,"LABEL":"8354-10025"}},{"id":265,"type":"Feature","geometry":{"type":"Polygon","coordinates":[[[4.815545,52.3521548],[4.8155791,52.3519752],[4.8157137,52.3518162],[4.8184751,52.3518473],[4.8184345,52.3524841],[4.8180548,52.3529401],[4.8177388,52.3535058],[4.817447,52.3534448],[4.8165598,52.3549846],[4.8163656,52.3549402],[4.8160738,52.3548066],[4.815909,52.3546731],[4.8157839,52.3545225],[4.8157065,52.3543127],[4.8157274,52.354133],[4.8157906,52.3539981],[4.815956,52.3537746],[4.8161197,52.3535956],[4.8162309,52.3534164],[4.8162558,52.3532368],[4.8161784,52.3530567],[4.8158076,52.3526739],[4.8156857,52.352515],[4.8155865,52.3523348],[4.815545,52.3521548]]]},"properties":{"SELECTIE":8354,"LABEL":"8354-10025"}},{"id":266,"type":"Feature","geometry":{"type":"Polygon","coordinates":[[[4.8207829,52.3505844],[4.8207584,52.3512213],[4.819106,52.3512134],[4.819725,52.3509167],[4.8206428,52.3505886],[4.8207829,52.3505844]]]},"properties":{"SELECTIE":8354,"LABEL":"8354-10025"}},{"id":267,"type":"Feature","geometry":{"type":"Polygon","coordinates":[[[4.9565381,52.3178782],[4.9566407,52.317519],[4.9567616,52.3173002],[4.9569317,52.3170599],[4.960956,52.318443],[4.959904,52.3195853],[4.957626,52.3189028],[4.9573336,52.3188013],[4.9570416,52.3186701],[4.9567503,52.3184607],[4.9565876,52.3182379],[4.9565373,52.3180579],[4.9565381,52.3178782]]]},"properties":{"SELECTIE":5013,"LABEL":"5013-5848"}},{"id":268,"type":"Feature","geometry":{"type":"Polygon","coordinates":[[[4.9616284,52.3198817],[4.9623683,52.3190306],[4.9636211,52.3194578],[4.9634863,52.3195741],[4.9631912,52.3197411],[4.9628973,52.3198202],[4.9626036,52.3198535],[4.9623101,52.3198679],[4.9616284,52.3198817]]]},"properties":{"SELECTIE":5013,"LABEL":"5013-5848"}},{"id":269,"type":"Feature","geometry":{"type":"Polygon","coordinates":[[[4.9570545,52.3168783],[4.9573561,52.31648],[4.9576182,52.316187],[4.958926,52.3166222],[4.9591091,52.3164039],[4.9593518,52.3166301],[4.9596991,52.3168578],[4.9609845,52.3175347],[4.9614685,52.3177494],[4.9610293,52.3182256],[4.9570545,52.3168783]]]},"properties":{"SELECTIE":5013,"LABEL":"5013-5848"}},{"id":270,"type":"Feature","geometry":{"type":"Polygon","coordinates":[[[4.9638948,52.3191843],[4.9626489,52.3187624],[4.9629715,52.3184095],[4.9635118,52.3181201],[4.9637929,52.3181782],[4.9639297,52.3182643],[4.9640729,52.3184445],[4.9641095,52.3186244],[4.9640949,52.3188041],[4.9640261,52.3189837],[4.9638948,52.3191843]]]},"properties":{"SELECTIE":5013,"LABEL":"5013-5848"}},{"id":271,"type":"Feature","geometry":{"type":"Polygon","coordinates":[[[4.8295172,52.3541986],[4.8292904,52.3543311],[4.8289966,52.3543489],[4.828762,52.354195],[4.8287058,52.3541307],[4.8286569,52.3540147],[4.8284173,52.3527554],[4.8284232,52.3525756],[4.8284811,52.3523962],[4.8286322,52.3522171],[4.8287307,52.3521501],[4.8290255,52.3520438],[4.8293194,52.3520253],[4.8296122,52.3520756],[4.8299148,52.3522231],[4.8300842,52.3524037],[4.8301733,52.3525838],[4.8302078,52.3527638],[4.8302084,52.3529436],[4.8301793,52.3531231],[4.8300379,52.353482],[4.8298846,52.3537604],[4.8296968,52.3540197],[4.8295862,52.3541484],[4.8295172,52.3541986]]]},"properties":{"SELECTIE":8354,"LABEL":"8354-10025"}},{"id":272,"type":"Feature","geometry":{"type":"Polygon","coordinates":[[[4.7956172,52.3489555],[4.7952886,52.34882],[4.795133,52.3486394],[4.7950801,52.3484594],[4.7950948,52.3482797],[4.7951604,52.3481003],[4.7953072,52.3478798],[4.7960168,52.3475491],[4.7969255,52.3482368],[4.7956172,52.3489555]]]},"properties":{"SELECTIE":8354,"LABEL":"8354-10025"}},{"id":273,"type":"Feature","geometry":{"type":"Polygon","coordinates":[[[4.7960745,52.3490231],[4.7974364,52.3483308],[4.7977403,52.348499],[4.797366,52.3487299],[4.7970707,52.3488664],[4.7967759,52.3489595],[4.7964815,52.3490157],[4.7960745,52.3490231]]]},"properties":{"SELECTIE":8354,"LABEL":"8354-10025"}},{"id":274,"type":"Feature","geometry":{"type":"Polygon","coordinates":[[[5.0343498,52.3089679],[5.0342632,52.3089896],[5.0339703,52.308962],[5.0338683,52.3087867],[5.0338942,52.3086069],[5.0339658,52.3084275],[5.034152,52.3083016],[5.0354411,52.3086003],[5.0353891,52.3087285],[5.0345574,52.3088757],[5.0343498,52.3089679]]]},"properties":{"SELECTIE":6683,"LABEL":"6683-7519"}},{"id":275,"type":"Feature","geometry":{"type":"Polygon","coordinates":[[[4.7652441,52.3788111],[4.7646765,52.3791887],[4.7634878,52.3796673],[4.7621936,52.3802567],[4.7605305,52.3812098],[4.7604977,52.3816865],[4.7599474,52.3820253],[4.7591949,52.3819657],[4.7587443,52.3816772],[4.7595433,52.3812045],[4.7587457,52.3806598],[4.7636187,52.3778533],[4.7637874,52.3779584],[4.7640812,52.37796],[4.765246,52.3786852],[4.7652441,52.3788111]]]},"properties":{"SELECTIE":5848,"LABEL":"5848-6683"}},{"id":276,"type":"Feature","geometry":{"type":"Polygon","coordinates":[[[4.8899301,52.4183166],[4.8896357,52.4183423],[4.8893426,52.4182729],[4.8890502,52.4181282],[4.8887594,52.417846],[4.8887027,52.4177345],[4.888672,52.4175545],[4.8887069,52.417375],[4.8888201,52.4171957],[4.8890626,52.4170168],[4.8893572,52.4169668],[4.8896509,52.4169856],[4.8898389,52.4170201],[4.8902369,52.41716],[4.8904176,52.4172024],[4.8905297,52.4172706],[4.890844,52.417384],[4.8907234,52.4175631],[4.8905243,52.4177521],[4.8902263,52.4181246],[4.8900119,52.4182793],[4.8899301,52.4183166]]]},"properties":{"SELECTIE":3342,"LABEL":"3342-4177"}},{"id":277,"type":"Feature","geometry":{"type":"Polygon","coordinates":[[[4.9649865,52.4095862],[4.9663614,52.4095517],[4.968429,52.4098197],[4.968209,52.4099527],[4.9661516,52.4099455],[4.9658593,52.4097646],[4.9652715,52.4097625],[4.9649865,52.4095862]]]},"properties":{"SELECTIE":5848,"LABEL":"5848-6683"}},{"id":278,"type":"Feature","geometry":{"type":"Polygon","coordinates":[[[4.935286,52.4023128],[4.9354279,52.402283],[4.9356204,52.402259],[4.935661,52.4022525],[4.9358246,52.4022335],[4.9359553,52.4022173],[4.936838,52.4021162],[4.937132,52.4020959],[4.937426,52.4020903],[4.9377267,52.4021108],[4.937745,52.4021121],[4.9380123,52.4022275],[4.9380786,52.4022931],[4.9380266,52.4024727],[4.9378356,52.4026517],[4.9375779,52.4028304],[4.9374186,52.4029214],[4.9372829,52.4030091],[4.9371806,52.4030571],[4.937122,52.4030905],[4.936948,52.4031662],[4.9369029,52.4031874],[4.936882,52.4031949],[4.9368268,52.403219],[4.9365561,52.4033125],[4.935286,52.4023128]]]},"properties":{"SELECTIE":4177,"LABEL":"4177-5013"}},{"id":279,"type":"Feature","geometry":{"type":"Polygon","coordinates":[[[4.9174055,52.4053246],[4.9177036,52.4051744],[4.9179984,52.4050827],[4.918293,52.4050274],[4.9185872,52.4050007],[4.9188812,52.4049944],[4.9191745,52.4050351],[4.9192219,52.4049166],[4.9195272,52.4043785],[4.9197566,52.40402],[4.9200705,52.4036851],[4.9203978,52.4034832],[4.9206614,52.4033926],[4.9209552,52.4033754],[4.9212484,52.4034597],[4.9215402,52.4036662],[4.9217077,52.403934],[4.9199142,52.4044299],[4.9200658,52.4049015],[4.9196487,52.4050101],[4.9194689,52.4049982],[4.9191739,52.4051055],[4.9191501,52.4051398],[4.9180109,52.4054364],[4.9176845,52.405451],[4.9174055,52.4053246]]]},"properties":{"SELECTIE":5013,"LABEL":"5013-5848"}},{"id":280,"type":"Feature","geometry":{"type":"Polygon","coordinates":[[[4.9171334,52.4056273],[4.9172518,52.4054472],[4.9174337,52.4056974],[4.9180483,52.4056121],[4.9189811,52.405365],[4.9187175,52.4056336],[4.9184329,52.4058122],[4.9182841,52.4058699],[4.9179895,52.405945],[4.9176952,52.4059661],[4.9174018,52.4059111],[4.9171983,52.4058073],[4.9171334,52.4056273]]]},"properties":{"SELECTIE":5013,"LABEL":"5013-5848"}},{"id":281,"type":"Feature","geometry":{"type":"Polygon","coordinates":[[[4.9449401,52.4024986],[4.9449797,52.402319],[4.945065,52.4022675],[4.9453586,52.4023065],[4.9456514,52.4024139],[4.9459438,52.4025524],[4.9461365,52.4026828],[4.9461772,52.4027204],[4.9462357,52.4027623],[4.9463329,52.4028633],[4.9464561,52.4030435],[4.9464947,52.4031588],[4.9458241,52.4034176],[4.945642,52.4033526],[4.9454245,52.4032195],[4.9452336,52.4030389],[4.9450885,52.4028586],[4.9449868,52.4026785],[4.9449401,52.4024986]]]},"properties":{"SELECTIE":5848,"LABEL":"5848-6683"}},{"id":282,"type":"Feature","geometry":{"type":"Polygon","coordinates":[[[4.9141992,52.4082176],[4.9142166,52.4079525],[4.914271,52.407773],[4.9143947,52.4075937],[4.9144454,52.4075504],[4.914628,52.4074149],[4.9149617,52.4072365],[4.9156276,52.4069447],[4.9159223,52.4068529],[4.9162169,52.4068013],[4.9165111,52.406776],[4.9179808,52.4067642],[4.9188631,52.406714],[4.9191568,52.4067263],[4.9194493,52.406844],[4.919502,52.4068949],[4.9195322,52.407015],[4.9152057,52.4089938],[4.914597,52.4085523],[4.9141992,52.4082176]]]},"properties":{"SELECTIE":7519,"LABEL":"7519-8354"}},{"id":283,"type":"Feature","geometry":{"type":"Polygon","coordinates":[[[4.9159575,52.4092507],[4.917516,52.4085293],[4.919202,52.4077815],[4.9188463,52.4082827],[4.9185488,52.4086388],[4.9182519,52.4089218],[4.917956,52.4091064],[4.917661,52.4092046],[4.9173666,52.4092415],[4.9159575,52.4092507]]]},"properties":{"SELECTIE":7519,"LABEL":"7519-8354"}},{"id":284,"type":"Feature","geometry":{"type":"Polygon","coordinates":[[[4.9142094,52.4084211],[4.9145433,52.4086798],[4.9149311,52.4090486],[4.9148775,52.4091761],[4.9148433,52.4091935],[4.9147222,52.4091642],[4.9144299,52.4090143],[4.9143124,52.4088516],[4.9142501,52.4086716],[4.9142094,52.4084211]]]},"properties":{"SELECTIE":7519,"LABEL":"7519-8354"}},{"id":285,"type":"Feature","geometry":{"type":"Polygon","coordinates":[[[4.9227753,52.4133788],[4.9228774,52.4131994],[4.9232043,52.4131529],[4.9234983,52.4131592],[4.9240856,52.4132123],[4.9242288,52.4132538],[4.9231376,52.413766],[4.9229133,52.413559],[4.9227753,52.4133788]]]},"properties":{"SELECTIE":6683,"LABEL":"6683-7519"}},{"id":286,"type":"Feature","geometry":{"type":"Polygon","coordinates":[[[4.9265851,52.4088999],[4.9264815,52.4089379],[4.9263519,52.4088989],[4.9261896,52.4087569],[4.9261741,52.4087185],[4.9261903,52.4086796],[4.9264102,52.4085396],[4.926486,52.4085173],[4.9265314,52.4085402],[4.9266792,52.4087205],[4.9265851,52.4088999]]]},"properties":{"SELECTIE":6683,"LABEL":"6683-7519"}},{"id":287,"type":"Feature","geometry":{"type":"Polygon","coordinates":[[[4.9095075,52.4044415],[4.9091898,52.4043213],[4.9090808,52.4041572],[4.9091648,52.4039777],[4.9094879,52.4039164],[4.9097816,52.4039546],[4.9098585,52.4039806],[4.9099789,52.4040704],[4.9094469,52.4043084],[4.9095075,52.4044415]]]},"properties":{"SELECTIE":4177,"LABEL":"4177-5013"}},{"id":288,"type":"Feature","geometry":{"type":"Polygon","coordinates":[[[4.9558486,52.3991097],[4.9556759,52.3990498],[4.9554638,52.3989423],[4.9553839,52.3988613],[4.9553298,52.398762],[4.9553858,52.3986596],[4.9554714,52.3985828],[4.955681,52.3985202],[4.9559749,52.3985116],[4.9563678,52.3985861],[4.9566152,52.3986965],[4.9558486,52.3991097]]]},"properties":{"SELECTIE":7519,"LABEL":"7519-8354"}},{"id":289,"type":"Feature","geometry":{"type":"Polygon","coordinates":[[[4.949154,52.3963037],[4.9497892,52.3961046],[4.9493186,52.3955693],[4.94954,52.3954772],[4.9498342,52.3954427],[4.9502121,52.3954558],[4.9505713,52.3959086],[4.9511629,52.3957262],[4.9513948,52.3958717],[4.951525,52.396052],[4.951526,52.3962316],[4.9513674,52.3964108],[4.9509986,52.3965611],[4.9507043,52.3966162],[4.9504102,52.396633],[4.9501165,52.3966234],[4.949823,52.396589],[4.9495299,52.3965074],[4.9492729,52.3964031],[4.949154,52.3963037]]]},"properties":{"SELECTIE":6683,"LABEL":"6683-7519"}},{"id":290,"type":"Feature","geometry":{"type":"Polygon","coordinates":[[[4.9163012,52.3897839],[4.9161036,52.3897587],[4.9158106,52.3896891],[4.9155177,52.3895975],[4.9152252,52.3894792],[4.9148321,52.3892608],[4.9146675,52.3890805],[4.9146252,52.3889005],[4.9146844,52.3887211],[4.9148529,52.3885419],[4.9149421,52.3884839],[4.915192,52.3883635],[4.9153943,52.3882881],[4.9168963,52.3893565],[4.916895,52.3894488],[4.916854,52.3895705],[4.9163012,52.3897839]]]},"properties":{"SELECTIE":6683,"LABEL":"6683-7519"}},{"id":291,"type":"Feature","geometry":{"type":"Polygon","coordinates":[[[4.9169602,52.3874032],[4.9173042,52.3873646],[4.9175973,52.3874246],[4.9176718,52.3874746],[4.9177182,52.3876546],[4.917683,52.3877238],[4.9169602,52.3874032]]]},"properties":{"SELECTIE":6683,"LABEL":"6683-7519"}},{"id":292,"type":"Feature","geometry":{"type":"Polygon","coordinates":[[[4.817234,52.3841202],[4.8172229,52.3839792],[4.8173224,52.3837999],[4.8174655,52.3836741],[4.8176145,52.3836216],[4.8177604,52.383592],[4.8178649,52.3836228],[4.8180275,52.3838032],[4.817967,52.3840074],[4.8173123,52.3840161],[4.817234,52.3841202]]]},"properties":{"SELECTIE":4177,"LABEL":"4177-5013"}},{"id":293,"type":"Feature","geometry":{"type":"Polygon","coordinates":[[[4.9223216,52.3880674],[4.9222908,52.3880325],[4.9222407,52.3878521],[4.9222436,52.3876724],[4.9222946,52.3874909],[4.922392,52.3873134],[4.9225953,52.3870724],[4.922891,52.3868897],[4.9231058,52.3868753],[4.9234797,52.3872748],[4.9234748,52.3876397],[4.9223216,52.3880674]]]},"properties":{"SELECTIE":5848,"LABEL":"5848-6683"}},{"id":294,"type":"Feature","geometry":{"type":"Polygon","coordinates":[[[4.9110927,52.3838578],[4.9114666,52.3838074],[4.9117604,52.3837995],[4.9120538,52.3838382],[4.9123463,52.3839583],[4.9124632,52.3840386],[4.9126716,52.3842192],[4.9128013,52.3843995],[4.9128829,52.3845796],[4.9128815,52.3847593],[4.9127287,52.3849384],[4.9125311,52.3850254],[4.9113324,52.3841605],[4.9110927,52.3838578]]]},"properties":{"SELECTIE":6683,"LABEL":"6683-7519"}},{"id":295,"type":"Feature","geometry":{"type":"Polygon","coordinates":[[[4.8920845,52.4201635],[4.8925553,52.4201611],[4.8927216,52.4202677],[4.8927367,52.4204476],[4.8928754,52.4211672],[4.8928849,52.4217065],[4.8928543,52.4218861],[4.8927907,52.4220656],[4.8926934,52.4222449],[4.8925487,52.4224241],[4.8923503,52.422603],[4.8920814,52.4227816],[4.8917265,52.4229599],[4.8913465,52.4231009],[4.8910518,52.4231703],[4.8907575,52.4231945],[4.890464,52.423151],[4.8901718,52.4229751],[4.8900435,52.4227731],[4.8899825,52.4225931],[4.8899337,52.4222625],[4.889958,52.4222627],[4.8901527,52.4219804],[4.8903598,52.4220251],[4.8905702,52.4217626],[4.8909883,52.4214911],[4.8912633,52.4211605],[4.89158,52.4206738],[4.8920845,52.4201635]]]},"properties":{"SELECTIE":6683,"LABEL":"6683-7519"}},{"id":296,"type":"Feature","geometry":{"type":"Polygon","coordinates":[[[4.9011208,52.4165566],[4.9008266,52.4165747],[4.9007393,52.4165261],[4.9007298,52.4163464],[4.9008497,52.4162241],[4.901196,52.4164998],[4.9011208,52.4165566]]]},"properties":{"SELECTIE":5848,"LABEL":"5848-6683"}},{"id":297,"type":"Feature","geometry":{"type":"Polygon","coordinates":[[[4.8973091,52.4156799],[4.8975087,52.4157938],[4.8976005,52.4158832],[4.8976471,52.4159741],[4.8976623,52.416154],[4.8975964,52.416247],[4.8974686,52.416333],[4.8973012,52.4163749],[4.8970074,52.416352],[4.8969484,52.4163308],[4.8966817,52.4161499],[4.8966708,52.4159759],[4.8967954,52.4159722],[4.8968998,52.4159239],[4.8969417,52.4157496],[4.8970144,52.4157103],[4.8973091,52.4156799]]]},"properties":{"SELECTIE":5848,"LABEL":"5848-6683"}},{"id":298,"type":"Feature","geometry":{"type":"Polygon","coordinates":[[[4.8127536,52.3841878],[4.8127605,52.3840445],[4.8130548,52.3840134],[4.813276,52.3841957],[4.8127536,52.3841878]]]},"properties":{"SELECTIE":5848,"LABEL":"5848-6683"}},{"id":299,"type":"Feature","geometry":{"type":"Polygon","coordinates":[[[4.8954244,52.4046592],[4.8992216,52.4030571],[4.8994717,52.4032194],[4.8997961,52.4033205],[4.9000895,52.4033708],[4.9006764,52.4034341],[4.9009694,52.403523],[4.9012609,52.4037519],[4.9014754,52.4041263],[4.901524,52.4043063],[4.9014951,52.4044859],[4.901364,52.4046651],[4.9011087,52.4048438],[4.9009543,52.404914],[4.9006563,52.4050215],[4.9003646,52.405078],[4.9000705,52.4051009],[4.8997767,52.4050955],[4.899483,52.4050721],[4.8990843,52.4050153],[4.898603,52.4049243],[4.8983092,52.404909],[4.8980152,52.4049251],[4.8977206,52.404975],[4.8971314,52.4051059],[4.8968371,52.4051505],[4.8965431,52.4051617],[4.8962495,52.4051248],[4.8959568,52.4050212],[4.8954244,52.4046592]]]},"properties":{"SELECTIE":5848,"LABEL":"5848-6683"}},{"id":300,"type":"Feature","geometry":{"type":"Polygon","coordinates":[[[4.9028983,52.3883342],[4.9026964,52.3881334],[4.902706,52.3879538],[4.9029043,52.3877898],[4.9031974,52.3878505],[4.9032843,52.3879561],[4.9032722,52.3881358],[4.903193,52.3882467],[4.9028983,52.3883342]]]},"properties":{"SELECTIE":5848,"LABEL":"5848-6683"}},{"id":301,"type":"Feature","geometry":{"type":"Polygon","coordinates":[[[4.8821124,52.3269318],[4.8818555,52.3269997],[4.8815622,52.3270017],[4.8812638,52.3269282],[4.8810385,52.3267475],[4.8809926,52.3265674],[4.8810964,52.3263882],[4.8812771,52.3262597],[4.8813886,52.3262097],[4.8815718,52.3261581],[4.8818652,52.3261458],[4.8821577,52.3262255],[4.8823612,52.3263936],[4.8824331,52.3265736],[4.8823616,52.3267531],[4.8821124,52.3269318]]]},"properties":{"SELECTIE":8354,"LABEL":"8354-10025"}},{"id":302,"type":"Feature","geometry":{"type":"Polygon","coordinates":[[[4.9774758,52.3190019],[4.9775716,52.3189854],[4.9778649,52.318994],[4.9781578,52.3190413],[4.9784502,52.3191304],[4.9785797,52.3192145],[4.9787413,52.3193725],[4.9788379,52.3195749],[4.9788238,52.3197545],[4.9786218,52.3199336],[4.9784424,52.3199877],[4.9781488,52.3200242],[4.9778555,52.3200211],[4.9775623,52.3199876],[4.977271,52.3199276],[4.9768854,52.3197479],[4.9768463,52.3197033],[4.9774758,52.3190019]]]},"properties":{"SELECTIE":5013,"LABEL":"5013-5848"}},{"id":303,"type":"Feature","geometry":{"type":"Polygon","coordinates":[[[4.9979384,52.2987877],[4.9979938,52.2986081],[4.9982021,52.29838],[5.0000995,52.2983796],[5.0000688,52.2994981],[4.9991547,52.2994549],[4.9988618,52.2994244],[4.998569,52.2993665],[4.998277,52.2992488],[4.9981207,52.2991478],[4.9979859,52.2989922],[4.9979384,52.2987877]]]},"properties":{"SELECTIE":7519,"LABEL":"7519-8354"}},{"id":304,"type":"Feature","geometry":{"type":"Polygon","coordinates":[[[4.9494949,52.3212859],[4.9501387,52.3204764],[4.9498448,52.320316],[4.9495973,52.3201113],[4.9494085,52.319871],[4.94932,52.3195547],[4.9494391,52.3192952],[4.9522496,52.3201716],[4.9522792,52.3205589],[4.9522588,52.3207386],[4.9522085,52.3209182],[4.9521153,52.3210976],[4.9520304,52.3211969],[4.9519029,52.3212766],[4.9517355,52.3213511],[4.9514416,52.3214138],[4.951148,52.3214445],[4.9502677,52.321474],[4.9499684,52.3214496],[4.9496818,52.3213898],[4.9494949,52.3212859]]]},"properties":{"SELECTIE":5848,"LABEL":"5848-6683"}},{"id":305,"type":"Feature","geometry":{"type":"Polygon","coordinates":[[[4.92995,52.3575115],[4.9296555,52.3576024],[4.9293618,52.3576158],[4.9290685,52.3575888],[4.9287757,52.3575253],[4.9287055,52.3574992],[4.9284658,52.3573185],[4.9284606,52.3571388],[4.9286493,52.3569597],[4.9287821,52.3568959],[4.9290764,52.3568281],[4.9293699,52.3568342],[4.9296625,52.3569167],[4.9297594,52.356964],[4.9299772,52.3571446],[4.9300364,52.3573246],[4.92995,52.3575115]]]},"properties":{"SELECTIE":7519,"LABEL":"7519-8354"}},{"id":306,"type":"Feature","geometry":{"type":"MultiPolygon","coordinates":[[[[4.9466178,52.3435922],[4.9453333,52.3443912],[4.9439289,52.3437062],[4.9437301,52.3430257],[4.9385945,52.3400356],[4.9407867,52.3386759],[4.9436275,52.3381831],[4.9500353,52.3400028],[4.950129,52.3400601],[4.9500268,52.3403235],[4.9499954,52.340503],[4.9500215,52.340683],[4.9500883,52.340863],[4.9503591,52.3412647],[4.9487629,52.3422577],[4.948185,52.3424737],[4.9478214,52.3426521],[4.9466178,52.3435922]],[[4.9439108,52.3412188],[4.9442047,52.3411782],[4.9444989,52.3411045],[4.9447935,52.3409934],[4.9450537,52.3408443],[4.9451928,52.340665],[4.9451586,52.3404852],[4.9450924,52.3404443],[4.9447998,52.3403486],[4.9445069,52.340313],[4.9442132,52.3403179],[4.9439193,52.3403671],[4.9436115,52.3404794],[4.9433845,52.3406583],[4.9432709,52.3408376],[4.9432606,52.3410174],[4.943325,52.3410976],[4.9435332,52.3411981],[4.9436174,52.3412142],[4.9439108,52.3412188]]]]},"properties":{"SELECTIE":8354,"LABEL":"8354-10025"}},{"id":307,"type":"Feature","geometry":{"type":"Polygon","coordinates":[[[5.0375572,52.3048878],[5.0372292,52.3047598],[5.0367688,52.305144],[5.0364133,52.3049239],[5.0365307,52.30453],[5.0364877,52.3042646],[5.0369392,52.3043433],[5.0375244,52.3044835],[5.0376593,52.3046635],[5.0375572,52.3048878]]]},"properties":{"SELECTIE":7519,"LABEL":"7519-8354"}},{"id":308,"type":"Feature","geometry":{"type":"Polygon","coordinates":[[[5.0198624,52.3066998],[5.0196195,52.306638],[5.0194773,52.3065859],[5.0190723,52.3064049],[5.0188723,52.3062244],[5.0188158,52.3060446],[5.0188925,52.305865],[5.0191088,52.305686],[5.0193351,52.3055687],[5.0196292,52.3054569],[5.0201081,52.3053358],[5.0198624,52.3066998]]]},"properties":{"SELECTIE":7519,"LABEL":"7519-8354"}},{"id":309,"type":"Feature","geometry":{"type":"Polygon","coordinates":[[[4.8693139,52.3229578],[4.8693185,52.3228619],[4.8703065,52.3228801],[4.8701674,52.3229401],[4.8698733,52.3229926],[4.86958,52.3229963],[4.8693139,52.3229578]]]},"properties":{"SELECTIE":10025,"LABEL":"10025-12532"}},{"id":310,"type":"Feature","geometry":{"type":"Polygon","coordinates":[[[4.8216984,52.3521843],[4.8213898,52.35231],[4.8210963,52.3523066],[4.8208851,52.3521805],[4.8208649,52.3520006],[4.820968,52.3518901],[4.8222144,52.3519018],[4.8216984,52.3521843]]]},"properties":{"SELECTIE":10025,"LABEL":"10025-12532"}},{"id":311,"type":"Feature","geometry":{"type":"Polygon","coordinates":[[[5.0470194,52.3100188],[5.0473353,52.3100981],[5.0466746,52.3104692],[5.0468639,52.3102477],[5.0470194,52.3100188]]]},"properties":{"SELECTIE":5848,"LABEL":"5848-6683"}},{"id":312,"type":"Feature","geometry":{"type":"Polygon","coordinates":[[[5.0116594,52.3052666],[5.0113278,52.3054678],[5.0105936,52.3061681],[5.0104324,52.3060932],[5.0098005,52.3058681],[5.0101975,52.3051666],[5.0110242,52.3047644],[5.0116594,52.3052666]]]},"properties":{"SELECTIE":7519,"LABEL":"7519-8354"}},{"id":313,"type":"Feature","geometry":{"type":"Polygon","coordinates":[[[5.0109041,52.3067157],[5.010954,52.3066074],[5.0109823,52.306467],[5.011133,52.3061864],[5.0115683,52.3057166],[5.0119091,52.3054811],[5.0120858,52.305664],[5.0121674,52.3057855],[5.0119035,52.3059656],[5.0114373,52.306729],[5.0111145,52.3067367],[5.0109041,52.3067157]]]},"properties":{"SELECTIE":7519,"LABEL":"7519-8354"}},{"id":314,"type":"Feature","geometry":{"type":"Polygon","coordinates":[[[4.9235408,52.3458264],[4.9232901,52.3456145],[4.923131,52.3454341],[4.9230507,52.3452541],[4.9230996,52.3450745],[4.9233311,52.3448998],[4.9241153,52.3445391],[4.9248032,52.3442692],[4.9253919,52.3441092],[4.925686,52.3440492],[4.9259799,52.3440095],[4.9262735,52.3439935],[4.9265667,52.3440282],[4.9268483,52.3441903],[4.9269068,52.3443704],[4.9268852,52.34455],[4.9267201,52.3452683],[4.9267098,52.3457333],[4.9261168,52.3454248],[4.9255104,52.3458262],[4.9235408,52.3458264]]]},"properties":{"SELECTIE":10025,"LABEL":"10025-12532"}},{"id":315,"type":"Feature","geometry":{"type":"Polygon","coordinates":[[[4.9239011,52.3460836],[4.9256023,52.3460828],[4.9249542,52.3465995],[4.9249732,52.3466923],[4.9240057,52.3461566],[4.9239011,52.3460836]]]},"properties":{"SELECTIE":10025,"LABEL":"10025-12532"}},{"id":316,"type":"Feature","geometry":{"type":"Polygon","coordinates":[[[4.9721512,52.3023297],[4.9722314,52.3022957],[4.972415,52.3021164],[4.972456,52.3019369],[4.9724074,52.301757],[4.972213,52.3015765],[4.9718269,52.3013954],[4.9704083,52.3008371],[4.9692401,52.3003389],[4.9689479,52.3002256],[4.9686139,52.3001259],[4.9683115,52.2999451],[4.968381,52.2997655],[4.9686596,52.2997117],[4.9689528,52.2997076],[4.9695387,52.2997547],[4.9707115,52.2997619],[4.9710045,52.2997773],[4.9712973,52.2998242],[4.9717457,52.2999571],[4.9721461,52.3001383],[4.9724541,52.3003191],[4.9727564,52.3005628],[4.9732952,52.3010535],[4.9730909,52.3012447],[4.973149,52.3014665],[4.9723738,52.302294],[4.9721512,52.3023297]]]},"properties":{"SELECTIE":6683,"LABEL":"6683-7519"}},{"id":317,"type":"Feature","geometry":{"type":"Polygon","coordinates":[[[4.9691675,52.3057132],[4.9688991,52.3053402],[4.9688161,52.3051597],[4.9687679,52.3049797],[4.9687576,52.3048],[4.9687895,52.3046203],[4.9688743,52.3044409],[4.9690494,52.3042618],[4.9692043,52.3041409],[4.969995,52.3037258],[4.9702105,52.3035468],[4.970304,52.3033674],[4.9703094,52.3031876],[4.9702844,52.3030079],[4.9703323,52.3028282],[4.9703902,52.3027709],[4.9706847,52.30262],[4.9712125,52.3025438],[4.9708637,52.3028423],[4.9712609,52.3038309],[4.9712274,52.3041905],[4.9710742,52.3044852],[4.9703655,52.3046211],[4.9699578,52.3047581],[4.9691675,52.3057132]]]},"properties":{"SELECTIE":6683,"LABEL":"6683-7519"}},{"id":318,"type":"Feature","geometry":{"type":"Polygon","coordinates":[[[4.795337,52.3493977],[4.7960745,52.3490231],[4.7964815,52.3490157],[4.7967759,52.3489595],[4.7970707,52.3488664],[4.797366,52.3487299],[4.7977403,52.348499],[4.7981281,52.3487136],[4.7976508,52.3490106],[4.7973603,52.3491584],[4.7970651,52.3492764],[4.7967706,52.3493597],[4.7964763,52.3494069],[4.7961825,52.3494285],[4.795889,52.3494309],[4.795337,52.3493977]]]},"properties":{"SELECTIE":7519,"LABEL":"7519-8354"}},{"id":319,"type":"Feature","geometry":{"type":"Polygon","coordinates":[[[4.7941573,52.3488143],[4.7941678,52.3486347],[4.794298,52.3482757],[4.7945218,52.3479174],[4.7946796,52.3477385],[4.7949545,52.3475079],[4.794206,52.3489494],[4.7941573,52.3488143]]]},"properties":{"SELECTIE":7519,"LABEL":"7519-8354"}},{"id":320,"type":"Feature","geometry":{"type":"Polygon","coordinates":[[[4.7956172,52.3489555],[4.7949906,52.3492996],[4.794585,52.3490036],[4.7951356,52.3479598],[4.7953072,52.3478798],[4.7951604,52.3481003],[4.7950948,52.3482797],[4.7950801,52.3484594],[4.795133,52.3486394],[4.7952886,52.34882],[4.7956172,52.3489555]]]},"properties":{"SELECTIE":7519,"LABEL":"7519-8354"}},{"id":321,"type":"Feature","geometry":{"type":"Polygon","coordinates":[[[4.8973099,52.3776533],[4.8971404,52.3776428],[4.8968474,52.3775865],[4.8965547,52.3774928],[4.8962751,52.377322],[4.8961437,52.3771417],[4.8961248,52.3769619],[4.8961797,52.3767823],[4.8962871,52.3766031],[4.896567,52.3763844],[4.8968614,52.3763132],[4.8969804,52.376315],[4.8973746,52.3765928],[4.8980858,52.3771481],[4.8980684,52.3772115],[4.8973099,52.3776533]]]},"properties":{"SELECTIE":6683,"LABEL":"6683-7519"}},{"id":322,"type":"Feature","geometry":{"type":"Polygon","coordinates":[[[4.7999742,52.3421923],[4.7998,52.3422333],[4.7995061,52.3422755],[4.7992124,52.3422851],[4.7989192,52.3422618],[4.7986264,52.3422065],[4.7983339,52.3421266],[4.7980419,52.3420209],[4.7976022,52.3418211],[4.797288,52.3416398],[4.7962953,52.3409536],[4.7959298,52.3407342],[4.7957217,52.3405864],[4.7966668,52.3405941],[4.7968444,52.3406846],[4.7972608,52.3406756],[4.7974543,52.3409216],[4.7977957,52.3412828],[4.798049,52.3414796],[4.7983621,52.3416451],[4.7986326,52.341738],[4.7989253,52.3417958],[4.7992188,52.3418063],[4.7995127,52.3417667],[4.7998604,52.3416525],[4.8001736,52.3414743],[4.8003772,52.3412955],[4.8005994,52.3410165],[4.8010821,52.3409345],[4.8012312,52.3407063],[4.8050347,52.3406156],[4.8053932,52.3405477],[4.805814,52.3406691],[4.8066914,52.3406635],[4.8066812,52.3408366],[4.8066587,52.340967],[4.80655,52.3411462],[4.8062693,52.3412722],[4.8059754,52.3412978],[4.8056826,52.3412491],[4.8053903,52.3411584],[4.8048073,52.3408623],[4.8045151,52.3407648],[4.8042223,52.3407064],[4.8039289,52.3407007],[4.8036349,52.3407451],[4.8033401,52.3408473],[4.803044,52.3410504],[4.8027284,52.3413072],[4.8024485,52.341485],[4.8021563,52.3416007],[4.8018617,52.3416825],[4.8012733,52.3417978],[4.8009787,52.3418742],[4.8003892,52.3420711],[4.7999742,52.3421923]]]},"properties":{"SELECTIE":7519,"LABEL":"7519-8354"}},{"id":323,"type":"Feature","geometry":{"type":"Polygon","coordinates":[[[4.8078983,52.3497432],[4.8045017,52.3490625],[4.8049732,52.3482236],[4.8053019,52.347927],[4.8055976,52.3477594],[4.8058921,52.3476751],[4.8061856,52.3476813],[4.8064777,52.3477858],[4.8067693,52.3479398],[4.8070604,52.3481246],[4.8073509,52.3483403],[4.8075509,52.3485209],[4.8076959,52.3487014],[4.8077935,52.3488817],[4.8078439,52.3490616],[4.8078983,52.3497432]]]},"properties":{"SELECTIE":5013,"LABEL":"5013-5848"}},{"id":324,"type":"Feature","geometry":{"type":"Polygon","coordinates":[[[4.8061393,52.3512209],[4.805846,52.3512115],[4.8055529,52.3511696],[4.8052607,52.3510706],[4.8051721,52.3510259],[4.8049067,52.3508448],[4.8046927,52.3506641],[4.8044993,52.3504833],[4.8043466,52.350287],[4.8077007,52.3509596],[4.8076092,52.3510477],[4.8073149,52.3511127],[4.806433,52.3512079],[4.8061393,52.3512209]]]},"properties":{"SELECTIE":5013,"LABEL":"5013-5848"}},{"id":325,"type":"Feature","geometry":{"type":"MultiPolygon","coordinates":[[[[4.9505017,52.3246835],[4.9484954,52.3269683],[4.9430865,52.3250901],[4.943569,52.3245176],[4.9449594,52.3242983],[4.9455474,52.3241814],[4.9458415,52.3241069],[4.9461827,52.3239517],[4.9463317,52.3237725],[4.9464337,52.3235317],[4.9465539,52.3233444],[4.9505017,52.3246835]],[[4.9481822,52.324718],[4.9482002,52.3246782],[4.9481829,52.3246564],[4.948017,52.3244978],[4.9478918,52.3244209],[4.947599,52.3243722],[4.9474323,52.3244956],[4.947521,52.3246756],[4.9475954,52.3247251],[4.9478878,52.3248234],[4.9481822,52.324718]]]]},"properties":{"SELECTIE":5848,"LABEL":"5848-6683"}},{"id":326,"type":"Feature","geometry":{"type":"Polygon","coordinates":[[[4.9509182,52.3241571],[4.950875,52.3241987],[4.9491879,52.3235761],[4.9495214,52.3232066],[4.9501358,52.3236069],[4.9508285,52.3241145],[4.9509182,52.3241571]]]},"properties":{"SELECTIE":5848,"LABEL":"5848-6683"}},{"id":327,"type":"Feature","geometry":{"type":"Polygon","coordinates":[[[4.9484769,52.322654],[4.9481115,52.3232041],[4.9472207,52.3229007],[4.9476147,52.3227754],[4.9479112,52.3227011],[4.9482026,52.322656],[4.9484769,52.322654]]]},"properties":{"SELECTIE":5848,"LABEL":"5848-6683"}},{"id":328,"type":"Feature","geometry":{"type":"Polygon","coordinates":[[[4.7770925,52.3683482],[4.7771374,52.3683212],[4.7771471,52.3676022],[4.7774432,52.367424],[4.7777369,52.3674256],[4.7779874,52.3674268],[4.7782191,52.3676078],[4.7785334,52.3677891],[4.7795235,52.3683335],[4.7802362,52.3686966],[4.7809455,52.3690061],[4.7818819,52.3693479],[4.7812147,52.3696984],[4.7809095,52.3695498],[4.7807922,52.3696178],[4.7803529,52.3693894],[4.7800608,52.3692769],[4.7797684,52.3691853],[4.7791765,52.369051],[4.7777718,52.3688471],[4.7770925,52.3683482]]]},"properties":{"SELECTIE":7519,"LABEL":"7519-8354"}},{"id":329,"type":"Feature","geometry":{"type":"Polygon","coordinates":[[[4.8829356,52.3231114],[4.8870138,52.3231857],[4.8868851,52.3232546],[4.8865893,52.3234847],[4.8862335,52.3238934],[4.8859954,52.324072],[4.8857012,52.3241837],[4.8854072,52.3242373],[4.8851904,52.3242486],[4.8848206,52.3242348],[4.8845277,52.3241862],[4.8842354,52.3240985],[4.8839434,52.3239679],[4.8836523,52.3237845],[4.8833615,52.3235487],[4.8829356,52.3231114]]]},"properties":{"SELECTIE":8354,"LABEL":"8354-10025"}},{"id":330,"type":"Feature","geometry":{"type":"Polygon","coordinates":[[[4.8188364,52.3588606],[4.819253,52.3587387],[4.8195473,52.3586743],[4.8201358,52.3585747],[4.8204298,52.3585389],[4.8216054,52.3584457],[4.8221928,52.3584276],[4.8224863,52.358433],[4.8227796,52.3584584],[4.8230727,52.3585055],[4.8233652,52.3585816],[4.8236573,52.3587075],[4.8238738,52.3588455],[4.8240615,52.3590262],[4.8241646,52.3592064],[4.8242121,52.3593863],[4.824225,52.3595662],[4.8241915,52.3599255],[4.824103,52.3602846],[4.8240315,52.3604641],[4.8237575,52.361002],[4.8235142,52.3613604],[4.8231604,52.3617182],[4.8227344,52.3620227],[4.822074,52.362431],[4.8214062,52.3617762],[4.8221388,52.3613538],[4.8224521,52.3611241],[4.8227494,52.3608382],[4.8230212,52.3604592],[4.8231825,52.3601005],[4.8232528,52.3597413],[4.8232374,52.3595615],[4.8231683,52.3593814],[4.8230631,52.359257],[4.8229908,52.3592009],[4.8227714,52.3591011],[4.8224788,52.3590301],[4.8221855,52.3589986],[4.8215986,52.3589863],[4.8210109,52.3590176],[4.8204228,52.3590867],[4.8197522,52.3591854],[4.8189746,52.3593396],[4.8188378,52.3590745],[4.8188364,52.3588606]]]},"properties":{"SELECTIE":8354,"LABEL":"8354-10025"}},{"id":331,"type":"Feature","geometry":{"type":"Polygon","coordinates":[[[4.9848307,52.3260451],[4.9811347,52.3291436],[4.9811605,52.3287502],[4.9812133,52.3285707],[4.9812968,52.3283901],[4.9813957,52.3282118],[4.9815341,52.3280324],[4.9818681,52.3276741],[4.9819784,52.3274948],[4.982054,52.3273152],[4.9820811,52.3271356],[4.9820527,52.3267759],[4.982078,52.3264166],[4.9821262,52.3262369],[4.9822714,52.3260578],[4.9824948,52.3259646],[4.9827886,52.3259058],[4.9830823,52.3258896],[4.9836686,52.3259165],[4.9848307,52.3260451]]]},"properties":{"SELECTIE":5848,"LABEL":"5848-6683"}},{"id":332,"type":"Feature","geometry":{"type":"Polygon","coordinates":[[[4.8575871,52.3286151],[4.858071,52.3287228],[4.8583638,52.3287668],[4.8586569,52.3287882],[4.8589505,52.3287749],[4.8592448,52.3287051],[4.859432,52.3286307],[4.859529,52.3284513],[4.8595446,52.3282716],[4.8596529,52.3280924],[4.8598401,52.3279837],[4.8601329,52.3280296],[4.8602474,52.328095],[4.8604381,52.3282756],[4.8605032,52.3286354],[4.8606427,52.3291752],[4.8606434,52.329355],[4.8605824,52.3295346],[4.8604792,52.3297138],[4.860334,52.3298929],[4.860152,52.3300718],[4.859812,52.3303399],[4.8596794,52.3304292],[4.8593442,52.3306075],[4.8580816,52.3311412],[4.8577476,52.3313215],[4.8575804,52.3314312],[4.8575871,52.3286151]]]},"properties":{"SELECTIE":8354,"LABEL":"8354-10025"}},{"id":333,"type":"Feature","geometry":{"type":"Polygon","coordinates":[[[4.8564481,52.3291551],[4.8565475,52.3280914],[4.8567013,52.3282589],[4.8570453,52.3284402],[4.8573411,52.3285367],[4.8573337,52.3294257],[4.8571836,52.3293273],[4.8568913,52.3292271],[4.8565987,52.3291654],[4.8564481,52.3291551]]]},"properties":{"SELECTIE":8354,"LABEL":"8354-10025"}},{"id":334,"type":"Feature","geometry":{"type":"Polygon","coordinates":[[[4.8567229,52.3263738],[4.8571056,52.3264632],[4.8574028,52.3265756],[4.8573839,52.3275368],[4.8571989,52.3275945],[4.8567443,52.3275984],[4.8567229,52.3263738]]]},"properties":{"SELECTIE":8354,"LABEL":"8354-10025"}},{"id":335,"type":"Feature","geometry":{"type":"Polygon","coordinates":[[[4.8576489,52.3267031],[4.8578278,52.3268259],[4.8579606,52.3270062],[4.8579688,52.3271861],[4.8577958,52.3273682],[4.8576488,52.327431],[4.8576489,52.3267031]]]},"properties":{"SELECTIE":8354,"LABEL":"8354-10025"}},{"id":336,"type":"Feature","geometry":{"type":"Polygon","coordinates":[[[4.8556062,52.3321266],[4.856236,52.3300622],[4.8565876,52.330095],[4.856881,52.3300936],[4.8571691,52.3300582],[4.8573291,52.3299915],[4.8573157,52.3316156],[4.8571549,52.3317324],[4.8568597,52.3318789],[4.8565652,52.3319673],[4.8556062,52.3321266]]]},"properties":{"SELECTIE":8354,"LABEL":"8354-10025"}},{"id":337,"type":"Feature","geometry":{"type":"Polygon","coordinates":[[[4.8461663,52.3848302],[4.8459297,52.3848273],[4.8456322,52.3847275],[4.8455115,52.3845769],[4.8455145,52.3844269],[4.8461663,52.3848302]]]},"properties":{"SELECTIE":10025,"LABEL":"10025-12532"}},{"id":338,"type":"Feature","geometry":{"type":"Polygon","coordinates":[[[4.8481274,52.3862822],[4.847602,52.3862528],[4.8476752,52.3859064],[4.8481274,52.3862822]]]},"properties":{"SELECTIE":10025,"LABEL":"10025-12532"}},{"id":339,"type":"Feature","geometry":{"type":"Polygon","coordinates":[[[4.9906343,52.2903828],[4.9931505,52.290108],[4.9935688,52.2916298],[4.9930671,52.2915788],[4.9924815,52.2914891],[4.9920851,52.2913985],[4.9916046,52.2912171],[4.9912903,52.2910364],[4.9910619,52.2908558],[4.9908801,52.2906755],[4.9906343,52.2903828]]]},"properties":{"SELECTIE":5848,"LABEL":"5848-6683"}},{"id":340,"type":"Feature","geometry":{"type":"Polygon","coordinates":[[[4.9937036,52.2935609],[4.9937222,52.2933812],[4.9938052,52.2932018],[4.9939477,52.2930086],[4.9954013,52.2930384],[4.9951035,52.2933627],[4.9950436,52.2935654],[4.9951009,52.2936494],[4.9952904,52.293746],[4.9953932,52.2937646],[4.995611,52.2937482],[4.9956051,52.2944077],[4.9948837,52.2944061],[4.9945088,52.2943099],[4.9942169,52.2941733],[4.9940952,52.2941015],[4.9938818,52.293921],[4.9937527,52.2937408],[4.9937036,52.2935609]]]},"properties":{"SELECTIE":5848,"LABEL":"5848-6683"}},{"id":341,"type":"Feature","geometry":{"type":"Polygon","coordinates":[[[4.8118335,52.3417002],[4.8118657,52.3413753],[4.811998,52.341187],[4.8125119,52.3412281],[4.8127202,52.3417059],[4.8128609,52.3418959],[4.8130093,52.3420753],[4.8132151,52.3422571],[4.81347,52.3424381],[4.813882,52.3426576],[4.814174,52.3427593],[4.8143497,52.3428018],[4.8144668,52.3428247],[4.8147599,52.3428422],[4.8151062,52.3428055],[4.8156432,52.3426394],[4.8160643,52.3424506],[4.8165121,52.3420933],[4.8171175,52.3420962],[4.8180048,52.3415612],[4.8182982,52.3415626],[4.8182941,52.3418847],[4.8181871,52.3419215],[4.8177038,52.3421531],[4.8172442,52.3424563],[4.817112,52.3425212],[4.8168167,52.3426619],[4.8159314,52.343037],[4.8153419,52.3432365],[4.8150477,52.3432939],[4.814754,52.3433134],[4.8144607,52.3432963],[4.8141678,52.3432452],[4.8138661,52.3431601],[4.8134106,52.3429771],[4.8130603,52.3427957],[4.8127092,52.3425622],[4.8123386,52.3422528],[4.8118335,52.3417002]]]},"properties":{"SELECTIE":6683,"LABEL":"6683-7519"}},{"id":342,"type":"Feature","geometry":{"type":"Polygon","coordinates":[[[4.8700429,52.3434172],[4.8700508,52.3430576],[4.870085,52.3428781],[4.870227,52.3425191],[4.8705761,52.3419814],[4.870741,52.3416024],[4.8719565,52.3416491],[4.8719354,52.3419873],[4.8719588,52.3423469],[4.8719304,52.3425266],[4.8718129,52.3427058],[4.8716974,52.3427999],[4.8714936,52.3430638],[4.8714665,52.3432436],[4.871596,52.3434239],[4.8716895,52.3434813],[4.8719822,52.3435541],[4.8722759,52.3435319],[4.872511,52.3434279],[4.8726224,52.3432485],[4.8725723,52.3427091],[4.8726183,52.3425295],[4.8727363,52.3423503],[4.872878,52.3422167],[4.8731321,52.3418128],[4.873185,52.3416964],[4.8743333,52.3417405],[4.8740668,52.342356],[4.8740213,52.3425356],[4.8740125,52.3427153],[4.8740479,52.3428952],[4.8741351,52.3430754],[4.8743761,52.343436],[4.8744714,52.3436161],[4.874539,52.3437961],[4.8746985,52.3444081],[4.8712427,52.3442829],[4.8701877,52.3441342],[4.8700913,52.3437769],[4.8700429,52.3434172]]]},"properties":{"SELECTIE":10025,"LABEL":"10025-12532"}},{"id":343,"type":"Feature","geometry":{"type":"Polygon","coordinates":[[[4.8702561,52.3444156],[4.8713213,52.3445574],[4.874868,52.3446691],[4.8749038,52.3447106],[4.8751952,52.3448942],[4.8754874,52.3450122],[4.8756468,52.3450592],[4.87604,52.3452406],[4.8761699,52.3454209],[4.8760684,52.345523],[4.8758761,52.3455995],[4.8751864,52.3456614],[4.8748923,52.3457058],[4.874598,52.3457832],[4.8743032,52.345887],[4.8740081,52.346033],[4.8734171,52.3463695],[4.8731219,52.3465173],[4.8728272,52.34663],[4.8726903,52.3466521],[4.8721519,52.3466315],[4.8719479,52.3465196],[4.8716584,52.346169],[4.8715433,52.3459402],[4.8715069,52.3457602],[4.8715531,52.345401],[4.8715339,52.3452212],[4.871377,52.3451275],[4.8707907,52.345058],[4.8704986,52.3449303],[4.8704293,52.3448568],[4.8703283,52.3446766],[4.8702561,52.3444156]]]},"properties":{"SELECTIE":10025,"LABEL":"10025-12532"}},{"id":344,"type":"Feature","geometry":{"type":"Polygon","coordinates":[[[4.8776633,52.3358612],[4.8770143,52.3366672],[4.873435,52.3366533],[4.8735302,52.3365786],[4.8738277,52.3362445],[4.8739604,52.3360642],[4.8741401,52.3358853],[4.8743996,52.3357066],[4.8747153,52.3355857],[4.8749352,52.3355291],[4.8753035,52.3354841],[4.875597,52.3354767],[4.8761835,52.3355099],[4.8764765,52.335551],[4.8770618,52.3356785],[4.8776633,52.3358612]]]},"properties":{"SELECTIE":10025,"LABEL":"10025-12532"}},{"id":345,"type":"Feature","geometry":{"type":"Polygon","coordinates":[[[4.8732456,52.3368298],[4.8731411,52.3380271],[4.8689116,52.3378788],[4.8690352,52.3367907],[4.8716725,52.3368139],[4.8716461,52.3369529],[4.8716826,52.3371329],[4.8717617,52.3372524],[4.8720528,52.3374585],[4.8723454,52.3375355],[4.8726399,52.3374427],[4.8729367,52.3371485],[4.8730856,52.3369592],[4.8732456,52.3368298]]]},"properties":{"SELECTIE":10025,"LABEL":"10025-12532"}},{"id":346,"type":"Feature","geometry":{"type":"Polygon","coordinates":[[[4.8717577,52.3366468],[4.8690673,52.3366362],[4.8690374,52.3365989],[4.8690877,52.3353435],[4.8703146,52.335514],[4.8710201,52.335692],[4.8714615,52.3358736],[4.8717401,52.3360545],[4.8718997,52.3362351],[4.8719452,52.3364151],[4.8717577,52.3366468]]]},"properties":{"SELECTIE":10025,"LABEL":"10025-12532"}},{"id":347,"type":"Feature","geometry":{"type":"MultiPolygon","coordinates":[[[[5.032285,52.3204555],[5.0356654,52.3197087],[5.0359531,52.3199824],[5.042604,52.318466],[5.04303,52.3182705],[5.0437389,52.3180038],[5.0441658,52.3178808],[5.0443695,52.317805],[5.0446544,52.3176594],[5.0447543,52.3176218],[5.0451159,52.317756],[5.0469869,52.3168665],[5.0472241,52.3169878],[5.0474834,52.3169505],[5.0480567,52.3178343],[5.0482796,52.3177836],[5.0479763,52.3182318],[5.0476834,52.3181741],[5.0470967,52.3181724],[5.0468021,52.3183513],[5.046798,52.3188907],[5.0470899,52.3190712],[5.0470886,52.319251],[5.0467938,52.3194298],[5.0467896,52.3199691],[5.0470816,52.3201497],[5.047375,52.3201506],[5.0467856,52.3205083],[5.0467828,52.3208678],[5.0470748,52.3210485],[5.0473682,52.3210493],[5.0476602,52.3212299],[5.0482442,52.321591],[5.0482428,52.3217708],[5.0488266,52.322132],[5.0488239,52.3224914],[5.0491159,52.322672],[5.0491116,52.3232269],[5.0373321,52.323747],[5.0368961,52.3237824],[5.0367868,52.3237148],[5.0364935,52.3237139],[5.0353257,52.3229914],[5.0353271,52.3228117],[5.0350353,52.3226311],[5.0350366,52.3224513],[5.0347448,52.3222707],[5.0341581,52.3222689],[5.0338632,52.3224478],[5.033826,52.3224477],[5.0336696,52.3220878],[5.0335736,52.3219848],[5.0333838,52.3219071],[5.0330684,52.3217265],[5.0327867,52.3213662],[5.032285,52.3204555]],[[5.0432548,52.3219362],[5.0438422,52.3218075],[5.0444301,52.3216337],[5.0447244,52.3215241],[5.0450189,52.3213922],[5.0456774,52.3210445],[5.0459209,52.3208654],[5.0460568,52.3206861],[5.0461041,52.3205064],[5.0460255,52.3203264],[5.0459078,52.3202312],[5.0457846,52.320146],[5.0454249,52.3199652],[5.0450308,52.3198216],[5.0441529,52.3195415],[5.0435674,52.3194101],[5.0429812,52.3193323],[5.042102,52.3192521],[5.0409298,52.3190793],[5.0406368,52.3190565],[5.0403434,52.3190649],[5.0400496,52.3191155],[5.0397555,52.3192166],[5.0394743,52.3194087],[5.0393168,52.3195879],[5.0392014,52.3197673],[5.0391473,52.3199469],[5.0391612,52.3202074],[5.0392604,52.3204865],[5.0394497,52.3208146],[5.0397406,52.321147],[5.0406477,52.3217488],[5.0409079,52.3218973],[5.0412005,52.3220163],[5.0414934,52.3220771],[5.0417866,52.3220945],[5.0420799,52.3220875],[5.042667,52.3220348],[5.0432548,52.3219362]]]]},"properties":{"SELECTIE":6683,"LABEL":"6683-7519"}},{"id":348,"type":"Feature","geometry":{"type":"Polygon","coordinates":[[[5.0421367,52.3181965],[5.0358548,52.319561],[5.034093,52.3181891],[5.0341658,52.3180228],[5.0347254,52.3177793],[5.0348578,52.3177509],[5.0362433,52.318232],[5.0365359,52.3183109],[5.0368295,52.318293],[5.0368619,52.3181427],[5.0368496,52.3177832],[5.0369228,52.3176036],[5.0371614,52.3174245],[5.0374238,52.3173108],[5.0377179,52.3172168],[5.0380117,52.3171656],[5.0383051,52.3171437],[5.0385983,52.3171532],[5.0388914,52.3172019],[5.0390572,52.3172504],[5.0394759,52.3174567],[5.0397683,52.3175763],[5.0400614,52.3175953],[5.0403555,52.3175094],[5.0406497,52.3173952],[5.0409433,52.3173571],[5.041236,52.3174246],[5.0414759,52.317617],[5.0416788,52.317977],[5.0418176,52.3180798],[5.0419695,52.3181576],[5.0421367,52.3181965]]]},"properties":{"SELECTIE":6683,"LABEL":"6683-7519"}},{"id":349,"type":"Feature","geometry":{"type":"Polygon","coordinates":[[[5.0316523,52.3199157],[5.0318638,52.3198731],[5.0331328,52.3184928],[5.0334923,52.3182399],[5.0354535,52.3197086],[5.0322364,52.3203885],[5.0321618,52.3202858],[5.031957,52.3201053],[5.0316523,52.3199157]]]},"properties":{"SELECTIE":6683,"LABEL":"6683-7519"}},{"id":350,"type":"Feature","geometry":{"type":"Polygon","coordinates":[[[4.9685648,52.4073391],[4.9677676,52.4075109],[4.9674585,52.4078466],[4.9673331,52.4081705],[4.9649026,52.4084863],[4.9647394,52.4084857],[4.9641692,52.4083963],[4.96354,52.4080698],[4.963159,52.4073699],[4.9629674,52.4068664],[4.9632311,52.4067069],[4.9657426,52.4059445],[4.9652795,52.4053066],[4.9658312,52.4052212],[4.9663193,52.4053726],[4.9667229,52.4058107],[4.9661912,52.405971],[4.9665725,52.406621],[4.9679019,52.4062515],[4.9685648,52.4073391]]]},"properties":{"SELECTIE":5013,"LABEL":"5013-5848"}},{"id":351,"type":"Feature","geometry":{"type":"Polygon","coordinates":[[[4.9217912,52.4143978],[4.9211375,52.4140413],[4.920649,52.41373],[4.9204605,52.4135495],[4.920205,52.4131889],[4.9201092,52.4130088],[4.9199811,52.4126488],[4.9199409,52.4124689],[4.9199378,52.4122891],[4.9199725,52.4121095],[4.9200651,52.4119302],[4.9202792,52.4117875],[4.9205737,52.41173],[4.9208677,52.411727],[4.9211615,52.4117485],[4.9217484,52.4118375],[4.9226283,52.412027],[4.9238007,52.4123393],[4.9246804,52.4125476],[4.9252682,52.412731],[4.9242288,52.4132538],[4.9240856,52.4132123],[4.9234983,52.4131592],[4.9232043,52.4131529],[4.9228774,52.4131994],[4.9227753,52.4133788],[4.9229133,52.413559],[4.9231376,52.413766],[4.9217912,52.4143978]]]},"properties":{"SELECTIE":5848,"LABEL":"5848-6683"}},{"id":352,"type":"Feature","geometry":{"type":"Polygon","coordinates":[[[4.909322,52.4064577],[4.9079091,52.4052922],[4.9078184,52.4052359],[4.9076748,52.4052273],[4.9072822,52.4053215],[4.9063215,52.4048386],[4.9067302,52.4044731],[4.9073349,52.4040763],[4.9081083,52.4037682],[4.9095099,52.4033107],[4.9099337,52.4031178],[4.9103775,52.4031916],[4.9106681,52.403265],[4.9111372,52.403453],[4.9106668,52.4037625],[4.9099789,52.4040704],[4.9098585,52.4039806],[4.9097816,52.4039546],[4.9094879,52.4039164],[4.9091648,52.4039777],[4.9090808,52.4041572],[4.9091898,52.4043213],[4.9095075,52.4044415],[4.9095746,52.4045884],[4.9119725,52.4065797],[4.9114099,52.4072223],[4.9111843,52.4074011],[4.9109185,52.4075553],[4.9107423,52.4076291],[4.910036,52.4070464],[4.9101516,52.4068578],[4.9101465,52.406678],[4.910047,52.4065903],[4.9098626,52.4064971],[4.9097544,52.4064708],[4.9094608,52.4064504],[4.909322,52.4064577]]]},"properties":{"SELECTIE":5013,"LABEL":"5013-5848"}},{"id":353,"type":"Feature","geometry":{"type":"Polygon","coordinates":[[[4.9099032,52.4044018],[4.9100477,52.4043408],[4.9100545,52.4043201],[4.910966,52.4038514],[4.9114482,52.4036365],[4.9116495,52.403808],[4.9117949,52.4039884],[4.9118926,52.4041685],[4.9120699,52.4047084],[4.9123229,52.4056081],[4.9123505,52.405788],[4.9123371,52.4059678],[4.9122758,52.4061472],[4.9120939,52.4064461],[4.9099267,52.4046057],[4.9099032,52.4044018]]]},"properties":{"SELECTIE":5013,"LABEL":"5013-5848"}},{"id":354,"type":"Feature","geometry":{"type":"Polygon","coordinates":[[[4.958282,52.3953575],[4.9582967,52.3951778],[4.9583871,52.3949984],[4.9585762,52.3948193],[4.9589064,52.3946408],[4.9592457,52.3945296],[4.9595402,52.3944678],[4.9601285,52.3943938],[4.9613041,52.3943493],[4.9616926,52.3943201],[4.9611861,52.3950229],[4.9604164,52.3950162],[4.9601224,52.3950238],[4.9598284,52.395055],[4.9595339,52.3951287],[4.9594203,52.3951818],[4.959238,52.3953316],[4.959217,52.3953609],[4.9592239,52.3955406],[4.9594162,52.3957211],[4.9595273,52.3957876],[4.9598205,52.3958745],[4.960114,52.3959051],[4.9604632,52.3959162],[4.9597648,52.3965818],[4.9592286,52.3963077],[4.9589365,52.3961296],[4.9586399,52.3958996],[4.9584658,52.3957177],[4.958342,52.3955375],[4.958282,52.3953575]]]},"properties":{"SELECTIE":7519,"LABEL":"7519-8354"}},{"id":355,"type":"Feature","geometry":{"type":"Polygon","coordinates":[[[4.8022081,52.3823006],[4.801914,52.3823273],[4.8016201,52.3823249],[4.8013283,52.3822834],[4.8010345,52.3821859],[4.8007424,52.3820629],[4.800447,52.3819208],[4.7997864,52.3815574],[4.7991663,52.3811948],[4.7989128,52.3810138],[4.7987218,52.3808331],[4.7986052,52.3806527],[4.7985636,52.3804728],[4.7986275,52.3802837],[4.8035795,52.3803649],[4.803655,52.3806777],[4.8036579,52.3808574],[4.8036304,52.3810371],[4.8035501,52.3812165],[4.8030962,52.3817807],[4.8027986,52.3820665],[4.8025029,52.3822189],[4.8022081,52.3823006]]]},"properties":{"SELECTIE":4177,"LABEL":"4177-5013"}},{"id":356,"type":"Feature","geometry":{"type":"Polygon","coordinates":[[[4.7987973,52.3800699],[4.7989554,52.3799356],[4.7995558,52.379579],[4.799813,52.3794005],[4.8001943,52.3790794],[4.8004892,52.3789887],[4.8007825,52.3790293],[4.8008195,52.379046],[4.8013645,52.3794388],[4.8016573,52.3795127],[4.8022447,52.3795191],[4.8025377,52.3795682],[4.8028303,52.3796615],[4.8031221,52.3798031],[4.8033201,52.379957],[4.8034784,52.3801487],[4.7987973,52.3800699]]]},"properties":{"SELECTIE":4177,"LABEL":"4177-5013"}},{"id":357,"type":"Feature","geometry":{"type":"Polygon","coordinates":[[[4.8434073,52.3812259],[4.8434632,52.3810465],[4.8436445,52.3808596],[4.8439397,52.3807436],[4.8442335,52.3807248],[4.8443706,52.3807627],[4.8443505,52.3817932],[4.8442202,52.3818262],[4.8439269,52.3817927],[4.843635,52.381639],[4.843574,52.3815862],[4.8434452,52.3814059],[4.8434073,52.3812259]]]},"properties":{"SELECTIE":5848,"LABEL":"5848-6683"}},{"id":358,"type":"Feature","geometry":{"type":"Polygon","coordinates":[[[4.9844379,52.3612335],[4.9851763,52.3608422],[4.9852533,52.3608945],[4.9851116,52.3610361],[4.9849907,52.3612983],[4.984956,52.361478],[4.9849518,52.3616577],[4.9849773,52.3618376],[4.9851017,52.3621552],[4.9852781,52.3623778],[4.9853924,52.3624769],[4.9856846,52.3626259],[4.9859776,52.3626822],[4.9862714,52.3626752],[4.9865655,52.3626186],[4.98686,52.3625156],[4.9871233,52.362384],[4.9873658,52.3622051],[4.987519,52.3620259],[4.9875881,52.3618464],[4.9875712,52.3616666],[4.9874801,52.3614866],[4.9873426,52.3613322],[4.9883308,52.3620285],[4.9881679,52.3622078],[4.9879421,52.3623868],[4.987664,52.3625656],[4.9873125,52.3627442],[4.9868546,52.3629222],[4.986562,52.3630109],[4.9862679,52.3630634],[4.985974,52.3630798],[4.9856807,52.3630523],[4.9853879,52.3629622],[4.9850339,52.3627366],[4.9848566,52.3625561],[4.984723,52.362376],[4.9846241,52.3621958],[4.9845,52.3618359],[4.98444,52.3614763],[4.9844379,52.3612335]]]},"properties":{"SELECTIE":7519,"LABEL":"7519-8354"}},{"id":359,"type":"Feature","geometry":{"type":"Polygon","coordinates":[[[4.9856043,52.3601239],[4.9845155,52.3606904],[4.9845996,52.3602858],[4.9847576,52.3603509],[4.9853546,52.3600561],[4.9856043,52.3601239]]]},"properties":{"SELECTIE":7519,"LABEL":"7519-8354"}},{"id":360,"type":"Feature","geometry":{"type":"Polygon","coordinates":[[[4.9876542,52.3597526],[4.9880001,52.3596908],[4.9883539,52.359648],[4.9886474,52.3596466],[4.9888567,52.3596936],[4.98894,52.3597743],[4.988985,52.3598738],[4.9888792,52.3600532],[4.988708,52.3602015],[4.9876542,52.3597526]]]},"properties":{"SELECTIE":7519,"LABEL":"7519-8354"}},{"id":361,"type":"Feature","geometry":{"type":"Polygon","coordinates":[[[4.991368,52.3935479],[4.9912821,52.3934948],[4.9915776,52.393316],[4.9918713,52.393317],[4.9921667,52.3931383],[4.992168,52.393003],[4.9928673,52.3931406],[4.9933414,52.3932125],[4.993928,52.3933314],[4.995318,52.3935668],[4.9955208,52.3942262],[4.9959354,52.39499],[4.9956747,52.3951525],[4.9955003,52.3953063],[4.9953784,52.3954486],[4.9953228,52.3956652],[4.9953388,52.395845],[4.9954404,52.3960252],[4.995665,52.3962563],[4.9965444,52.3969228],[4.9951086,52.3967443],[4.9937066,52.3961903],[4.9939052,52.3959024],[4.993985,52.3956608],[4.9940093,52.3953014],[4.9939759,52.3951215],[4.9939054,52.3949416],[4.9937867,52.3947614],[4.9936331,52.3945811],[4.9933686,52.3944005],[4.9928838,52.3942192],[4.9924462,52.3941025],[4.9924034,52.3940072],[4.991368,52.3935479]]]},"properties":{"SELECTIE":8354,"LABEL":"8354-10025"}},{"id":362,"type":"Feature","geometry":{"type":"Polygon","coordinates":[[[4.9986149,52.3479606],[4.9991886,52.3467838],[4.9996219,52.3468687],[5.0002075,52.3470268],[5.0005,52.3471357],[5.0010848,52.3474044],[5.0011952,52.3474396],[4.9997283,52.347936],[4.9996131,52.3478714],[4.99932,52.347836],[4.999026,52.3478738],[4.9986149,52.3479606]]]},"properties":{"SELECTIE":7519,"LABEL":"7519-8354"}},{"id":363,"type":"Feature","geometry":{"type":"Polygon","coordinates":[[[5.0041323,52.3464453],[5.0044464,52.3460839],[5.0049182,52.3453409],[5.0052052,52.3448281],[5.0052499,52.3446484],[5.0052566,52.3441647],[5.0058141,52.3442226],[5.005817,52.3442908],[5.0056687,52.3448295],[5.0054256,52.345368],[5.0050137,52.3461469],[5.0041323,52.3464453]]]},"properties":{"SELECTIE":7519,"LABEL":"7519-8354"}},{"id":364,"type":"Feature","geometry":{"type":"Polygon","coordinates":[[[4.8961654,52.4100363],[4.8959003,52.4101345],[4.8956062,52.4101545],[4.8953131,52.4100582],[4.8952801,52.4100326],[4.8950225,52.4097715],[4.8948636,52.4094916],[4.8947936,52.4093116],[4.8947934,52.4091318],[4.8950315,52.4089498],[4.8953258,52.4089247],[4.8956287,52.4089555],[4.8959124,52.4090434],[4.8961141,52.4091373],[4.8963528,52.4093181],[4.8964535,52.4094982],[4.8964572,52.409678],[4.8963676,52.4098573],[4.8961654,52.4100363]]]},"properties":{"SELECTIE":8354,"LABEL":"8354-10025"}},{"id":365,"type":"Feature","geometry":{"type":"Polygon","coordinates":[[[4.9908783,52.3785469],[4.9911881,52.3782157],[4.9914821,52.3778429],[4.9924354,52.3781743],[4.9918348,52.3788017],[4.9913345,52.3786002],[4.9908783,52.3785469]]]},"properties":{"SELECTIE":8354,"LABEL":"8354-10025"}},{"id":366,"type":"Feature","geometry":{"type":"Polygon","coordinates":[[[4.9921753,52.3528327],[4.9965499,52.3507249],[4.9965891,52.3507314],[4.9961441,52.3514493],[4.9959932,52.3516285],[4.9957623,52.3518498],[4.9955888,52.3519867],[4.9952958,52.3521655],[4.9945761,52.3525218],[4.9939924,52.3528345],[4.9936977,52.3529588],[4.9934035,52.3530357],[4.9931098,52.3530585],[4.9928165,52.3530285],[4.9925236,52.3529537],[4.9921753,52.3528327]]]},"properties":{"SELECTIE":8354,"LABEL":"8354-10025"}},{"id":367,"type":"Feature","geometry":{"type":"Polygon","coordinates":[[[5.0219287,52.4129183],[5.0227629,52.41294],[5.0233602,52.4127266],[5.0236022,52.4133706],[5.0236971,52.4138694],[5.0228973,52.4138154],[5.0225214,52.4138165],[5.0225287,52.4137268],[5.0224852,52.4135469],[5.0223917,52.4133668],[5.0222652,52.4131867],[5.0219287,52.4129183]]]},"properties":{"SELECTIE":10025,"LABEL":"10025-12532"}},{"id":368,"type":"Feature","geometry":{"type":"MultiPolygon","coordinates":[[[[4.9257088,52.3974578],[4.9253231,52.3977667],[4.9249987,52.3979783],[4.9234275,52.3984512],[4.9227461,52.3987095],[4.9226679,52.3986932],[4.9222719,52.3991228],[4.921785,52.3990836],[4.9214208,52.3989597],[4.9211792,52.3987619],[4.9211804,52.3986448],[4.9213892,52.3986563],[4.9217913,52.3984821],[4.9223007,52.3980263],[4.9228415,52.3970704],[4.922861,52.3968788],[4.9230278,52.3967304],[4.9230359,52.3965238],[4.9233782,52.3965066],[4.9236724,52.3964632],[4.9243469,52.3963086],[4.9245562,52.3962439],[4.9247948,52.3962111],[4.925186,52.3967122],[4.9257236,52.3973448],[4.9257088,52.3974578]],[[4.9244435,52.3981065],[4.924537,52.3980857],[4.9248331,52.3978752],[4.924933,52.3977489],[4.9250247,52.3975695],[4.9250441,52.3973899],[4.9249615,52.3972098],[4.924841,52.3971108],[4.924548,52.3970447],[4.9242538,52.3970743],[4.9238127,52.3972053],[4.923501,52.3973839],[4.923372,52.397563],[4.9234195,52.397743],[4.9236253,52.3979235],[4.9239493,52.3980955],[4.9242425,52.3981582],[4.9244435,52.3981065]]]]},"properties":{"SELECTIE":10025,"LABEL":"10025-12532"}},{"id":369,"type":"Feature","geometry":{"type":"Polygon","coordinates":[[[4.9212729,52.3992166],[4.9214581,52.399111],[4.9219898,52.3994165],[4.9218219,52.3995737],[4.9212729,52.3992166]]]},"properties":{"SELECTIE":10025,"LABEL":"10025-12532"}},{"id":370,"type":"Feature","geometry":{"type":"Polygon","coordinates":[[[4.9249095,52.3909466],[4.9258908,52.3907947],[4.9274892,52.3910525],[4.9278983,52.3914692],[4.9281314,52.3916466],[4.9285637,52.3918312],[4.9290082,52.3919372],[4.9293016,52.3919757],[4.9295953,52.391991],[4.9298891,52.3919877],[4.9301832,52.3919661],[4.9304775,52.3919215],[4.9307715,52.3919013],[4.9310642,52.3920114],[4.931356,52.3922015],[4.9317146,52.3923826],[4.9322142,52.3925642],[4.932466,52.3927449],[4.932449,52.3929246],[4.9323242,52.393104],[4.9321416,52.393283],[4.9318743,52.3934617],[4.9316358,52.3935739],[4.9313408,52.3936802],[4.9310464,52.3937474],[4.9307521,52.3937877],[4.9304581,52.3938046],[4.9301643,52.3938031],[4.9289896,52.3937397],[4.9286958,52.3937463],[4.9282758,52.3938044],[4.9278918,52.3932352],[4.9267641,52.3923342],[4.9249839,52.3910211],[4.9249095,52.3909466]]]},"properties":{"SELECTIE":10025,"LABEL":"10025-12532"}},{"id":371,"type":"Feature","geometry":{"type":"Polygon","coordinates":[[[4.9242433,52.392887],[4.9244252,52.3921352],[4.9245986,52.3921722],[4.9248924,52.3921753],[4.9251869,52.3921144],[4.9254259,52.3919988],[4.9255149,52.3918194],[4.9253285,52.3916389],[4.9251922,52.3916029],[4.9248985,52.3915834],[4.9245516,52.3916129],[4.9246931,52.3910277],[4.9252706,52.3913855],[4.9276023,52.3931335],[4.9280833,52.3938431],[4.9278125,52.3939257],[4.9272221,52.3941885],[4.926927,52.3942956],[4.9267551,52.3943407],[4.9266325,52.3943698],[4.9263384,52.3944033],[4.9260445,52.3944097],[4.9257511,52.3943652],[4.9254586,52.3942457],[4.925329,52.3941554],[4.9251928,52.3939751],[4.9251759,52.3939281],[4.9251681,52.3939166],[4.925128,52.3937952],[4.9250698,52.3934355],[4.925007,52.3932554],[4.9248827,52.393113],[4.924841,52.393075],[4.9245905,52.3929675],[4.9242433,52.392887]]]},"properties":{"SELECTIE":10025,"LABEL":"10025-12532"}},{"id":372,"type":"Feature","geometry":{"type":"Polygon","coordinates":[[[4.9869617,52.3216431],[4.9841432,52.3209477],[4.9834206,52.3215496],[4.9824911,52.3212168],[4.983952,52.3194027],[4.9843141,52.3194339],[4.9846065,52.319545],[4.9848983,52.3196956],[4.985105,52.3197761],[4.9851908,52.3198037],[4.9853329,52.3197768],[4.9854828,52.3195975],[4.9853625,52.3192376],[4.9853785,52.319058],[4.9855178,52.3188787],[4.9857881,52.3187016],[4.9861778,52.3185214],[4.9866341,52.3183432],[4.9881415,52.3178536],[4.9891952,52.3174531],[4.9895784,52.3172746],[4.9898477,52.3170957],[4.9899823,52.3169164],[4.9900187,52.3167368],[4.9899814,52.3165569],[4.9898722,52.3163768],[4.9896564,52.3161963],[4.9893308,52.3160587],[4.9885416,52.3158331],[4.9880632,52.3156517],[4.9876774,52.3154707],[4.9873521,52.3152898],[4.9869984,52.3150424],[4.9881242,52.314896],[4.9919243,52.3161447],[4.9917959,52.3163832],[4.9917407,52.3165628],[4.99172,52.3167425],[4.9917322,52.3169222],[4.9917943,52.3171023],[4.9919142,52.3172823],[4.9920434,52.3174116],[4.9890554,52.3218626],[4.988673,52.3215856],[4.9884022,52.3214955],[4.9881094,52.3214447],[4.9878161,52.321443],[4.9875224,52.3214798],[4.9870828,52.3215803],[4.9869617,52.3216431]]]},"properties":{"SELECTIE":5013,"LABEL":"5013-5848"}},{"id":373,"type":"Feature","geometry":{"type":"Polygon","coordinates":[[[4.9817445,52.3216936],[4.9815568,52.321202],[4.981489,52.3208422],[4.9814966,52.3206625],[4.981551,52.320483],[4.9816762,52.3203036],[4.9818716,52.3201245],[4.9821483,52.3199458],[4.9825043,52.3197671],[4.9828456,52.3196262],[4.9831399,52.3195291],[4.9834339,52.3194556],[4.98371,52.3194146],[4.9817445,52.3216936]]]},"properties":{"SELECTIE":5013,"LABEL":"5013-5848"}},{"id":374,"type":"Feature","geometry":{"type":"Polygon","coordinates":[[[4.9412292,52.3906887],[4.941271,52.3906814],[4.9410111,52.3901627],[4.942369,52.3895263],[4.9428475,52.389698],[4.9431906,52.3894907],[4.945582,52.3878224],[4.9459253,52.3875995],[4.9471786,52.386692],[4.9475682,52.3868884],[4.9478614,52.3869591],[4.948155,52.3869625],[4.9484495,52.3868953],[4.9487447,52.3867504],[4.949482,52.3862277],[4.9500062,52.386239],[4.9499139,52.3866251],[4.9481274,52.3897332],[4.9447955,52.3907101],[4.9445679,52.3907247],[4.9440248,52.3907072],[4.9436066,52.3908371],[4.9429692,52.3914066],[4.9416261,52.3918035],[4.9413551,52.3919333],[4.9416861,52.3915216],[4.9417709,52.3913422],[4.941773,52.3911624],[4.9416519,52.3909582],[4.9414406,52.3908018],[4.9412292,52.3906887]]]},"properties":{"SELECTIE":10025,"LABEL":"10025-12532"}},{"id":375,"type":"Feature","geometry":{"type":"Polygon","coordinates":[[[4.9374349,52.3900509],[4.938943,52.3897915],[4.9391831,52.389777],[4.9387864,52.3902702],[4.9381251,52.390716],[4.9378353,52.3907502],[4.9376323,52.3904279],[4.9374349,52.3900509]]]},"properties":{"SELECTIE":10025,"LABEL":"10025-12532"}},{"id":376,"type":"Feature","geometry":{"type":"Polygon","coordinates":[[[4.9666071,52.3813352],[4.967338,52.3809359],[4.9678095,52.3814878],[4.9691832,52.381718],[4.9687763,52.3823664],[4.9667909,52.381966],[4.9666071,52.3813352]]]},"properties":{"SELECTIE":10025,"LABEL":"10025-12532"}},{"id":377,"type":"Feature","geometry":{"type":"Polygon","coordinates":[[[4.9495904,52.3901606],[4.9483673,52.3899062],[4.9483202,52.3897575],[4.9495643,52.3875543],[4.950213,52.3876813],[4.9500057,52.3880367],[4.950296,52.388109],[4.9495944,52.389424],[4.950936,52.3897307],[4.9502464,52.3899357],[4.9495904,52.3901606]]]},"properties":{"SELECTIE":10025,"LABEL":"10025-12532"}},{"id":378,"type":"Feature","geometry":{"type":"Polygon","coordinates":[[[4.9637389,52.3833514],[4.9639138,52.3832707],[4.9645769,52.3827684],[4.9650104,52.3829788],[4.9652312,52.3830558],[4.9655242,52.3831326],[4.9658175,52.3831786],[4.966111,52.3832026],[4.9664049,52.3831988],[4.96654,52.3831769],[4.9665584,52.3831806],[4.9660955,52.3840011],[4.9659109,52.3840469],[4.9647944,52.3839069],[4.9644632,52.3836959],[4.9641242,52.383515],[4.9637389,52.3833514]]]},"properties":{"SELECTIE":10025,"LABEL":"10025-12532"}},{"id":379,"type":"Feature","geometry":{"type":"Polygon","coordinates":[[[4.9406032,52.3904674],[4.9404818,52.390447],[4.9401873,52.3905217],[4.9400945,52.3906169],[4.9399822,52.3907962],[4.9399349,52.3909758],[4.9398886,52.3915148],[4.9398189,52.3916944],[4.9395875,52.3918753],[4.9392911,52.3919893],[4.9381129,52.3922835],[4.9372284,52.392572],[4.936934,52.3926323],[4.9366399,52.3926683],[4.936346,52.3926808],[4.9360523,52.3926685],[4.9357588,52.3926321],[4.934879,52.3924765],[4.9339989,52.3923397],[4.9337057,52.3922824],[4.9335094,52.3922097],[4.9333926,52.3920294],[4.9332408,52.3913099],[4.9331955,52.3909292],[4.9332093,52.3908828],[4.9334002,52.3907444],[4.934847,52.3904957],[4.934946,52.3906436],[4.9344994,52.3907254],[4.9348094,52.3913063],[4.9352986,52.391241],[4.9354646,52.3914982],[4.9357447,52.391679],[4.9360609,52.3918144],[4.9362222,52.3918605],[4.9363541,52.3918843],[4.936648,52.3918724],[4.9369431,52.3917349],[4.9375348,52.3913418],[4.9379107,52.3911479],[4.9379656,52.3909684],[4.9379514,52.3909426],[4.9384265,52.3908872],[4.9384505,52.3910264],[4.9396008,52.3909612],[4.9398161,52.3909002],[4.9395185,52.3903503],[4.9404296,52.3901914],[4.9406032,52.3904674]]]},"properties":{"SELECTIE":10025,"LABEL":"10025-12532"}},{"id":380,"type":"Feature","geometry":{"type":"Polygon","coordinates":[[[4.9594146,52.3856043],[4.9593298,52.3856278],[4.9584807,52.3860423],[4.9577956,52.3862918],[4.956862,52.3864741],[4.9555606,52.3865888],[4.9539025,52.3866092],[4.9538605,52.3862395],[4.9544423,52.386356],[4.9546238,52.3863777],[4.9549176,52.3863877],[4.9552116,52.3863636],[4.9555062,52.3862755],[4.9557293,52.386181],[4.9558732,52.3860707],[4.9565846,52.3860222],[4.957953,52.3856957],[4.9597362,52.3850524],[4.961697,52.3842607],[4.9617085,52.3844051],[4.9617813,52.3845851],[4.9618916,52.3847652],[4.9620889,52.385019],[4.9618073,52.3848809],[4.9606114,52.3853075],[4.9598806,52.3854769],[4.9596267,52.385476],[4.9594146,52.3856043]]]},"properties":{"SELECTIE":10025,"LABEL":"10025-12532"}},{"id":381,"type":"Feature","geometry":{"type":"Polygon","coordinates":[[[4.9542176,52.387226],[4.9543981,52.386916],[4.9550185,52.3870612],[4.9542176,52.387226]]]},"properties":{"SELECTIE":10025,"LABEL":"10025-12532"}},{"id":382,"type":"Feature","geometry":{"type":"Polygon","coordinates":[[[4.9440216,52.3934451],[4.9425088,52.3933986],[4.9422155,52.3933638],[4.9419223,52.3932873],[4.9416303,52.3931066],[4.9415086,52.392959],[4.9413982,52.3927788],[4.9412532,52.3924187],[4.9412345,52.392239],[4.9412614,52.3921188],[4.941702,52.3919051],[4.9428406,52.3915593],[4.9430384,52.3915314],[4.9428779,52.3917059],[4.9427744,52.3918852],[4.9427551,52.3920649],[4.9428365,52.392245],[4.9430624,52.3924255],[4.9433987,52.392564],[4.9436916,52.392644],[4.9439849,52.3927018],[4.9442785,52.3927258],[4.9445727,52.3926997],[4.9448653,52.3926117],[4.9450745,52.3924331],[4.9451918,52.3922537],[4.9452611,52.3920743],[4.9453323,52.3917151],[4.9453031,52.3913553],[4.9452364,52.3911754],[4.9451762,52.3910964],[4.9450866,52.3910297],[4.9484724,52.3900549],[4.9493932,52.3902442],[4.9490023,52.3904105],[4.9487077,52.3905036],[4.9481191,52.3905919],[4.9478247,52.390657],[4.9475296,52.3907913],[4.9473127,52.3910034],[4.9472327,52.3911109],[4.9470556,52.3915416],[4.9469011,52.3920804],[4.9467985,52.3922597],[4.9466537,52.392439],[4.9464658,52.392618],[4.9462553,52.392785],[4.9440216,52.3934451]]]},"properties":{"SELECTIE":10025,"LABEL":"10025-12532"}},{"id":383,"type":"Feature","geometry":{"type":"Polygon","coordinates":[[[4.9617345,52.3840829],[4.9604274,52.3830196],[4.9612982,52.382605],[4.9608681,52.3822653],[4.9613582,52.3819953],[4.962838,52.3832105],[4.9625853,52.3832651],[4.9622902,52.3834258],[4.9619941,52.3836874],[4.9618491,52.3838663],[4.9617345,52.3840829]]]},"properties":{"SELECTIE":10025,"LABEL":"10025-12532"}},{"id":384,"type":"Feature","geometry":{"type":"MultiPolygon","coordinates":[[[[4.7813814,52.3548614],[4.7811375,52.3549196],[4.7808437,52.3549359],[4.7805506,52.3548963],[4.7802589,52.3547665],[4.7799687,52.354523],[4.7797799,52.354314],[4.7795052,52.353953],[4.7794091,52.3537728],[4.7793556,52.3535928],[4.7794257,52.3534134],[4.7796241,52.3532347],[4.7799889,52.3530458],[4.7802838,52.3529444],[4.780578,52.3528887],[4.7808719,52.3528688],[4.7811692,52.352883],[4.7814583,52.3529207],[4.781751,52.3529843],[4.7820431,52.3530812],[4.7824052,52.3532489],[4.7825779,52.3534294],[4.7826123,52.3536095],[4.782582,52.353789],[4.7825089,52.3539684],[4.7824003,52.3541477],[4.7822555,52.3543266],[4.7820233,52.3545417],[4.781807,52.3546838],[4.7817272,52.3547319],[4.7813814,52.3548614]],[[4.7814941,52.3543227],[4.781735,52.3541602],[4.7818537,52.353965],[4.7818652,52.3537853],[4.781755,52.3536051],[4.7814513,52.35344],[4.7811586,52.3533803],[4.7808648,52.353385],[4.7807145,52.35342],[4.7805701,52.3534729],[4.7804064,52.3535981],[4.7803318,52.3537775],[4.780366,52.3539574],[4.7804783,52.3541378],[4.78056,52.3542198],[4.7807157,52.3543187],[4.7808513,52.3543802],[4.7811444,52.3544132],[4.7814388,52.3543506],[4.7814941,52.3543227]]]]},"properties":{"SELECTIE":5848,"LABEL":"5848-6683"}},{"id":385,"type":"Feature","geometry":{"type":"Polygon","coordinates":[[[4.9069655,52.4168735],[4.906703,52.4168604],[4.9064089,52.41687],[4.9061144,52.4169135],[4.9058195,52.417004],[4.9052289,52.4172517],[4.9049343,52.4173023],[4.9046404,52.4173033],[4.90444,52.4172602],[4.9043472,52.4172203],[4.9041971,52.4170795],[4.9041584,52.4168996],[4.90416,52.4167905],[4.9056313,52.416511],[4.9058043,52.4160139],[4.9059879,52.4156916],[4.9064583,52.4158305],[4.9072429,52.4159928],[4.9069655,52.4168735]]]},"properties":{"SELECTIE":10025,"LABEL":"10025-12532"}},{"id":386,"type":"Feature","geometry":{"type":"Polygon","coordinates":[[[4.9069023,52.4145367],[4.9071559,52.4142628],[4.9072517,52.4141287],[4.9081599,52.4143993],[4.9086175,52.4145539],[4.9081351,52.4150153],[4.9080198,52.4149379],[4.9076692,52.4147567],[4.9071105,52.4145748],[4.9069023,52.4145367]]]},"properties":{"SELECTIE":10025,"LABEL":"10025-12532"}},{"id":387,"type":"Feature","geometry":{"type":"Polygon","coordinates":[[[4.9512369,52.3675386],[4.9536855,52.3675496],[4.9547451,52.3676446],[4.9553089,52.3678226],[4.9556879,52.3682025],[4.9557366,52.3684815],[4.9549828,52.3716947],[4.9547678,52.371579],[4.9538905,52.3711964],[4.9535515,52.371074],[4.9530583,52.3709464],[4.9536272,52.3693541],[4.9534423,52.3691641],[4.953141,52.3691699],[4.953141,52.3694728],[4.9521855,52.3694638],[4.9519159,52.368911],[4.951859,52.3687128],[4.9517707,52.3681914],[4.951701,52.3680114],[4.9515864,52.3678312],[4.9514146,52.3676509],[4.9512369,52.3675386]]]},"properties":{"SELECTIE":8354,"LABEL":"8354-10025"}},{"id":388,"type":"Feature","geometry":{"type":"Polygon","coordinates":[[[4.9546299,52.3660865],[4.9546286,52.3662168],[4.9548554,52.3662177],[4.9548305,52.3665546],[4.9534369,52.3665441],[4.9539374,52.3663758],[4.9546299,52.3660865]]]},"properties":{"SELECTIE":8354,"LABEL":"8354-10025"}},{"id":389,"type":"Feature","geometry":{"type":"Polygon","coordinates":[[[4.9471605,52.369414],[4.947174,52.3690732],[4.9472282,52.3686794],[4.9481805,52.3686952],[4.9481587,52.3690769],[4.9481889,52.3694265],[4.9471605,52.369414]]]},"properties":{"SELECTIE":8354,"LABEL":"8354-10025"}},{"id":390,"type":"Feature","geometry":{"type":"Polygon","coordinates":[[[4.9003429,52.3945688],[4.8970005,52.3958329],[4.8976373,52.3944781],[4.8995957,52.3937392],[4.8996182,52.3938729],[4.8997014,52.394053],[4.8998458,52.3942334],[4.9000724,52.394414],[4.9003429,52.3945688]]]},"properties":{"SELECTIE":10025,"LABEL":"10025-12532"}},{"id":391,"type":"Feature","geometry":{"type":"Polygon","coordinates":[[[4.9029218,52.3960441],[4.9037261,52.3957328],[4.9037232,52.395867],[4.9034309,52.3960455],[4.9031079,52.3960654],[4.9029218,52.3960441]]]},"properties":{"SELECTIE":10025,"LABEL":"10025-12532"}},{"id":392,"type":"Feature","geometry":{"type":"Polygon","coordinates":[[[4.8991493,52.393511],[4.8976386,52.3940684],[4.8973838,52.3939734],[4.8978114,52.392773],[4.8985012,52.3928792],[4.8991493,52.393511]]]},"properties":{"SELECTIE":10025,"LABEL":"10025-12532"}},{"id":393,"type":"Feature","geometry":{"type":"Polygon","coordinates":[[[4.807933,52.3731989],[4.8084937,52.3733169],[4.8087872,52.3733418],[4.8090812,52.3733135],[4.8093776,52.3731581],[4.8094556,52.3729767],[4.8094473,52.3727969],[4.8093145,52.3724367],[4.8092917,52.3723018],[4.8120765,52.3720238],[4.8114376,52.3728076],[4.8109614,52.3733435],[4.8105436,52.3737751],[4.8102469,52.3740105],[4.8099513,52.3741629],[4.8096567,52.3742339],[4.8093627,52.3742589],[4.8087753,52.3742513],[4.8084815,52.3742623],[4.8082355,52.3742987],[4.807933,52.3731989]]]},"properties":{"SELECTIE":6683,"LABEL":"6683-7519"}},{"id":394,"type":"Feature","geometry":{"type":"Polygon","coordinates":[[[4.805007,52.3749504],[4.8060845,52.3748444],[4.8063426,52.3757441],[4.8073912,52.3756304],[4.8076082,52.3763714],[4.8068907,52.3764378],[4.8066831,52.3763795],[4.8063993,52.3762671],[4.8061077,52.3761164],[4.8059552,52.3760154],[4.8057389,52.3758346],[4.8055763,52.3756541],[4.8051948,52.3751129],[4.805007,52.3749504]]]},"properties":{"SELECTIE":6683,"LABEL":"6683-7519"}},{"id":395,"type":"Feature","geometry":{"type":"Polygon","coordinates":[[[4.8084914,52.3752855],[4.8087498,52.3754898],[4.8088867,52.3756702],[4.8089155,52.3758501],[4.8088556,52.3760296],[4.808729,52.3761735],[4.8084914,52.3752855]]]},"properties":{"SELECTIE":6683,"LABEL":"6683-7519"}},{"id":396,"type":"Feature","geometry":{"type":"Polygon","coordinates":[[[4.8048584,52.3748257],[4.804571,52.3745706],[4.8044202,52.3743902],[4.8043501,52.37421],[4.804428,52.3738509],[4.8044586,52.3734916],[4.8044048,52.372952],[4.8044184,52.3728276],[4.8049765,52.3727751],[4.8052679,52.3729563],[4.8055616,52.3729577],[4.8058575,52.3727794],[4.805858,52.3727467],[4.8059263,52.3727506],[4.8064106,52.3746675],[4.8048584,52.3748257]]]},"properties":{"SELECTIE":6683,"LABEL":"6683-7519"}},{"id":397,"type":"Feature","geometry":{"type":"Polygon","coordinates":[[[4.9990817,52.3583672],[4.9984833,52.357928],[4.9982987,52.3577477],[4.9981806,52.3575676],[4.9981278,52.3573876],[4.9981203,52.3570281],[4.9981751,52.3566687],[4.998228,52.3564892],[4.9983658,52.3562472],[4.9984739,52.3561305],[4.9986616,52.3559967],[4.9989562,52.3558756],[4.9992505,52.3558057],[4.9998384,52.3557135],[5.000721,52.3554939],[5.0013093,52.3553698],[5.0016032,52.3553185],[5.0018971,52.35529],[5.0021905,52.3552917],[5.0027772,52.3553591],[5.0030936,52.3554266],[5.0040727,52.3556897],[5.0021128,52.356742],[5.0018418,52.3565009],[5.0015939,52.3564029],[5.0013005,52.3563837],[5.0010063,52.3564481],[5.0008937,52.3564979],[5.000792,52.356564],[5.0007113,52.3566076],[5.0004161,52.3568088],[4.999871,52.3570338],[4.9998554,52.3570461],[4.9998267,52.3570583],[4.9996442,52.3572129],[4.9996043,52.3573924],[4.9997254,52.3575726],[5.0000869,52.3578295],[4.9990817,52.3583672]]]},"properties":{"SELECTIE":6683,"LABEL":"6683-7519"}},{"id":398,"type":"Feature","geometry":{"type":"Polygon","coordinates":[[[4.8123301,52.3808723],[4.8123335,52.3807812],[4.8128839,52.3807904],[4.8137165,52.3806822],[4.8135198,52.3800404],[4.8137796,52.379977],[4.813987,52.3800528],[4.8142787,52.3802129],[4.8145699,52.3804086],[4.8148605,52.3806492],[4.8149044,52.3807018],[4.8149396,52.3807326],[4.8150802,52.3809131],[4.8151723,52.3810932],[4.8151966,52.3812731],[4.8151395,52.3814436],[4.8151365,52.3814526],[4.8148483,52.3816018],[4.8145545,52.3816039],[4.8142615,52.3815529],[4.8139688,52.3814697],[4.8139248,52.3814537],[4.813901,52.3814467],[4.8123301,52.3808723]]]},"properties":{"SELECTIE":6683,"LABEL":"6683-7519"}},{"id":399,"type":"Feature","geometry":{"type":"Polygon","coordinates":[[[4.8120204,52.3801481],[4.8120024,52.3804955],[4.8119049,52.3805281],[4.8115766,52.3805265],[4.8116003,52.3803569],[4.8120204,52.3801481]]]},"properties":{"SELECTIE":6683,"LABEL":"6683-7519"}},{"id":400,"type":"Feature","geometry":{"type":"Polygon","coordinates":[[[4.8938377,52.4105869],[4.8935453,52.4104478],[4.8934776,52.4103846],[4.8933565,52.4102044],[4.8933528,52.4100246],[4.893552,52.4098434],[4.8938457,52.4098782],[4.8940459,52.4100275],[4.8941787,52.4102078],[4.8942102,52.4103877],[4.8941319,52.4105631],[4.8938377,52.4105869]]]},"properties":{"SELECTIE":6683,"LABEL":"6683-7519"}},{"id":401,"type":"Feature","geometry":{"type":"Polygon","coordinates":[[[4.9917902,52.3530661],[4.9920735,52.3528817],[4.9921753,52.3528327],[4.9925236,52.3529537],[4.9928165,52.3530285],[4.9931098,52.3530585],[4.9934035,52.3530357],[4.9936977,52.3529588],[4.9939924,52.3528345],[4.9945761,52.3525218],[4.9952958,52.3521655],[4.9955888,52.3519867],[4.9957623,52.3518498],[4.9959932,52.3516285],[4.9961441,52.3514493],[4.9965891,52.3507314],[4.9967291,52.3507507],[4.9976161,52.3502973],[4.9976314,52.3503314],[4.9973671,52.3507342],[4.9970924,52.351093],[4.9966965,52.3515175],[4.9933731,52.3534562],[4.9931063,52.3534557],[4.9928131,52.353408],[4.9925202,52.3533257],[4.9917902,52.3530661]]]},"properties":{"SELECTIE":7519,"LABEL":"7519-8354"}},{"id":402,"type":"Feature","geometry":{"type":"MultiPolygon","coordinates":[[[[4.9958433,52.3013541],[4.9957676,52.3007579],[4.9957075,52.300578],[4.9955803,52.3003977],[4.9952933,52.3002171],[4.9950438,52.3001435],[4.994751,52.3000952],[4.9941648,52.3000754],[4.9932852,52.3000885],[4.9929921,52.3000742],[4.9926992,52.3000323],[4.9924067,52.2999548],[4.9921623,52.2998472],[4.9919351,52.2996667],[4.9918547,52.2994867],[4.9918512,52.2993069],[4.9918969,52.2991273],[4.9922652,52.2983798],[4.9959263,52.2984],[4.9958669,52.301354],[4.9958433,52.3013541]],[[4.9945516,52.2994956],[4.9946993,52.2993163],[4.9947031,52.2991365],[4.9946246,52.2989566],[4.9944695,52.298784],[4.9941775,52.2986363],[4.9938844,52.2986346],[4.9935905,52.2987182],[4.9932955,52.298892],[4.9932324,52.298952],[4.9931316,52.2991313],[4.9931304,52.2993111],[4.9932571,52.2994913],[4.9932903,52.2995122],[4.9935825,52.2996174],[4.9938755,52.2996492],[4.9941689,52.2996252],[4.9944628,52.2995391],[4.9945516,52.2994956]]]]},"properties":{"SELECTIE":5848,"LABEL":"5848-6683"}},{"id":403,"type":"Feature","geometry":{"type":"Polygon","coordinates":[[[4.9991892,52.3002335],[4.9991167,52.3013374],[4.9961563,52.3013345],[4.9961822,52.2983803],[4.9967239,52.2983802],[4.9966714,52.2986038],[4.9966662,52.2987835],[4.996685,52.2989634],[4.9967425,52.2991433],[4.9968748,52.2993235],[4.9971031,52.2995009],[4.9973936,52.2996688],[4.9976857,52.2997912],[4.9982706,52.2999732],[4.9991892,52.3002335]]]},"properties":{"SELECTIE":5848,"LABEL":"5848-6683"}},{"id":404,"type":"Feature","geometry":{"type":"Polygon","coordinates":[[[4.9923876,52.2981639],[4.9924615,52.2980507],[4.9926466,52.2978715],[4.9930138,52.2976112],[4.9936036,52.2971555],[4.9938989,52.296984],[4.994193,52.296863],[4.9944871,52.2967803],[4.9947806,52.2967268],[4.9950741,52.2966949],[4.9952475,52.2966894],[4.9953675,52.2966797],[4.9955288,52.2966803],[4.9956606,52.2966761],[4.9958215,52.2966814],[4.9959539,52.2966818],[4.9969633,52.2967191],[4.9969425,52.2980718],[4.9968353,52.2981911],[4.9923876,52.2981639]]]},"properties":{"SELECTIE":5848,"LABEL":"5848-6683"}},{"id":405,"type":"Feature","geometry":{"type":"Polygon","coordinates":[[[4.7777369,52.3674256],[4.7780329,52.3672473],[4.7783266,52.3672488],[4.7783673,52.3672242],[4.7799941,52.3684656],[4.7813665,52.3678129],[4.7811515,52.3674426],[4.7815509,52.3676756],[4.7821359,52.3679845],[4.7831797,52.3684692],[4.783305,52.3685921],[4.7818819,52.3693479],[4.7809455,52.3690061],[4.7802362,52.3686966],[4.7795235,52.3683335],[4.7785334,52.3677891],[4.7782191,52.3676078],[4.7779874,52.3674268],[4.7777369,52.3674256]]]},"properties":{"SELECTIE":6683,"LABEL":"6683-7519"}},{"id":406,"type":"Feature","geometry":{"type":"MultiPolygon","coordinates":[[[[4.9001706,52.3863257],[4.9002856,52.3861463],[4.9005742,52.3859379],[4.9011648,52.3856604],[4.9014591,52.3856125],[4.9017525,52.3856539],[4.9020447,52.3858064],[4.9023359,52.3860276],[4.9028281,52.3865162],[4.9030376,52.3866969],[4.9033078,52.3868777],[4.9040848,52.3872904],[4.9042529,52.3874208],[4.9043757,52.3875531],[4.9044848,52.3877812],[4.904509,52.3879611],[4.9044833,52.3881407],[4.9044057,52.3883202],[4.9041752,52.3885881],[4.9024399,52.3882826],[4.9016037,52.387727],[4.9012595,52.3876568],[4.9012853,52.3875885],[4.9012884,52.3874087],[4.9011921,52.3872285],[4.9009568,52.3870478],[4.9003872,52.3866861],[4.9002156,52.3865056],[4.9001706,52.3863257]],[[4.9028983,52.3883342],[4.903193,52.3882467],[4.9032722,52.3881358],[4.9032843,52.3879561],[4.9031974,52.3878505],[4.9029043,52.3877898],[4.902706,52.3879538],[4.9026964,52.3881334],[4.9028983,52.3883342]]]]},"properties":{"SELECTIE":6683,"LABEL":"6683-7519"}},{"id":407,"type":"Feature","geometry":{"type":"Polygon","coordinates":[[[4.9924354,52.3781743],[4.9930659,52.3783749],[4.9950585,52.378933],[4.9981604,52.3797371],[4.9981562,52.3802161],[4.997861,52.3803948],[4.9978594,52.3805746],[4.997564,52.3807534],[4.9975633,52.3808246],[4.9969934,52.3805346],[4.9964131,52.3800406],[4.9946386,52.3795801],[4.9941605,52.3799437],[4.9936352,52.3801134],[4.9924824,52.3796251],[4.9923418,52.379006],[4.9918348,52.3788017],[4.9924354,52.3781743]]]},"properties":{"SELECTIE":7519,"LABEL":"7519-8354"}},{"id":408,"type":"Feature","geometry":{"type":"Polygon","coordinates":[[[4.7935112,52.3489908],[4.7935223,52.3488111],[4.7935755,52.3486317],[4.793741,52.348273],[4.7939467,52.3479145],[4.7940713,52.3477354],[4.7942295,52.3475564],[4.794449,52.3473557],[4.7947457,52.3471233],[4.795042,52.3469143],[4.7953617,52.3467236],[4.7949545,52.3475079],[4.7946796,52.3477385],[4.7945218,52.3479174],[4.794298,52.3482757],[4.7941678,52.3486347],[4.7941573,52.3488143],[4.794206,52.3489494],[4.7939317,52.3494776],[4.7937108,52.3493513],[4.7935619,52.3491708],[4.7935112,52.3489908]]]},"properties":{"SELECTIE":6683,"LABEL":"6683-7519"}},{"id":409,"type":"Feature","geometry":{"type":"Polygon","coordinates":[[[4.7948979,52.3496858],[4.7949733,52.3495826],[4.795337,52.3493977],[4.795889,52.3494309],[4.7961825,52.3494285],[4.7964763,52.3494069],[4.7967706,52.3493597],[4.7970651,52.3492764],[4.7973603,52.3491584],[4.7976508,52.3490106],[4.7981281,52.3487136],[4.7984995,52.3488936],[4.7976508,52.3493943],[4.7973554,52.3495253],[4.7970606,52.349622],[4.7967663,52.3496838],[4.7961785,52.3497349],[4.7955916,52.3497296],[4.7948979,52.3496858]]]},"properties":{"SELECTIE":6683,"LABEL":"6683-7519"}},{"id":410,"type":"Feature","geometry":{"type":"Polygon","coordinates":[[[4.9142987,52.3939282],[4.9145916,52.3938129],[4.9148864,52.3937217],[4.9166541,52.3932684],[4.9173451,52.3930252],[4.9176156,52.3934276],[4.9178319,52.3939633],[4.917824,52.3946978],[4.9179745,52.395145],[4.9169269,52.3952612],[4.9166326,52.3953083],[4.9151597,52.3956456],[4.9143709,52.3957762],[4.9144907,52.3952195],[4.9144726,52.394469],[4.9142987,52.3939282]]]},"properties":{"SELECTIE":10025,"LABEL":"10025-12532"}},{"id":411,"type":"Feature","geometry":{"type":"Polygon","coordinates":[[[4.9127344,52.3958349],[4.9129084,52.3950536],[4.9128971,52.3949738],[4.9134861,52.3944684],[4.9139051,52.394149],[4.914041,52.3941107],[4.9140922,52.3941908],[4.9141985,52.39483],[4.9141291,52.3956334],[4.9140814,52.3958085],[4.9131006,52.3958607],[4.9127344,52.3958349]]]},"properties":{"SELECTIE":10025,"LABEL":"10025-12532"}},{"id":412,"type":"Feature","geometry":{"type":"Polygon","coordinates":[[[5.0233602,52.4127266],[5.0234569,52.4126921],[5.0246313,52.4126409],[5.0244996,52.4130138],[5.0244187,52.4133731],[5.0244073,52.4135527],[5.0244464,52.4139069],[5.0236971,52.4138694],[5.0236022,52.4133706],[5.0233602,52.4127266]]]},"properties":{"SELECTIE":8354,"LABEL":"8354-10025"}},{"id":413,"type":"Feature","geometry":{"type":"Polygon","coordinates":[[[4.9469292,52.366495],[4.9471553,52.3662687],[4.9475345,52.3662238],[4.9480335,52.3659878],[4.9482042,52.3657925],[4.9483637,52.3658238],[4.9483903,52.3658422],[4.948518,52.3660225],[4.9484965,52.366202],[4.9483227,52.3663812],[4.9480538,52.3665035],[4.9469292,52.366495]]]},"properties":{"SELECTIE":6683,"LABEL":"6683-7519"}},{"id":414,"type":"Feature","geometry":{"type":"Polygon","coordinates":[[[4.9444062,52.3674722],[4.9456,52.3674857],[4.9456004,52.3677682],[4.9454078,52.3677884],[4.9451142,52.3677826],[4.9448211,52.3677278],[4.9445534,52.3676255],[4.9444062,52.3674722]]]},"properties":{"SELECTIE":6683,"LABEL":"6683-7519"}},{"id":415,"type":"Feature","geometry":{"type":"Polygon","coordinates":[[[4.994657,52.3899153],[4.9958509,52.3899339],[4.9965773,52.3904431],[4.9965104,52.3906349],[4.9960094,52.3905176],[4.9957164,52.3904285],[4.9953199,52.3902728],[4.994657,52.3899153]]]},"properties":{"SELECTIE":6683,"LABEL":"6683-7519"}},{"id":416,"type":"Feature","geometry":{"type":"MultiPolygon","coordinates":[[[[4.9646095,52.3765665],[4.963931,52.3760544],[4.9631449,52.3751121],[4.9628246,52.3742218],[4.9627004,52.3728791],[4.9627097,52.3727423],[4.9629216,52.3729054],[4.9632447,52.3730863],[4.9635625,52.3732243],[4.9638552,52.373318],[4.9641484,52.3733634],[4.9644423,52.373347],[4.9646117,52.3732709],[4.964738,52.3730916],[4.9646664,52.3729116],[4.9644973,52.3727312],[4.9641565,52.3725138],[4.9638642,52.3723751],[4.9634202,52.372229],[4.964436,52.3719625],[4.9656471,52.37143],[4.9670528,52.3706129],[4.9683487,52.3699569],[4.9684531,52.3699647],[4.9722968,52.3726111],[4.9676306,52.3751643],[4.9670715,52.3748273],[4.966779,52.3746969],[4.9664858,52.3746388],[4.9661918,52.3746873],[4.9658969,52.3747956],[4.9654237,52.3750713],[4.965212,52.3752502],[4.9650734,52.3754296],[4.9648883,52.3757884],[4.9646095,52.3765665]],[[4.9682518,52.3742523],[4.9684723,52.3741832],[4.9685465,52.3741312],[4.968663,52.3740042],[4.9687023,52.3738246],[4.9686699,52.3736447],[4.9685645,52.3734646],[4.9683752,52.3732842],[4.9682615,52.37321],[4.9679687,52.3731105],[4.9676755,52.3730772],[4.9673815,52.3730957],[4.967087,52.373181],[4.9669355,52.3732792],[4.966772,52.3734583],[4.9667262,52.3736379],[4.9667377,52.3738176],[4.966818,52.3739977],[4.9670776,52.3741861],[4.9673706,52.3742464],[4.9676642,52.3742699],[4.9679578,52.3742748],[4.9682518,52.3742523]]]]},"properties":{"SELECTIE":7519,"LABEL":"7519-8354"}},{"id":417,"type":"Feature","geometry":{"type":"Polygon","coordinates":[[[4.8122864,52.3820589],[4.8123301,52.3808723],[4.813901,52.3814467],[4.8139248,52.3814537],[4.8139688,52.3814697],[4.8142615,52.3815529],[4.8145545,52.3816039],[4.8148483,52.3816018],[4.8151365,52.3814526],[4.8151395,52.3814436],[4.8151966,52.3812731],[4.8151723,52.3810932],[4.8150802,52.3809131],[4.8149396,52.3807326],[4.8149044,52.3807018],[4.8148605,52.3806492],[4.8145699,52.3804086],[4.8142787,52.3802129],[4.813987,52.3800528],[4.8137796,52.379977],[4.8149919,52.379681],[4.8157422,52.3806115],[4.816032,52.3809264],[4.8163226,52.3811671],[4.8166142,52.3813359],[4.8169065,52.3814557],[4.8171988,52.3815606],[4.8175389,52.3816439],[4.8176756,52.3818243],[4.8174112,52.3821825],[4.8172189,52.3823614],[4.8169798,52.3825399],[4.8166892,52.3827184],[4.8160041,52.3831009],[4.8157088,52.3832194],[4.8154141,52.383294],[4.8151204,52.3832913],[4.8148286,52.3831375],[4.8145956,52.3828879],[4.8143944,52.3827073],[4.8142479,52.3826069],[4.8140792,52.382526],[4.8139559,52.3824805],[4.8136629,52.3824102],[4.8130766,52.3823186],[4.8127836,52.3822575],[4.8124913,52.3821541],[4.8122864,52.3820589]]]},"properties":{"SELECTIE":5848,"LABEL":"5848-6683"}},{"id":418,"type":"Feature","geometry":{"type":"Polygon","coordinates":[[[4.8099802,52.3802366],[4.8107609,52.3796749],[4.8113531,52.3793023],[4.8116489,52.3791497],[4.811944,52.3790471],[4.8122384,52.3789886],[4.8125325,52.3789558],[4.8131205,52.3789227],[4.8134169,52.3789271],[4.8137075,52.3789486],[4.8140007,52.3789967],[4.8142933,52.3790887],[4.8144308,52.3791637],[4.8127074,52.379422],[4.8120382,52.3794056],[4.8120204,52.3801481],[4.8116003,52.3803569],[4.8115766,52.3805265],[4.8101021,52.3805194],[4.810105,52.3802814],[4.8099802,52.3802366]]]},"properties":{"SELECTIE":5848,"LABEL":"5848-6683"}},{"id":419,"type":"Feature","geometry":{"type":"Polygon","coordinates":[[[4.974597,52.3257725],[4.975338,52.325135],[4.9756221,52.3247765],[4.9757107,52.3245971],[4.9757621,52.3244226],[4.9757826,52.3242379],[4.9756981,52.3236982],[4.9757925,52.323509],[4.9793923,52.3247193],[4.9804637,52.3235827],[4.9810476,52.3238151],[4.9811741,52.3238969],[4.9813396,52.3240708],[4.9814266,52.3242573],[4.9815579,52.3244375],[4.9817792,52.324618],[4.9821335,52.324799],[4.9827615,52.3249809],[4.9834926,52.3251632],[4.984261,52.3253149],[4.9845538,52.325364],[4.9848469,52.3253946],[4.9855632,52.325431],[4.9848307,52.3260451],[4.9836686,52.3259165],[4.9830823,52.3258896],[4.9827886,52.3259058],[4.9824948,52.3259646],[4.9822714,52.3260578],[4.9821262,52.3262369],[4.982078,52.3264166],[4.9820527,52.3267759],[4.9820811,52.3271356],[4.982054,52.3273152],[4.9819784,52.3274948],[4.9818681,52.3276741],[4.9815341,52.3280324],[4.9813957,52.3282118],[4.9812968,52.3283901],[4.9812133,52.3285707],[4.9811605,52.3287502],[4.9811347,52.3291436],[4.9809109,52.3293312],[4.9787205,52.3283509],[4.9789536,52.3282227],[4.97925,52.3280274],[4.9794522,52.3278456],[4.9795732,52.3276663],[4.9795967,52.3274866],[4.979548,52.3273881],[4.9794877,52.3273065],[4.9792564,52.3271941],[4.9789633,52.3271657],[4.9786695,52.327205],[4.9783658,52.3272996],[4.978063,52.3274813],[4.9778907,52.3276605],[4.977745,52.3279142],[4.976928,52.3275485],[4.9767316,52.3274269],[4.9766662,52.3267565],[4.9766839,52.3267326],[4.9758801,52.3264351],[4.9753235,52.32651],[4.9751115,52.3261578],[4.9751135,52.3259489],[4.974597,52.3257725]]]},"properties":{"SELECTIE":5013,"LABEL":"5013-5848"}},{"id":420,"type":"Feature","geometry":{"type":"Polygon","coordinates":[[[4.9762452,52.3232928],[4.976947,52.3231064],[4.9773166,52.3229849],[4.9778295,52.3228459],[4.9781233,52.3227921],[4.9784169,52.3227635],[4.9787104,52.3227542],[4.9790036,52.3227767],[4.9791922,52.3228116],[4.9795885,52.3229642],[4.9799034,52.3231736],[4.980184,52.3233976],[4.9799768,52.3236144],[4.979239,52.3238866],[4.9784137,52.3239386],[4.9774833,52.3237156],[4.9762452,52.3232928]]]},"properties":{"SELECTIE":5013,"LABEL":"5013-5848"}},{"id":421,"type":"Feature","geometry":{"type":"MultiPolygon","coordinates":[[[[4.8275291,52.3544013],[4.8275604,52.3542071],[4.8276037,52.3540098],[4.8276502,52.3536505],[4.8276176,52.3532909],[4.8275546,52.3530523],[4.8275752,52.3519702],[4.831462,52.3520137],[4.8314901,52.3520508],[4.831509,52.3522306],[4.8314268,52.3525897],[4.8314122,52.3527694],[4.8314852,52.3529496],[4.8316538,52.3531456],[4.8319461,52.3532538],[4.8322047,52.3533125],[4.8320798,52.3534915],[4.8319416,52.3536102],[4.8319047,52.3536705],[4.8316441,52.3539265],[4.831435,52.3542076],[4.8312069,52.354566],[4.831043,52.3547438],[4.8308214,52.3549237],[4.8304956,52.3551019],[4.8301602,52.3552089],[4.829866,52.3552554],[4.8295721,52.3552683],[4.8292789,52.3552577],[4.8289857,52.3552267],[4.8286927,52.3551759],[4.8283887,52.3550982],[4.8283641,52.355092],[4.8281078,52.3549925],[4.8279266,52.3549101],[4.8276752,52.3547292],[4.8275494,52.3545488],[4.8275291,52.3544013]],[[4.8295172,52.3541986],[4.8295862,52.3541484],[4.8296968,52.3540197],[4.8298846,52.3537604],[4.8300379,52.353482],[4.8301793,52.3531231],[4.8302084,52.3529436],[4.8302078,52.3527638],[4.8301733,52.3525838],[4.8300842,52.3524037],[4.8299148,52.3522231],[4.8296122,52.3520756],[4.8293194,52.3520253],[4.8290255,52.3520438],[4.8287307,52.3521501],[4.8286322,52.3522171],[4.8284811,52.3523962],[4.8284232,52.3525756],[4.8284173,52.3527554],[4.8286569,52.3540147],[4.8287058,52.3541307],[4.828762,52.354195],[4.8289966,52.3543489],[4.8292904,52.3543311],[4.8295172,52.3541986]]]]},"properties":{"SELECTIE":7519,"LABEL":"7519-8354"}},{"id":422,"type":"Feature","geometry":{"type":"Polygon","coordinates":[[[4.8176819,52.3512066],[4.8178818,52.3511818],[4.8182481,52.3510892],[4.8186517,52.3509115],[4.8193579,52.3505131],[4.8196559,52.35038],[4.8199482,52.3502614],[4.8205086,52.3500951],[4.8204902,52.350593],[4.8206428,52.3505886],[4.819725,52.3509167],[4.819106,52.3512134],[4.8176819,52.3512066]]]},"properties":{"SELECTIE":7519,"LABEL":"7519-8354"}},{"id":423,"type":"Feature","geometry":{"type":"Polygon","coordinates":[[[4.818901,52.3554524],[4.8191407,52.3549861],[4.8201817,52.3549746],[4.8207695,52.354921],[4.8210638,52.354874],[4.8213582,52.3547995],[4.8216499,52.3547002],[4.8219486,52.3545366],[4.8221479,52.3543435],[4.8222757,52.3541643],[4.822574,52.3536264],[4.822706,52.3534474],[4.8228803,52.3532684],[4.8231255,52.3530899],[4.8234369,52.3529268],[4.8237317,52.3528234],[4.824615,52.3526235],[4.8249097,52.3525359],[4.8252048,52.3524129],[4.8255283,52.3522024],[4.8257083,52.3520236],[4.8257647,52.351935],[4.8272179,52.3519486],[4.827213,52.3522666],[4.8269704,52.3520684],[4.8266765,52.3520932],[4.8263814,52.3522227],[4.825786,52.3525624],[4.8254945,52.3527083],[4.8251997,52.3528228],[4.8242851,52.3530953],[4.8240207,52.3531879],[4.8237256,52.3533104],[4.8234872,52.3534511],[4.8234623,52.3534734],[4.8234298,52.3534935],[4.823287,52.3536298],[4.8231398,52.353809],[4.8228806,52.354347],[4.8226569,52.3547054],[4.8224717,52.3548842],[4.8222358,52.3550386],[4.8221926,52.355056],[4.8221817,52.3550627],[4.8219408,52.3551573],[4.8216463,52.3552261],[4.8215048,52.3552497],[4.8213521,52.3552821],[4.8211917,52.3553018],[4.8210581,52.355324],[4.8209019,52.3553372],[4.820764,52.3553541],[4.820503,52.3553713],[4.8201762,52.3553992],[4.8199096,52.3554103],[4.8195887,52.3554315],[4.818901,52.3554524]]]},"properties":{"SELECTIE":7519,"LABEL":"7519-8354"}},{"id":424,"type":"Feature","geometry":{"type":"Polygon","coordinates":[[[4.8147991,52.3541284],[4.814838,52.3539489],[4.815121,52.353411],[4.8151569,52.3532314],[4.8151252,52.3530516],[4.8148795,52.3523314],[4.8148533,52.3519717],[4.814883,52.3518069],[4.8157137,52.3518162],[4.8155791,52.3519752],[4.815545,52.3521548],[4.8155865,52.3523348],[4.8156857,52.352515],[4.8158076,52.3526739],[4.8161784,52.3530567],[4.8162558,52.3532368],[4.8162309,52.3534164],[4.8161197,52.3535956],[4.815956,52.3537746],[4.8157906,52.3539981],[4.8157274,52.354133],[4.8157065,52.3543127],[4.8157839,52.3545225],[4.815909,52.3546731],[4.8160738,52.3548066],[4.8163656,52.3549402],[4.8165598,52.3549846],[4.8163261,52.3553906],[4.8160666,52.3553597],[4.8157744,52.3552653],[4.8156742,52.3552113],[4.8154833,52.3550712],[4.8152575,52.3548497],[4.8149441,52.3544888],[4.8148328,52.3543084],[4.8147991,52.3541284]]]},"properties":{"SELECTIE":7519,"LABEL":"7519-8354"}},{"id":425,"type":"Feature","geometry":{"type":"Polygon","coordinates":[[[4.9540472,52.3987573],[4.9540831,52.3985778],[4.9541945,52.3983984],[4.9544134,52.3982195],[4.9548045,52.398011],[4.9550996,52.3978774],[4.9553947,52.3977524],[4.9556894,52.3976633],[4.9559839,52.3976036],[4.956278,52.3975738],[4.9571597,52.3975589],[4.9574537,52.397535],[4.9575775,52.3975119],[4.9577484,52.3974518],[4.9579209,52.3973334],[4.9580248,52.3971541],[4.9581313,52.396795],[4.9581642,52.3966154],[4.9581342,52.3964354],[4.9580485,52.3962554],[4.9577632,52.3959105],[4.9575652,52.3957144],[4.9574445,52.3955342],[4.9573845,52.3953542],[4.9573911,52.3951745],[4.9574544,52.394995],[4.95756,52.3948156],[4.9577764,52.3945573],[4.9578556,52.3944838],[4.9578792,52.3944573],[4.9579283,52.3944165],[4.958369,52.3940492],[4.9588167,52.3937418],[4.9592573,52.3933308],[4.9594526,52.3932048],[4.9595526,52.3931636],[4.959847,52.3931195],[4.9601405,52.3931461],[4.9604335,52.3932279],[4.9610192,52.3934388],[4.9615033,52.3935716],[4.9621385,52.3937126],[4.9616926,52.3943201],[4.9613041,52.3943493],[4.9601285,52.3943938],[4.9595402,52.3944678],[4.9592457,52.3945296],[4.9589064,52.3946408],[4.9585762,52.3948193],[4.9583871,52.3949984],[4.9582967,52.3951778],[4.958282,52.3953575],[4.958342,52.3955375],[4.9584658,52.3957177],[4.9586399,52.3958996],[4.9589365,52.3961296],[4.9592286,52.3963077],[4.9597648,52.3965818],[4.959088,52.3971571],[4.9581558,52.3977863],[4.9566152,52.3986965],[4.9563678,52.3985861],[4.9559749,52.3985116],[4.955681,52.3985202],[4.9554714,52.3985828],[4.9553858,52.3986596],[4.9553298,52.398762],[4.9553839,52.3988613],[4.9554638,52.3989423],[4.9556759,52.3990498],[4.9558486,52.3991097],[4.9549643,52.399546],[4.9544788,52.3997492],[4.9541909,52.3992972],[4.9540641,52.3989372],[4.9540472,52.3987573]]]},"properties":{"SELECTIE":6683,"LABEL":"6683-7519"}},{"id":426,"type":"Feature","geometry":{"type":"Polygon","coordinates":[[[4.8576489,52.3267031],[4.8576509,52.3218249],[4.8589886,52.321843],[4.8593241,52.3220125],[4.8600483,52.3225217],[4.8604885,52.3227663],[4.8607809,52.3228677],[4.8610737,52.3229073],[4.8613617,52.3228869],[4.8616618,52.3227841],[4.861802,52.3227093],[4.8619576,52.3225847],[4.862161,52.3223513],[4.8622556,52.3221955],[4.8624975,52.3218905],[4.8630359,52.3218978],[4.8630355,52.3230549],[4.8673727,52.323074],[4.8678166,52.3232687],[4.8681087,52.3233744],[4.8684011,52.3234634],[4.8688249,52.3235573],[4.8687993,52.3239989],[4.8669345,52.3234435],[4.8663493,52.3233112],[4.8660564,52.3232815],[4.8657628,52.3232972],[4.8654683,52.3233996],[4.8653869,52.3234441],[4.8652001,52.3235787],[4.8651726,52.3235971],[4.8651617,52.3236064],[4.865139,52.3236228],[4.865056,52.3236968],[4.8649335,52.3238016],[4.8649041,52.3238322],[4.8648761,52.3238572],[4.8645791,52.3241719],[4.8642962,52.3245178],[4.864191,52.3246971],[4.8641171,52.3248765],[4.8640908,52.3250562],[4.8641137,52.325236],[4.8641944,52.3254162],[4.8642698,52.325527],[4.8645607,52.3257305],[4.8654369,52.3260713],[4.8659253,52.3263225],[4.866097,52.326503],[4.8660872,52.3266828],[4.8658871,52.3268616],[4.8657201,52.326935],[4.865426,52.3270072],[4.8651322,52.3270301],[4.8648392,52.3270094],[4.8642534,52.3269208],[4.86396,52.3269295],[4.8636657,52.3270081],[4.8633704,52.3271658],[4.8631086,52.3273886],[4.8629576,52.3275677],[4.8628434,52.3277415],[4.8579263,52.3277422],[4.8576614,52.3276514],[4.8576488,52.327431],[4.8577958,52.3273682],[4.8579688,52.3271861],[4.8579606,52.3270062],[4.8578278,52.3268259],[4.8576489,52.3267031]]]},"properties":{"SELECTIE":7519,"LABEL":"7519-8354"}},{"id":427,"type":"Feature","geometry":{"type":"Polygon","coordinates":[[[4.8566436,52.3218137],[4.8566867,52.3217877],[4.8572733,52.3217903],[4.8573996,52.3217179],[4.8574028,52.3265756],[4.8571056,52.3264632],[4.8567229,52.3263738],[4.8566436,52.3218137]]]},"properties":{"SELECTIE":7519,"LABEL":"7519-8354"}},{"id":428,"type":"Feature","geometry":{"type":"Polygon","coordinates":[[[4.8575871,52.3286151],[4.8575887,52.3279318],[4.8627519,52.3279318],[4.8626649,52.3282854],[4.8626475,52.3284651],[4.8626503,52.3288246],[4.8627128,52.3293642],[4.8627128,52.3295439],[4.8626217,52.3297233],[4.8618682,52.3301544],[4.8615723,52.3303637],[4.8613102,52.3306162],[4.8612137,52.3307956],[4.8611815,52.3309751],[4.8612281,52.3311551],[4.8614186,52.3315155],[4.8617857,52.3321267],[4.8582654,52.3321534],[4.8582103,52.3334785],[4.8577202,52.3335484],[4.8575753,52.3335843],[4.8575804,52.3314312],[4.8577476,52.3313215],[4.8580816,52.3311412],[4.8593442,52.3306075],[4.8596794,52.3304292],[4.859812,52.3303399],[4.860152,52.3300718],[4.860334,52.3298929],[4.8604792,52.3297138],[4.8605824,52.3295346],[4.8606434,52.329355],[4.8606427,52.3291752],[4.8605032,52.3286354],[4.8604381,52.3282756],[4.8602474,52.328095],[4.8601329,52.3280296],[4.8598401,52.3279837],[4.8596529,52.3280924],[4.8595446,52.3282716],[4.859529,52.3284513],[4.859432,52.3286307],[4.8592448,52.3287051],[4.8589505,52.3287749],[4.8586569,52.3287882],[4.8583638,52.3287668],[4.858071,52.3287228],[4.8575871,52.3286151]]]},"properties":{"SELECTIE":7519,"LABEL":"7519-8354"}},{"id":429,"type":"Feature","geometry":{"type":"Polygon","coordinates":[[[4.8692578,52.3241157],[4.869282,52.323618],[4.8695725,52.3236367],[4.8701593,52.323632],[4.8704529,52.323611],[4.8707468,52.3235642],[4.8713356,52.3233922],[4.8719246,52.3231864],[4.8722193,52.3230666],[4.8725145,52.3229207],[4.8746116,52.3229591],[4.8744855,52.3231243],[4.8743203,52.323483],[4.8742414,52.3240219],[4.8741944,52.3242015],[4.8740966,52.3243809],[4.8739561,52.3245299],[4.8739282,52.3245598],[4.8736596,52.3247352],[4.8733721,52.3248542],[4.873078,52.32492],[4.8727844,52.3249381],[4.8724822,52.3249138],[4.8721988,52.3248451],[4.8713236,52.3244318],[4.8710312,52.3243398],[4.8707384,52.3242865],[4.8698592,52.3242039],[4.8692578,52.3241157]]]},"properties":{"SELECTIE":7519,"LABEL":"7519-8354"}},{"id":430,"type":"Feature","geometry":{"type":"Polygon","coordinates":[[[4.876101,52.3229864],[4.8780214,52.3230216],[4.8779579,52.3233189],[4.8778711,52.3234984],[4.8777872,52.3235818],[4.8776587,52.3236772],[4.8774919,52.3237611],[4.8771968,52.3238549],[4.8769039,52.3238726],[4.8766113,52.3238057],[4.8764141,52.3236718],[4.8763045,52.3234916],[4.876101,52.3229864]]]},"properties":{"SELECTIE":7519,"LABEL":"7519-8354"}},{"id":431,"type":"Feature","geometry":{"type":"Polygon","coordinates":[[[4.8572998,52.3335347],[4.8551795,52.3335253],[4.8552656,52.3332427],[4.8554191,52.3331065],[4.8554734,52.332927],[4.8554131,52.3327592],[4.8556062,52.3321266],[4.8565652,52.3319673],[4.8568597,52.3318789],[4.8571549,52.3317324],[4.8573157,52.3316156],[4.8572998,52.3335347]]]},"properties":{"SELECTIE":7519,"LABEL":"7519-8354"}},{"id":432,"type":"Feature","geometry":{"type":"Polygon","coordinates":[[[4.8565475,52.3280914],[4.8565583,52.3279767],[4.8573456,52.3279926],[4.8573411,52.3285367],[4.8570453,52.3284402],[4.8567013,52.3282589],[4.8565475,52.3280914]]]},"properties":{"SELECTIE":7519,"LABEL":"7519-8354"}},{"id":433,"type":"Feature","geometry":{"type":"Polygon","coordinates":[[[4.9074567,52.4197136],[4.9057958,52.4191932],[4.9055026,52.4191187],[4.905209,52.4190804],[4.904915,52.4190757],[4.9037381,52.4191747],[4.9034439,52.4191852],[4.90315,52.4191768],[4.9028564,52.4191477],[4.9025629,52.4190992],[4.9019764,52.4189608],[4.9016569,52.4188667],[4.9011666,52.4186848],[4.900846,52.4185038],[4.9006703,52.4183233],[4.900624,52.4181433],[4.9006802,52.4179639],[4.9008344,52.4177847],[4.9010767,52.417606],[4.9019965,52.4171273],[4.9022641,52.4169578],[4.902417,52.4170981],[4.90416,52.4167905],[4.9041584,52.4168996],[4.9041971,52.4170795],[4.9043472,52.4172203],[4.90444,52.4172602],[4.9046404,52.4173033],[4.9049343,52.4173023],[4.9052289,52.4172517],[4.9058195,52.417004],[4.9061144,52.4169135],[4.9064089,52.41687],[4.906703,52.4168604],[4.9069655,52.4168735],[4.9069352,52.41697],[4.90693,52.4174482],[4.9072809,52.4182157],[4.9078939,52.4190916],[4.9081683,52.4195416],[4.9074567,52.4197136]]]},"properties":{"SELECTIE":8354,"LABEL":"8354-10025"}},{"id":434,"type":"Feature","geometry":{"type":"Polygon","coordinates":[[[4.9072517,52.4141287],[4.9074001,52.4139207],[4.9088034,52.4143174],[4.9087824,52.4143963],[4.9086175,52.4145539],[4.9081599,52.4143993],[4.9072517,52.4141287]]]},"properties":{"SELECTIE":8354,"LABEL":"8354-10025"}},{"id":435,"type":"Feature","geometry":{"type":"Polygon","coordinates":[[[4.9502187,52.317218],[4.949874,52.3176233],[4.9489628,52.3172793],[4.9445947,52.3220317],[4.9444873,52.3220093],[4.9406448,52.3207315],[4.9412353,52.3200805],[4.9423608,52.3201248],[4.9426546,52.3200668],[4.9429495,52.3199242],[4.9431267,52.3198061],[4.9434634,52.3196275],[4.943834,52.3194666],[4.9444229,52.3192515],[4.945012,52.318991],[4.9453064,52.3188961],[4.9456004,52.318828],[4.9464817,52.3186873],[4.9471566,52.3185627],[4.9473636,52.3185111],[4.9476578,52.3184058],[4.9479075,52.3182061],[4.9479537,52.3181463],[4.9482074,52.3176679],[4.948331,52.3174886],[4.9489034,52.3167763],[4.9502187,52.317218]]]},"properties":{"SELECTIE":5013,"LABEL":"5013-5848"}},{"id":436,"type":"Feature","geometry":{"type":"Polygon","coordinates":[[[4.9439621,52.3225493],[4.9429304,52.3236917],[4.9407845,52.3228934],[4.9406033,52.3225889],[4.940493,52.3222759],[4.9405536,52.3219027],[4.9409124,52.3214439],[4.9439621,52.3225493]]]},"properties":{"SELECTIE":5013,"LABEL":"5013-5848"}},{"id":437,"type":"Feature","geometry":{"type":"Polygon","coordinates":[[[4.943569,52.3245176],[4.9447787,52.3230821],[4.9450927,52.3228489],[4.9465539,52.3233444],[4.9464337,52.3235317],[4.9463317,52.3237725],[4.9461827,52.3239517],[4.9458415,52.3241069],[4.9455474,52.3241814],[4.9449594,52.3242983],[4.943569,52.3245176]]]},"properties":{"SELECTIE":5013,"LABEL":"5013-5848"}},{"id":438,"type":"Feature","geometry":{"type":"Polygon","coordinates":[[[4.9472207,52.3229007],[4.9456913,52.3223797],[4.9462044,52.3217905],[4.9485336,52.3225686],[4.9484769,52.322654],[4.9482026,52.322656],[4.9479112,52.3227011],[4.9476147,52.3227754],[4.9472207,52.3229007]]]},"properties":{"SELECTIE":5013,"LABEL":"5013-5848"}},{"id":439,"type":"Feature","geometry":{"type":"Polygon","coordinates":[[[4.9490496,52.3136418],[4.9495852,52.3130557],[4.949904,52.3135398],[4.9500476,52.3137207],[4.9502431,52.3139006],[4.9506332,52.3141174],[4.9510377,52.3144428],[4.9509231,52.3144423],[4.9506282,52.314621],[4.9508906,52.3147838],[4.9503623,52.3146034],[4.9506299,52.3144412],[4.9503385,52.3142604],[4.9500434,52.314439],[4.9502419,52.3145622],[4.9497962,52.31441],[4.9500452,52.3142594],[4.9490496,52.3136418]]]},"properties":{"SELECTIE":5013,"LABEL":"5013-5848"}},{"id":440,"type":"Feature","geometry":{"type":"Polygon","coordinates":[[[4.9546525,52.3230514],[4.949458,52.3213322],[4.9494949,52.3212859],[4.9496818,52.3213898],[4.9499684,52.3214496],[4.9502677,52.321474],[4.951148,52.3214445],[4.9514416,52.3214138],[4.9517355,52.3213511],[4.9519029,52.3212766],[4.9520304,52.3211969],[4.9521153,52.3210976],[4.9522085,52.3209182],[4.9522588,52.3207386],[4.9522792,52.3205589],[4.9522496,52.3201716],[4.9531045,52.3204382],[4.9531582,52.3209217],[4.9532832,52.3216412],[4.953341,52.3218211],[4.953448,52.3220012],[4.9536611,52.3221818],[4.9540719,52.32242],[4.9546575,52.3225388],[4.9546525,52.3230514]]]},"properties":{"SELECTIE":5013,"LABEL":"5013-5848"}},{"id":441,"type":"Feature","geometry":{"type":"Polygon","coordinates":[[[4.9495214,52.3232066],[4.9504167,52.3222145],[4.9518533,52.3226828],[4.9511897,52.3238959],[4.9509182,52.3241571],[4.9508285,52.3241145],[4.9501358,52.3236069],[4.9495214,52.3232066]]]},"properties":{"SELECTIE":5013,"LABEL":"5013-5848"}},{"id":442,"type":"Feature","geometry":{"type":"Polygon","coordinates":[[[4.9557856,52.3153275],[4.955015,52.3161922],[4.9509438,52.314802],[4.9512129,52.314803],[4.9515045,52.3149837],[4.9517978,52.3149848],[4.9520894,52.3151657],[4.9523843,52.314987],[4.9523847,52.3149651],[4.9526773,52.3150362],[4.9529704,52.3150613],[4.9532629,52.3151236],[4.9538488,52.3152015],[4.9553156,52.315182],[4.9556083,52.3152413],[4.9557856,52.3153275]]]},"properties":{"SELECTIE":5013,"LABEL":"5013-5848"}},{"id":443,"type":"Feature","geometry":{"type":"Polygon","coordinates":[[[4.9527017,52.3159297],[4.9529189,52.3156806],[4.9549508,52.3163792],[4.9547167,52.3164388],[4.9544235,52.3164391],[4.9541305,52.316388],[4.9537766,52.3162503],[4.953255,52.3159347],[4.9529625,52.3158715],[4.9527017,52.3159297]]]},"properties":{"SELECTIE":5013,"LABEL":"5013-5848"}},{"id":444,"type":"Feature","geometry":{"type":"Polygon","coordinates":[[[5.0357317,52.308238],[5.0357751,52.3079268],[5.0356812,52.3071557],[5.0357279,52.306674],[5.0358844,52.3063744],[5.0362957,52.306457],[5.0368012,52.3066384],[5.0369779,52.3068186],[5.0372084,52.3074086],[5.0373359,52.3075387],[5.0374998,52.307639],[5.0377956,52.3077184],[5.0380854,52.3077566],[5.0383787,52.3077517],[5.038496,52.3077218],[5.0386728,52.3076457],[5.0387599,52.3075429],[5.0387902,52.3073632],[5.0387155,52.3071832],[5.0386766,52.3071413],[5.0381214,52.3066422],[5.0380002,52.3064621],[5.0379992,52.3062808],[5.0387624,52.3060697],[5.0389505,52.3057636],[5.0390971,52.3053085],[5.0392555,52.30516],[5.0400817,52.3054865],[5.0416174,52.30465],[5.0420431,52.3050455],[5.0433628,52.3044186],[5.0463587,52.3050842],[5.0459995,52.3053548],[5.0452442,52.3050723],[5.0448584,52.3050712],[5.0439122,52.3054276],[5.0419329,52.3063592],[5.0405551,52.3071174],[5.04008,52.3075453],[5.0399452,52.3083509],[5.0372408,52.3087371],[5.0360011,52.3084821],[5.0360661,52.3084337],[5.0358037,52.3082531],[5.0357317,52.308238]]]},"properties":{"SELECTIE":5848,"LABEL":"5848-6683"}},{"id":445,"type":"Feature","geometry":{"type":"Polygon","coordinates":[[[5.0314462,52.3073414],[5.0314562,52.3072067],[5.0322391,52.306865],[5.0324282,52.3064538],[5.0342549,52.3067923],[5.0342395,52.3069323],[5.0355233,52.3072515],[5.0356461,52.3079702],[5.0355702,52.3082096],[5.0351497,52.3081498],[5.0348565,52.3081422],[5.0346409,52.3081678],[5.0337173,52.3078944],[5.0328041,52.3077164],[5.0316308,52.3076438],[5.031539,52.3075214],[5.0314462,52.3073414]]]},"properties":{"SELECTIE":5848,"LABEL":"5848-6683"}},{"id":446,"type":"Feature","geometry":{"type":"Polygon","coordinates":[[[5.031887,52.3079434],[5.0327732,52.3079968],[5.034152,52.3083016],[5.0339658,52.3084275],[5.0338942,52.3086069],[5.0338683,52.3087867],[5.0339703,52.308962],[5.0342632,52.3089896],[5.0343498,52.3089679],[5.0345574,52.3088757],[5.0353891,52.3087285],[5.0349309,52.3098604],[5.034771,52.3101841],[5.0335844,52.310186],[5.0333694,52.310045],[5.0330839,52.3097775],[5.0329117,52.3095028],[5.0326681,52.3089629],[5.0325647,52.3087828],[5.0322158,52.3083083],[5.031887,52.3079434]]]},"properties":{"SELECTIE":5848,"LABEL":"5848-6683"}},{"id":447,"type":"Feature","geometry":{"type":"Polygon","coordinates":[[[5.0338524,52.3103342],[5.0358277,52.3103273],[5.0362275,52.3103636],[5.0359469,52.3107467],[5.0354225,52.3107325],[5.0351295,52.3107125],[5.0348365,52.3106717],[5.0345438,52.3106034],[5.0342512,52.3105093],[5.0338524,52.3103342]]]},"properties":{"SELECTIE":5848,"LABEL":"5848-6683"}},{"id":448,"type":"Feature","geometry":{"type":"Polygon","coordinates":[[[5.0404244,52.3104765],[5.0400921,52.3103432],[5.0371582,52.3103849],[5.0364306,52.3102229],[5.0349622,52.3101814],[5.0355759,52.3086812],[5.0357069,52.308646],[5.0371395,52.3088946],[5.0393428,52.3086207],[5.0429544,52.3091744],[5.0430614,52.3093328],[5.0427643,52.3094524],[5.0426305,52.3095315],[5.0424787,52.3097108],[5.0424421,52.3098904],[5.0424571,52.31025],[5.0424051,52.3104295],[5.0422551,52.3106089],[5.0421684,52.3106571],[5.0418752,52.3106402],[5.0412904,52.310445],[5.0409975,52.3103918],[5.040704,52.3104132],[5.0404244,52.3104765]]]},"properties":{"SELECTIE":5848,"LABEL":"5848-6683"}},{"id":449,"type":"Feature","geometry":{"type":"Polygon","coordinates":[[[5.0361315,52.3107576],[5.0364278,52.3103466],[5.0371396,52.3104746],[5.0400022,52.3104327],[5.0402677,52.310539],[5.0401152,52.3106025],[5.0396044,52.3109606],[5.0392318,52.3111588],[5.0389378,52.3112549],[5.0386441,52.3113122],[5.0383507,52.3113343],[5.0380571,52.3113156],[5.0377647,52.3112542],[5.0368875,52.3109125],[5.0365949,52.3108245],[5.0363032,52.3107705],[5.0361315,52.3107576]]]},"properties":{"SELECTIE":5848,"LABEL":"5848-6683"}},{"id":450,"type":"Feature","geometry":{"type":"MultiPolygon","coordinates":[[[[5.0366926,52.3025724],[5.0366895,52.3025155],[5.0371042,52.3024993],[5.0383843,52.3025717],[5.0387097,52.3029053],[5.0390009,52.3031698],[5.0392933,52.3032933],[5.0395862,52.3033241],[5.041052,52.3033662],[5.0420831,52.3034438],[5.0414494,52.3042116],[5.0394081,52.303899],[5.039404,52.3044246],[5.0392612,52.3046695],[5.039293,52.3044887],[5.0391549,52.3043085],[5.0387687,52.3041275],[5.0382222,52.3039462],[5.0377801,52.3037651],[5.0374567,52.3035845],[5.0372519,52.3034041],[5.0371304,52.303224],[5.037015,52.3028641],[5.0369515,52.3027681],[5.0368673,52.302684],[5.0366926,52.3025724]]],[[[5.0392612,52.3046695],[5.0390419,52.3050455],[5.0388819,52.3054041],[5.0385103,52.3052593],[5.0386925,52.3051122],[5.0390906,52.3048475],[5.0392612,52.3046695]]]]},"properties":{"SELECTIE":5848,"LABEL":"5848-6683"}},{"id":451,"type":"Feature","geometry":{"type":"Polygon","coordinates":[[[5.0379332,52.3021769],[5.0367935,52.3020078],[5.0369258,52.30157],[5.037253,52.3017285],[5.0375448,52.3019],[5.0379332,52.3021769]]]},"properties":{"SELECTIE":5848,"LABEL":"5848-6683"}},{"id":452,"type":"Feature","geometry":{"type":"Polygon","coordinates":[[[5.0450781,52.3067288],[5.0444427,52.3070937],[5.0438536,52.3074949],[5.0432341,52.3081327],[5.0427992,52.3089198],[5.0414856,52.3087495],[5.0402449,52.3083956],[5.0404083,52.3075812],[5.041098,52.3071277],[5.0427348,52.3061602],[5.0444122,52.3054642],[5.0453003,52.3052039],[5.0462259,52.3056271],[5.0462505,52.3056535],[5.0458633,52.305766],[5.0450921,52.3059435],[5.044408,52.3061214],[5.0442554,52.3062475],[5.0442034,52.3063004],[5.0443867,52.3064808],[5.0450781,52.3067288]]]},"properties":{"SELECTIE":5848,"LABEL":"5848-6683"}},{"id":453,"type":"Feature","geometry":{"type":"Polygon","coordinates":[[[5.0468494,52.3072759],[5.0464831,52.30752],[5.0467373,52.3079237],[5.0458603,52.3085871],[5.0447598,52.3085838],[5.0440471,52.3083366],[5.0447095,52.3076902],[5.0454997,52.307158],[5.0458101,52.3069748],[5.0468494,52.3072759]]]},"properties":{"SELECTIE":5848,"LABEL":"5848-6683"}},{"id":454,"type":"Feature","geometry":{"type":"Polygon","coordinates":[[[5.0441201,52.303375],[5.0445718,52.3032319],[5.0460425,52.3026289],[5.0466304,52.3024391],[5.0469239,52.3023883],[5.0472175,52.302358],[5.0478041,52.3023328],[5.0480973,52.3023459],[5.0486832,52.3024115],[5.048976,52.3024616],[5.0495616,52.3025903],[5.0508716,52.3029043],[5.0514708,52.3030856],[5.051943,52.3032675],[5.0518023,52.303374],[5.0508707,52.3037393],[5.0501971,52.3039827],[5.0489345,52.3046449],[5.0485367,52.3043372],[5.047881,52.3041162],[5.0473065,52.3040455],[5.0472561,52.3037927],[5.0471236,52.3036126],[5.0469156,52.3034982],[5.0466565,52.3034315],[5.0463297,52.3034183],[5.0460362,52.3034538],[5.0457424,52.3035361],[5.0455687,52.3036081],[5.0453148,52.3037872],[5.0452122,52.3039665],[5.0452299,52.3040581],[5.0451377,52.3040558],[5.0442265,52.3035801],[5.0441201,52.303375]]]},"properties":{"SELECTIE":5848,"LABEL":"5848-6683"}},{"id":455,"type":"Feature","geometry":{"type":"MultiPolygon","coordinates":[[[[4.9876542,52.3597526],[4.9873958,52.3596495],[4.9893436,52.3586023],[4.989538,52.3585549],[4.9897541,52.3584384],[4.9898883,52.3583094],[4.9915679,52.3574064],[4.9916034,52.3573991],[4.9916381,52.3573686],[4.9932976,52.3564763],[4.9934699,52.3566532],[4.9935996,52.3568334],[4.9936889,52.3570135],[4.9937334,52.3571934],[4.9937073,52.3573731],[4.9936118,52.3575525],[4.9933602,52.357923],[4.9932124,52.3582702],[4.9931291,52.3586294],[4.9931034,52.3589888],[4.9931425,52.3591687],[4.9932787,52.3593489],[4.9936785,52.3597097],[4.9937737,52.3598898],[4.9938149,52.3600696],[4.9937861,52.3602493],[4.9936315,52.3604418],[4.9933375,52.3604952],[4.9930443,52.360443],[4.9924585,52.3602934],[4.9921648,52.3603138],[4.991869,52.360546],[4.9917216,52.3607818],[4.9916523,52.3609612],[4.991616,52.3611409],[4.9916309,52.3614465],[4.988708,52.3602015],[4.9888792,52.3600532],[4.988985,52.3598738],[4.98894,52.3597743],[4.9888567,52.3596936],[4.9886474,52.3596466],[4.9883539,52.359648],[4.9880001,52.3596908],[4.9876542,52.3597526]],[[4.9914455,52.358444],[4.991595,52.3583398],[4.9916405,52.358265],[4.9916029,52.3580851],[4.9913051,52.357926],[4.9910103,52.3580667],[4.9909569,52.3582627],[4.9910071,52.3584188],[4.9910514,52.3584427],[4.9913001,52.3584808],[4.9914455,52.358444]]]]},"properties":{"SELECTIE":6683,"LABEL":"6683-7519"}},{"id":456,"type":"Feature","geometry":{"type":"Polygon","coordinates":[[[4.9803623,52.3644232],[4.9814014,52.3634833],[4.9810698,52.3633442],[4.9812743,52.363273],[4.9815678,52.3632888],[4.9819346,52.3634449],[4.9827384,52.3637192],[4.9830314,52.3638024],[4.9836176,52.3639019],[4.983911,52.3639302],[4.9842046,52.3639365],[4.9844986,52.3638975],[4.9846642,52.3638137],[4.984705,52.3636342],[4.9846382,52.3634542],[4.9840995,52.3625535],[4.9836982,52.3616255],[4.9844379,52.3612335],[4.98444,52.3614763],[4.9845,52.3618359],[4.9846241,52.3621958],[4.984723,52.362376],[4.9848566,52.3625561],[4.9850339,52.3627366],[4.9853879,52.3629622],[4.9856807,52.3630523],[4.985974,52.3630798],[4.9862679,52.3630634],[4.986562,52.3630109],[4.9868546,52.3629222],[4.9873125,52.3627442],[4.987664,52.3625656],[4.9879421,52.3623868],[4.9881679,52.3622078],[4.9883308,52.3620285],[4.9894123,52.3627892],[4.9890353,52.3629796],[4.9902323,52.3638071],[4.9906089,52.3636647],[4.9907959,52.3637611],[4.9893484,52.3642854],[4.9886095,52.3638905],[4.9883168,52.3637745],[4.9880237,52.3637102],[4.9877302,52.3636975],[4.9874364,52.3637309],[4.9870486,52.3638218],[4.9868475,52.3639013],[4.9860102,52.3641778],[4.9856538,52.3643564],[4.9855495,52.3645358],[4.9855236,52.3647154],[4.9855287,52.3650749],[4.985596,52.3654146],[4.9847096,52.3656461],[4.9842459,52.3652101],[4.9846387,52.3648415],[4.9827247,52.3640385],[4.9819313,52.3647924],[4.9818077,52.3645231],[4.9816177,52.3643427],[4.9815586,52.3643169],[4.9812654,52.3642614],[4.9809717,52.3642634],[4.9806778,52.364309],[4.9803623,52.3644232]]]},"properties":{"SELECTIE":6683,"LABEL":"6683-7519"}},{"id":457,"type":"Feature","geometry":{"type":"Polygon","coordinates":[[[4.9895361,52.3564604],[4.9895845,52.3562808],[4.9897694,52.3561017],[4.989854,52.3560568],[4.9901483,52.3559613],[4.9903675,52.3559239],[4.9907361,52.3558916],[4.9910296,52.3558965],[4.9916162,52.3559576],[4.9922025,52.3560536],[4.9924956,52.3561144],[4.9929347,52.3562576],[4.9917778,52.3568733],[4.9917505,52.3568273],[4.9916092,52.3567486],[4.9913158,52.356729],[4.9910583,52.356825],[4.991021,52.3568611],[4.9909524,52.3570044],[4.9909836,52.3571842],[4.9910419,52.3572651],[4.9900566,52.3577895],[4.9899963,52.3575404],[4.9896745,52.3570001],[4.9895962,52.3568201],[4.9895511,52.3566401],[4.9895361,52.3564604]]]},"properties":{"SELECTIE":6683,"LABEL":"6683-7519"}},{"id":458,"type":"Feature","geometry":{"type":"Polygon","coordinates":[[[4.9750673,52.3624126],[4.974513,52.3620203],[4.9747818,52.3617146],[4.9744859,52.36157],[4.9754007,52.3607498],[4.9761952,52.3610876],[4.976568,52.360752],[4.9766878,52.3610902],[4.9766735,52.3612698],[4.9766044,52.3614494],[4.9764711,52.3616287],[4.9762766,52.3618077],[4.9760013,52.3619719],[4.9750673,52.3624126]]]},"properties":{"SELECTIE":6683,"LABEL":"6683-7519"}},{"id":459,"type":"Feature","geometry":{"type":"Polygon","coordinates":[[[4.9773872,52.360014],[4.9787467,52.3587892],[4.9796994,52.3592225],[4.9804725,52.3585839],[4.9845996,52.3602858],[4.9845155,52.3606904],[4.9835061,52.3612155],[4.9833507,52.3609599],[4.9833325,52.360947],[4.9833235,52.3609332],[4.9830568,52.3607529],[4.9827663,52.3606517],[4.9824758,52.3605694],[4.9821802,52.3605346],[4.9818867,52.360531],[4.9815826,52.3605655],[4.9815632,52.3605677],[4.9812979,52.3606919],[4.9812274,52.3607462],[4.9811743,52.3609258],[4.9812589,52.3611059],[4.98168,52.3614669],[4.9817936,52.3616469],[4.9818058,52.3618267],[4.981727,52.3620063],[4.9815781,52.362176],[4.9815658,52.3621812],[4.9812833,52.362301],[4.9809899,52.3622758],[4.9806908,52.3621834],[4.9804047,52.3620553],[4.9803405,52.3620167],[4.9803086,52.3620014],[4.980239,52.3619554],[4.9801128,52.3618794],[4.9792372,52.361294],[4.9788775,52.3609179],[4.9786703,52.3607375],[4.9783636,52.3605086],[4.9780716,52.3603238],[4.9777795,52.3601689],[4.9774872,52.3600426],[4.9773872,52.360014]]]},"properties":{"SELECTIE":6683,"LABEL":"6683-7519"}},{"id":460,"type":"Feature","geometry":{"type":"Polygon","coordinates":[[[5.0476834,52.3181741],[5.0479763,52.3182318],[5.0482796,52.3177836],[5.049444,52.3175189],[5.0493271,52.3176395],[5.0491156,52.3179985],[5.049061,52.3181781],[5.0490479,52.3183578],[5.0491312,52.3185377],[5.0491455,52.3185463],[5.049437,52.3187187],[5.049732,52.3187821],[5.0503184,52.3188332],[5.0506116,52.3188427],[5.0517849,52.3188506],[5.0519545,52.3188459],[5.0520782,52.3188462],[5.0526651,52.3188264],[5.053252,52.3187886],[5.0537385,52.3187306],[5.0537973,52.318719],[5.0538392,52.3187137],[5.054133,52.3186529],[5.0545259,52.318528],[5.0562148,52.3196536],[5.057514,52.3204442],[5.0580299,52.3206595],[5.0573416,52.3210774],[5.0570484,52.3210766],[5.0567536,52.3212556],[5.0567523,52.3214352],[5.0561628,52.3217932],[5.0561635,52.3217155],[5.0559804,52.3216129],[5.0554354,52.3212519],[5.0550862,52.3208914],[5.0542712,52.32017],[5.0537573,52.3196295],[5.0535411,52.319448],[5.0532479,52.319324],[5.0529552,52.3192617],[5.0526618,52.3192508],[5.0523684,52.3192619],[5.0506063,52.319548],[5.0503127,52.3195895],[5.0500191,52.3196126],[5.0497259,52.3196087],[5.049433,52.319554],[5.0491405,52.3194473],[5.0488474,52.3194043],[5.0485545,52.319341],[5.0485606,52.3185361],[5.0482686,52.3183556],[5.0479753,52.3183547],[5.0476834,52.3181741]]]},"properties":{"SELECTIE":5848,"LABEL":"5848-6683"}},{"id":461,"type":"Feature","geometry":{"type":"Polygon","coordinates":[[[5.0438987,52.3164658],[5.0434113,52.3166571],[5.0434061,52.3173316],[5.0438311,52.3178322],[5.042771,52.3181095],[5.042699,52.316331],[5.0427333,52.3163224],[5.0432972,52.3163974],[5.0435905,52.3164155],[5.0438716,52.3164127],[5.0438987,52.3164658]]]},"properties":{"SELECTIE":5848,"LABEL":"5848-6683"}},{"id":462,"type":"Feature","geometry":{"type":"Polygon","coordinates":[[[5.0483179,52.3146372],[5.048343,52.3147878],[5.04666,52.3151373],[5.0468272,52.3150753],[5.0479473,52.3147596],[5.0483179,52.3146372]]]},"properties":{"SELECTIE":5848,"LABEL":"5848-6683"}},{"id":463,"type":"Feature","geometry":{"type":"Polygon","coordinates":[[[5.0348578,52.3177509],[5.0421284,52.3161963],[5.0422454,52.3162234],[5.0423418,52.318152],[5.0421367,52.3181965],[5.0419695,52.3181576],[5.0418176,52.3180798],[5.0416788,52.317977],[5.0414759,52.317617],[5.041236,52.3174246],[5.0409433,52.3173571],[5.0406497,52.3173952],[5.0403555,52.3175094],[5.0400614,52.3175953],[5.0397683,52.3175763],[5.0394759,52.3174567],[5.0390572,52.3172504],[5.0388914,52.3172019],[5.0385983,52.3171532],[5.0383051,52.3171437],[5.0380117,52.3171656],[5.0377179,52.3172168],[5.0374238,52.3173108],[5.0371614,52.3174245],[5.0369228,52.3176036],[5.0368496,52.3177832],[5.0368619,52.3181427],[5.0368295,52.318293],[5.0365359,52.3183109],[5.0362433,52.318232],[5.0348578,52.3177509]]]},"properties":{"SELECTIE":5848,"LABEL":"5848-6683"}},{"id":464,"type":"Feature","geometry":{"type":"Polygon","coordinates":[[[5.0419673,52.3161547],[5.0361871,52.3173369],[5.0363479,52.3168643],[5.036942,52.3166023],[5.0377239,52.3164501],[5.0386047,52.3163324],[5.0388986,52.3162798],[5.0400741,52.3159883],[5.0403678,52.3159342],[5.0406613,52.3159125],[5.0409544,52.3159251],[5.0412474,52.3159716],[5.0419673,52.3161547]]]},"properties":{"SELECTIE":5848,"LABEL":"5848-6683"}},{"id":465,"type":"Feature","geometry":{"type":"MultiPolygon","coordinates":[[[[4.9647044,52.3028351],[4.9685199,52.2987289],[4.9689616,52.2987631],[4.9695472,52.2988514],[4.9704279,52.2990519],[4.9713031,52.2991962],[4.9718881,52.2993336],[4.9721805,52.2994393],[4.9724725,52.2995678],[4.9730556,52.2999135],[4.973347,52.3001171],[4.9736003,52.3003231],[4.9739147,52.300627],[4.973742,52.3008226],[4.9734249,52.3009323],[4.9732952,52.3010535],[4.9727564,52.3005628],[4.9724541,52.3003191],[4.9721461,52.3001383],[4.9717457,52.2999571],[4.9712973,52.2998242],[4.9710045,52.2997773],[4.9707115,52.2997619],[4.9695387,52.2997547],[4.9689528,52.2997076],[4.9686596,52.2997117],[4.968381,52.2997655],[4.9683115,52.2999451],[4.9686139,52.3001259],[4.9689479,52.3002256],[4.9692401,52.3003389],[4.9704083,52.3008371],[4.9718269,52.3013954],[4.972213,52.3015765],[4.9724074,52.301757],[4.972456,52.3019369],[4.972415,52.3021164],[4.9722314,52.3022957],[4.9721512,52.3023297],[4.9713038,52.3024656],[4.9712125,52.3025438],[4.9706847,52.30262],[4.9703902,52.3027709],[4.9703323,52.3028282],[4.9702844,52.3030079],[4.9703094,52.3031876],[4.970304,52.3033674],[4.9702105,52.3035468],[4.969995,52.3037258],[4.9692043,52.3041409],[4.9690494,52.3042618],[4.9688743,52.3044409],[4.9687895,52.3046203],[4.9687576,52.3048],[4.9687679,52.3049797],[4.9688161,52.3051597],[4.9688991,52.3053402],[4.9691675,52.3057132],[4.9683373,52.3058409],[4.9679563,52.3057105],[4.9678829,52.3046171],[4.9678281,52.3042574],[4.9677395,52.3039945],[4.9676742,52.3038974],[4.9674495,52.3036585],[4.9671576,52.303513],[4.9668654,52.3034138],[4.9666171,52.3033544],[4.9661269,52.3031728],[4.9659889,52.3030751],[4.9656969,52.3029439],[4.9654043,52.3028747],[4.9651113,52.3028465],[4.9647044,52.3028351]],[[4.968045,52.3026895],[4.9681154,52.3026406],[4.9682659,52.3024615],[4.9682456,52.3022816],[4.9680498,52.3021864],[4.9677571,52.302144],[4.9674638,52.3021404],[4.9671703,52.3021661],[4.9667184,52.3022762],[4.9665815,52.3024156],[4.966513,52.3024552],[4.9666302,52.3026355],[4.9668719,52.3027144],[4.9671647,52.3027718],[4.9674578,52.3027936],[4.967751,52.3027746],[4.968045,52.3026895]]]]},"properties":{"SELECTIE":5848,"LABEL":"5848-6683"}},{"id":466,"type":"Feature","geometry":{"type":"Polygon","coordinates":[[[4.9630558,52.3031627],[4.9630696,52.301724],[4.9633645,52.3015452],[4.9633712,52.3008262],[4.9636662,52.3006475],[4.9636696,52.3002881],[4.9642594,52.2999307],[4.9642612,52.2997509],[4.964321,52.2997146],[4.9664004,52.3004448],[4.9641891,52.3027925],[4.9639395,52.302743],[4.9638868,52.3028054],[4.9636438,52.3029976],[4.9633503,52.3030361],[4.9630558,52.3031627]]]},"properties":{"SELECTIE":5848,"LABEL":"5848-6683"}},{"id":467,"type":"Feature","geometry":{"type":"Polygon","coordinates":[[[4.9645595,52.2992056],[4.9645629,52.2988532],[4.9648577,52.2986746],[4.9648594,52.2984829],[4.9660304,52.2986909],[4.9663233,52.2987237],[4.9678821,52.2987116],[4.9664749,52.300232],[4.9645561,52.2995719],[4.9645581,52.2993519],[4.9645863,52.2993926],[4.9648503,52.2994563],[4.9650394,52.2993941],[4.9649502,52.2992141],[4.9648529,52.2991886],[4.9645595,52.2992056]]]},"properties":{"SELECTIE":5848,"LABEL":"5848-6683"}},{"id":468,"type":"Feature","geometry":{"type":"Polygon","coordinates":[[[4.9670616,52.3134117],[4.9673048,52.3133011],[4.9680243,52.3124809],[4.9741295,52.3145314],[4.9734503,52.315289],[4.9729121,52.3153611],[4.9726186,52.3153751],[4.9723254,52.3153603],[4.9720327,52.3153117],[4.9717423,52.3152341],[4.9713605,52.315055],[4.9710786,52.3148743],[4.9705736,52.3145037],[4.9702818,52.3143458],[4.9699895,52.3142411],[4.9696966,52.3141887],[4.9694035,52.3141668],[4.9688172,52.3141563],[4.9685242,52.3141214],[4.9682316,52.3140482],[4.9679394,52.3139397],[4.9676117,52.3137835],[4.9673186,52.3136028],[4.9670616,52.3134117]]]},"properties":{"SELECTIE":5848,"LABEL":"5848-6683"}},{"id":469,"type":"Feature","geometry":{"type":"Polygon","coordinates":[[[4.9747998,52.3145008],[4.9682575,52.3122552],[4.9688602,52.3115182],[4.9692036,52.3109234],[4.9694329,52.3110414],[4.9697245,52.3112283],[4.9700173,52.3114514],[4.9703057,52.3118017],[4.9705961,52.3120964],[4.9708879,52.312263],[4.9711804,52.3123482],[4.9714733,52.3123874],[4.9717666,52.3123862],[4.9720602,52.3123442],[4.9723543,52.3122686],[4.9729427,52.312055],[4.9732367,52.3119843],[4.97353,52.3119764],[4.9738226,52.312068],[4.9739591,52.3121881],[4.9741116,52.3123691],[4.9741665,52.3125484],[4.9742928,52.3132678],[4.9746833,52.314125],[4.9747998,52.3145008]]]},"properties":{"SELECTIE":5848,"LABEL":"5848-6683"}},{"id":470,"type":"Feature","geometry":{"type":"Polygon","coordinates":[[[4.9739542,52.3151942],[4.9744682,52.3146525],[4.9747824,52.3147586],[4.9747233,52.314887],[4.9746759,52.3149327],[4.9744585,52.3150659],[4.9739542,52.3151942]]]},"properties":{"SELECTIE":5848,"LABEL":"5848-6683"}},{"id":471,"type":"Feature","geometry":{"type":"Polygon","coordinates":[[[4.9589147,52.3069218],[4.9589164,52.3067421],[4.9592112,52.3065634],[4.9592147,52.306204],[4.9598093,52.3058438],[4.9606316,52.3061383],[4.9609173,52.306393],[4.9597242,52.3077166],[4.9596696,52.3076436],[4.9589135,52.3070313],[4.9589147,52.3069218]]]},"properties":{"SELECTIE":5848,"LABEL":"5848-6683"}},{"id":472,"type":"Feature","geometry":{"type":"Polygon","coordinates":[[[4.9598964,52.3079579],[4.9611874,52.3065461],[4.9625945,52.3071149],[4.9637599,52.3074553],[4.9629448,52.3083691],[4.9618347,52.3082175],[4.9615413,52.3082339],[4.9613562,52.3083687],[4.9613235,52.3085483],[4.9613833,52.3087283],[4.9614477,52.3088357],[4.9601731,52.3084044],[4.9598964,52.3079579]]]},"properties":{"SELECTIE":5848,"LABEL":"5848-6683"}},{"id":473,"type":"Feature","geometry":{"type":"Polygon","coordinates":[[[4.7952484,52.342159],[4.7947711,52.3414108],[4.7929199,52.3413218],[4.7924694,52.3409812],[4.7930134,52.3404067],[4.79358,52.3405688],[4.7957217,52.3405864],[4.7959298,52.3407342],[4.7962953,52.3409536],[4.797288,52.3416398],[4.7976022,52.3418211],[4.7980419,52.3420209],[4.7983339,52.3421266],[4.7986264,52.3422065],[4.7989192,52.3422618],[4.7992124,52.3422851],[4.7995061,52.3422755],[4.7998,52.3422333],[4.7999742,52.3421923],[4.8003892,52.3420711],[4.8009787,52.3418742],[4.8012733,52.3417978],[4.8018617,52.3416825],[4.8021563,52.3416007],[4.8024485,52.341485],[4.8027284,52.3413072],[4.803044,52.3410504],[4.8033401,52.3408473],[4.8036349,52.3407451],[4.8039289,52.3407007],[4.8042223,52.3407064],[4.8045151,52.3407648],[4.8048073,52.3408623],[4.8053903,52.3411584],[4.8056826,52.3412491],[4.8059754,52.3412978],[4.8062693,52.3412722],[4.80655,52.3411462],[4.8066587,52.340967],[4.8066812,52.3408366],[4.8066499,52.34137],[4.8080908,52.3414414],[4.8080042,52.3415127],[4.8076887,52.341691],[4.8074366,52.3417806],[4.8071423,52.3418538],[4.8068482,52.341893],[4.8065544,52.3419091],[4.8059678,52.3418914],[4.8056719,52.341861],[4.8045029,52.3416881],[4.8042095,52.3416887],[4.8039153,52.3417398],[4.8036205,52.3418411],[4.8030297,52.342128],[4.8027347,52.3422486],[4.8024399,52.3423421],[4.801519,52.3425594],[4.8011919,52.3426567],[4.8011784,52.3422586],[4.798445,52.3425237],[4.7982783,52.3428061],[4.798051,52.3427221],[4.7974434,52.3425396],[4.7971555,52.3424758],[4.795984,52.3422928],[4.7952484,52.342159]]]},"properties":{"SELECTIE":6683,"LABEL":"6683-7519"}},{"id":474,"type":"Feature","geometry":{"type":"Polygon","coordinates":[[[4.8188342,52.3585244],[4.8192579,52.3583369],[4.8195254,52.3582436],[4.8237325,52.3582745],[4.824161,52.3584873],[4.8250572,52.3590309],[4.8251203,52.3590868],[4.8256889,52.3593934],[4.8258429,52.3595739],[4.8258071,52.3597534],[4.8253977,52.3603723],[4.8252805,52.3606497],[4.8252474,52.3608293],[4.8253528,52.3610096],[4.8253895,52.3610304],[4.8256832,52.3610207],[4.8259772,52.3609868],[4.8262704,52.3610234],[4.8265621,52.3611641],[4.8265946,52.3611952],[4.826717,52.3613756],[4.8267567,52.3615554],[4.8267117,52.3617351],[4.8265894,52.3619142],[4.8265724,52.3619299],[4.8265522,52.3619583],[4.8262042,52.3622719],[4.8260412,52.3624508],[4.8257836,52.3628091],[4.82572,52.3628857],[4.8256444,52.3629882],[4.825487,52.3631673],[4.8252924,52.3633461],[4.8250474,52.3635246],[4.8247337,52.3637028],[4.8242321,52.3639384],[4.8237993,52.363935],[4.8235925,52.3638152],[4.8235963,52.3635178],[4.8224646,52.3628142],[4.822074,52.362431],[4.8227344,52.3620227],[4.8231604,52.3617182],[4.8235142,52.3613604],[4.8237575,52.361002],[4.8240315,52.3604641],[4.824103,52.3602846],[4.8241915,52.3599255],[4.824225,52.3595662],[4.8242121,52.3593863],[4.8241646,52.3592064],[4.8240615,52.3590262],[4.8238738,52.3588455],[4.8236573,52.3587075],[4.8233652,52.3585816],[4.8230727,52.3585055],[4.8227796,52.3584584],[4.8224863,52.358433],[4.8221928,52.3584276],[4.8216054,52.3584457],[4.8204298,52.3585389],[4.8201358,52.3585747],[4.8195473,52.3586743],[4.819253,52.3587387],[4.8188364,52.3588606],[4.8188342,52.3585244]]]},"properties":{"SELECTIE":7519,"LABEL":"7519-8354"}},{"id":475,"type":"Feature","geometry":{"type":"Polygon","coordinates":[[[4.8930696,52.404428],[4.8929546,52.4043385],[4.8915672,52.4049895],[4.8911797,52.4053116],[4.8897668,52.4059278],[4.8863856,52.4032006],[4.8876373,52.402593],[4.8887226,52.4022366],[4.8891895,52.4026117],[4.8921615,52.4011861],[4.8946284,52.4031257],[4.894212,52.4033499],[4.8939155,52.4035558],[4.8935115,52.4039138],[4.8930696,52.404428]]]},"properties":{"SELECTIE":8354,"LABEL":"8354-10025"}},{"id":476,"type":"Feature","geometry":{"type":"Polygon","coordinates":[[[4.8781438,52.4151814],[4.8797833,52.4144088],[4.8798059,52.4144275],[4.879733,52.414461],[4.8797696,52.4146409],[4.8800829,52.414822],[4.8803854,52.4149077],[4.8817616,52.4160481],[4.8805494,52.4159554],[4.8802559,52.4159149],[4.8799626,52.4158544],[4.8796695,52.4157776],[4.879084,52.4155747],[4.8781438,52.4151814]]]},"properties":{"SELECTIE":8354,"LABEL":"8354-10025"}},{"id":477,"type":"Feature","geometry":{"type":"Polygon","coordinates":[[[4.8800261,52.4143268],[4.8795023,52.4139118],[4.8847712,52.4114454],[4.8849653,52.4116073],[4.8851124,52.4117875],[4.8851749,52.4119676],[4.8851492,52.4121472],[4.8850019,52.4123306],[4.8845019,52.4126837],[4.8843348,52.4128628],[4.8842776,52.4130423],[4.8844522,52.4132228],[4.8845984,52.413274],[4.8838458,52.4136338],[4.882756,52.4140538],[4.882022,52.4143862],[4.8819905,52.4142909],[4.881746,52.4141264],[4.8814526,52.4140819],[4.8811586,52.4140838],[4.8808642,52.4141151],[4.8801248,52.4142829],[4.8800261,52.4143268]]]},"properties":{"SELECTIE":8354,"LABEL":"8354-10025"}},{"id":478,"type":"Feature","geometry":{"type":"Polygon","coordinates":[[[4.8823373,52.4161484],[4.8809716,52.4150643],[4.8811419,52.4149827],[4.8814429,52.4149346],[4.8817565,52.4148292],[4.8819827,52.4146503],[4.8820177,52.4145578],[4.8831415,52.4140079],[4.8837822,52.4138],[4.8843831,52.41353],[4.8857277,52.4146756],[4.884592,52.4156559],[4.8837832,52.4162255],[4.8834856,52.4162572],[4.8831917,52.4162649],[4.8828979,52.4162458],[4.8823373,52.4161484]]]},"properties":{"SELECTIE":8354,"LABEL":"8354-10025"}},{"id":479,"type":"Feature","geometry":{"type":"Polygon","coordinates":[[[4.8847531,52.416033],[4.8857031,52.4152569],[4.8862061,52.4154811],[4.8861408,52.415572],[4.8859052,52.4157454],[4.8858429,52.415773],[4.8855479,52.4158622],[4.8847531,52.416033]]]},"properties":{"SELECTIE":8354,"LABEL":"8354-10025"}},{"id":480,"type":"Feature","geometry":{"type":"Polygon","coordinates":[[[4.8866063,52.4147327],[4.8858393,52.4146575],[4.8857791,52.4146076],[4.8861359,52.4144172],[4.8863069,52.4145231],[4.8867923,52.4145613],[4.886653,52.4146701],[4.8866063,52.4147327]]]},"properties":{"SELECTIE":8354,"LABEL":"8354-10025"}},{"id":481,"type":"Feature","geometry":{"type":"Polygon","coordinates":[[[4.8857971,52.4134411],[4.8861637,52.413399],[4.886753,52.4132778],[4.8873417,52.4132045],[4.8876356,52.4132034],[4.8879293,52.4132263],[4.8885162,52.4133196],[4.8888094,52.4133871],[4.8893953,52.4135659],[4.8896878,52.4136966],[4.8898364,52.4137847],[4.8900521,52.4139654],[4.8904531,52.4145063],[4.8906204,52.4146867],[4.8908521,52.414864],[4.8912171,52.4150487],[4.8917288,52.4151853],[4.8920224,52.4152301],[4.8929608,52.4153022],[4.8927409,52.4153989],[4.8924871,52.4154474],[4.8903635,52.4150793],[4.8891907,52.4148512],[4.8885149,52.4148033],[4.8882081,52.414574],[4.8878997,52.4144262],[4.8882245,52.4142835],[4.8871709,52.4133683],[4.8869378,52.4133674],[4.8861637,52.4137544],[4.8857971,52.4134411]]]},"properties":{"SELECTIE":8354,"LABEL":"8354-10025"}},{"id":482,"type":"Feature","geometry":{"type":"Polygon","coordinates":[[[4.8949662,52.4157393],[4.8946613,52.4158347],[4.8943669,52.4158737],[4.894073,52.415875],[4.8926046,52.415727],[4.8908426,52.4155813],[4.8902557,52.4154873],[4.8898381,52.4154025],[4.8892255,52.4152202],[4.8888394,52.4150388],[4.8886294,52.4148921],[4.8894124,52.4149699],[4.8908481,52.4152361],[4.8926878,52.4156155],[4.8928716,52.4155048],[4.8932416,52.4153209],[4.8937848,52.4153545],[4.8941699,52.4153432],[4.8943218,52.4153621],[4.8949662,52.4157393]]]},"properties":{"SELECTIE":8354,"LABEL":"8354-10025"}},{"id":483,"type":"Feature","geometry":{"type":"Polygon","coordinates":[[[4.8903993,52.4087959],[4.890614,52.4086948],[4.8902627,52.4084279],[4.8917217,52.4076691],[4.8927818,52.4082247],[4.8929,52.4083021],[4.8928524,52.4090448],[4.8927203,52.4093422],[4.8926379,52.4094579],[4.8922444,52.409719],[4.89133,52.4101426],[4.8912,52.4098965],[4.8910417,52.4096555],[4.8903993,52.4087959]]]},"properties":{"SELECTIE":8354,"LABEL":"8354-10025"}},{"id":484,"type":"Feature","geometry":{"type":"Polygon","coordinates":[[[4.8914319,52.410357],[4.8922821,52.4111098],[4.8921199,52.4111861],[4.8919841,52.4110974],[4.8917765,52.4109168],[4.8916075,52.4107364],[4.8914319,52.410357]]]},"properties":{"SELECTIE":8354,"LABEL":"8354-10025"}},{"id":485,"type":"Feature","geometry":{"type":"Polygon","coordinates":[[[5.0124154,52.3052109],[5.0126658,52.3051084],[5.0130328,52.3049167],[5.0134723,52.3053253],[5.0137636,52.305544],[5.0140556,52.3056883],[5.0143485,52.305748],[5.0146417,52.3057414],[5.0149354,52.3056865],[5.0158176,52.3053958],[5.0167011,52.3051412],[5.0170347,52.3049711],[5.0177517,52.3048516],[5.0185058,52.3047961],[5.0184436,52.3049649],[5.0183026,52.3051442],[5.0174206,52.3058604],[5.0172518,52.3060397],[5.0171381,52.306219],[5.017089,52.3063987],[5.0170887,52.3065784],[5.0171186,52.3067582],[5.0175213,52.3081751],[5.0149477,52.3079922],[5.0132394,52.3074495],[5.0130842,52.3066638],[5.0135621,52.3059709],[5.0129346,52.3058164],[5.0126929,52.3054861],[5.0124154,52.3052109]]]},"properties":{"SELECTIE":5848,"LABEL":"5848-6683"}},{"id":486,"type":"Feature","geometry":{"type":"Polygon","coordinates":[[[5.0159063,52.3033579],[5.0173759,52.3030235],[5.0176595,52.3029889],[5.0178865,52.3035208],[5.018423,52.3044256],[5.0184961,52.3046056],[5.0185026,52.3046905],[5.0180361,52.3047119],[5.0175239,52.3046938],[5.0172495,52.3047249],[5.0172984,52.3046018],[5.0172696,52.304422],[5.0171501,52.3042418],[5.0170015,52.3040869],[5.0163334,52.3037],[5.0160874,52.3035195],[5.0159063,52.3033579]]]},"properties":{"SELECTIE":5848,"LABEL":"5848-6683"}},{"id":487,"type":"Feature","geometry":{"type":"Polygon","coordinates":[[[5.024683,52.3112403],[5.0222219,52.3112839],[5.0222688,52.3107935],[5.0224588,52.3098294],[5.023698,52.3099387],[5.0239911,52.3099694],[5.0242651,52.3100191],[5.0242838,52.3100225],[5.0245763,52.3101391],[5.0246621,52.3101969],[5.0247865,52.3103419],[5.0247582,52.3110841],[5.024683,52.3112403]]]},"properties":{"SELECTIE":5848,"LABEL":"5848-6683"}},{"id":488,"type":"Feature","geometry":{"type":"Polygon","coordinates":[[[5.0115884,52.3044898],[5.0122778,52.304154],[5.0127785,52.3046729],[5.0121534,52.304978],[5.0115884,52.3044898]]]},"properties":{"SELECTIE":5848,"LABEL":"5848-6683"}},{"id":489,"type":"Feature","geometry":{"type":"MultiPolygon","coordinates":[[[[4.780946,52.3559378],[4.7810335,52.3557584],[4.7812833,52.3555799],[4.7820142,52.3552062],[4.7822389,52.3550455],[4.7822561,52.3550304],[4.7823109,52.3549905],[4.7823624,52.354936],[4.7824404,52.3548668],[4.782767,52.3545087],[4.7849041,52.3536403],[4.7855586,52.3536254],[4.7858519,52.3536463],[4.7861448,52.3536987],[4.786437,52.353789],[4.7864597,52.3537998],[4.786488,52.3538088],[4.7870204,52.3540661],[4.7873123,52.3541849],[4.7878955,52.3543554],[4.7880436,52.3544069],[4.7881894,52.3544511],[4.7882866,52.3544913],[4.7884201,52.3545376],[4.7884617,52.3545635],[4.7884814,52.3545717],[4.7887101,52.3547188],[4.7888705,52.3548995],[4.7889562,52.3550795],[4.7889932,52.3552595],[4.7889736,52.355619],[4.7889071,52.3557984],[4.7887579,52.3559819],[4.7885236,52.3561559],[4.7881644,52.3563089],[4.7878699,52.3563879],[4.7875756,52.3564306],[4.7872821,52.3564354],[4.7869889,52.356401],[4.7861113,52.3561698],[4.7855257,52.3560631],[4.7849392,52.3560093],[4.7847041,52.3559969],[4.7846459,52.3559922],[4.7845954,52.3559912],[4.7843523,52.3559784],[4.7837653,52.355974],[4.7834714,52.3559942],[4.7831772,52.3560505],[4.7829797,52.3561279],[4.7829546,52.3561419],[4.7828819,52.3561717],[4.7825859,52.3563482],[4.7822896,52.3564837],[4.7819963,52.3565306],[4.7817029,52.3565168],[4.7815398,52.35648],[4.7814105,52.3564383],[4.7811481,52.3562983],[4.7809862,52.3561176],[4.780946,52.3559378]],[[4.7852477,52.3549047],[4.785264,52.3548812],[4.7852508,52.3546754],[4.7851116,52.3545209],[4.7849602,52.3544502],[4.784667,52.3544279],[4.7843594,52.3545171],[4.7842744,52.3546964],[4.7843915,52.3548768],[4.7846597,52.3549754],[4.7849526,52.3550183],[4.7852477,52.3549047]]]]},"properties":{"SELECTIE":4177,"LABEL":"4177-5013"}},{"id":490,"type":"Feature","geometry":{"type":"Polygon","coordinates":[[[4.784442,52.3536662],[4.7829752,52.3542562],[4.7832047,52.3540136],[4.783501,52.3538248],[4.7837958,52.3537361],[4.7840898,52.3536938],[4.784442,52.3536662]]]},"properties":{"SELECTIE":4177,"LABEL":"4177-5013"}},{"id":491,"type":"Feature","geometry":{"type":"Polygon","coordinates":[[[4.8573903,52.3548327],[4.8573503,52.354859],[4.8570185,52.3547918],[4.8567545,52.3546097],[4.8562974,52.3545171],[4.8558098,52.3544878],[4.8556481,52.3544237],[4.8559696,52.3534929],[4.856746,52.3515955],[4.8574883,52.3500872],[4.8577779,52.3500347],[4.8649619,52.3519377],[4.869686,52.3530958],[4.8697852,52.3531904],[4.8781192,52.3554196],[4.8784452,52.3555396],[4.8790551,52.3559596],[4.879288,52.3560465],[4.8798055,52.356199],[4.8780037,52.3587774],[4.8776776,52.3587813],[4.8773837,52.3588093],[4.8770867,52.3589059],[4.8767898,52.3590837],[4.8764968,52.3593457],[4.8762316,52.3596217],[4.8761544,52.3597478],[4.875781,52.3596353],[4.8759462,52.3594188],[4.8751208,52.3591889],[4.8753166,52.3588912],[4.8749187,52.3587717],[4.8751143,52.3584648],[4.8738911,52.358145],[4.873567,52.358035],[4.8731766,52.3579247],[4.8725494,52.3578292],[4.8716963,52.3574634],[4.8713858,52.3574621],[4.8707961,52.3573214],[4.8702536,52.3571576],[4.8703014,52.3568997],[4.8703316,52.3565404],[4.8703343,52.3561809],[4.8703007,52.3556414],[4.870458,52.3551029],[4.870452,52.3549231],[4.8703979,52.3547431],[4.8702951,52.354563],[4.8700958,52.354337],[4.8698046,52.3541373],[4.8695127,52.3540019],[4.8692199,52.3539269],[4.8689251,52.3540421],[4.8687702,52.3541967],[4.8686284,52.3543058],[4.8683312,52.3546198],[4.8679967,52.3549124],[4.8678467,52.3550914],[4.8677736,52.355271],[4.8677909,52.3554508],[4.8678541,52.3556308],[4.8678388,52.3558105],[4.8676142,52.3559892],[4.8670866,52.3561851],[4.8669672,52.3560488],[4.8669843,52.3558498],[4.8673754,52.3552722],[4.8671998,52.3551265],[4.8668785,52.354779],[4.866738,52.3547919],[4.8666248,52.3549951],[4.8665203,52.355067],[4.8663649,52.3550934],[4.8659884,52.3550557],[4.8655817,52.3550675],[4.8652188,52.3551427],[4.8648845,52.355268],[4.864624,52.3554321],[4.8645465,52.3554598],[4.8639223,52.3550811],[4.8636304,52.3549431],[4.8633381,52.3548359],[4.8630454,52.3547551],[4.8621669,52.3545596],[4.8620562,52.3545268],[4.8618747,52.3544449],[4.8617115,52.3543455],[4.8612932,52.3539839],[4.8610015,52.3538246],[4.8607088,52.3537465],[4.8604156,52.3537193],[4.8601219,52.3537363],[4.8598277,52.3537839],[4.8595287,52.3537969],[4.8592411,52.3537392],[4.8586567,52.3535095],[4.858364,52.3534359],[4.8580709,52.3534034],[4.8577772,52.3534142],[4.8574831,52.3534612],[4.8571885,52.35355],[4.8570688,52.3536058],[4.8568387,52.3537846],[4.8567641,52.3539639],[4.856785,52.3541438],[4.8568544,52.3543239],[4.8569832,52.3545042],[4.8571762,52.3546819],[4.8573903,52.3548327]]]},"properties":{"SELECTIE":10025,"LABEL":"10025-12532"}},{"id":492,"type":"Feature","geometry":{"type":"Polygon","coordinates":[[[4.8428843,52.3547483],[4.8429124,52.3533346],[4.8430364,52.3530031],[4.8431057,52.3528874],[4.8431759,52.3528239],[4.8434021,52.3526624],[4.8436969,52.3525425],[4.843875,52.3524962],[4.8438007,52.3553504],[4.8436629,52.3553365],[4.84337,52.3552725],[4.8431499,52.3551606],[4.8430783,52.355113],[4.8429779,52.3549801],[4.8428843,52.3547483]]]},"properties":{"SELECTIE":10025,"LABEL":"10025-12532"}},{"id":493,"type":"Feature","geometry":{"type":"Polygon","coordinates":[[[4.8491098,52.3572892],[4.8491245,52.3553691],[4.8456894,52.3553604],[4.8457693,52.3520783],[4.8460508,52.3520959],[4.8461346,52.3521185],[4.8466348,52.3523536],[4.846927,52.3524657],[4.8472204,52.3524794],[4.847515,52.3523952],[4.8478092,52.3523379],[4.8481018,52.3524142],[4.8482072,52.3524874],[4.8483935,52.3526634],[4.8484877,52.3528481],[4.8487126,52.3530289],[4.8492669,52.3531717],[4.8495599,52.353215],[4.8498535,52.3532075],[4.8501477,52.3531556],[4.8502919,52.3531147],[4.8502178,52.357167],[4.8501373,52.3573046],[4.8500978,52.3577734],[4.8500704,52.3578345],[4.8497985,52.357768],[4.8495065,52.3576433],[4.8492155,52.3574173],[4.8491098,52.3572892]]]},"properties":{"SELECTIE":10025,"LABEL":"10025-12532"}},{"id":494,"type":"Feature","geometry":{"type":"Polygon","coordinates":[[[4.8486965,52.3567107],[4.8483151,52.3562627],[4.8480583,52.3560114],[4.8479039,52.3559013],[4.847767,52.355818],[4.8474748,52.3557104],[4.847182,52.3556435],[4.8469117,52.3556074],[4.8485245,52.3556147],[4.8486367,52.3556566],[4.8487031,52.3557465],[4.8486965,52.3567107]]]},"properties":{"SELECTIE":10025,"LABEL":"10025-12532"}},{"id":495,"type":"Feature","geometry":{"type":"Polygon","coordinates":[[[4.8494476,52.360341],[4.8497675,52.3603319],[4.8500606,52.3603727],[4.8503532,52.3604612],[4.8509376,52.3606823],[4.8512304,52.3607487],[4.8521097,52.3608832],[4.8524036,52.3609537],[4.8529218,52.3611368],[4.8531175,52.3612233],[4.853069,52.3630214],[4.8526686,52.3632362],[4.852427,52.3633409],[4.8516764,52.3632486],[4.8507239,52.3632378],[4.850514,52.3631032],[4.8501667,52.3627422],[4.8500604,52.3625619],[4.8499709,52.3620222],[4.8498124,52.3618418],[4.8497232,52.3618051],[4.8497636,52.3605085],[4.8494467,52.3603983],[4.8494476,52.360341]]]},"properties":{"SELECTIE":10025,"LABEL":"10025-12532"}},{"id":496,"type":"Feature","geometry":{"type":"Polygon","coordinates":[[[4.8497642,52.3509178],[4.8497281,52.3508765],[4.8497801,52.350697],[4.8498847,52.3506355],[4.8501707,52.3505182],[4.8504733,52.3505074],[4.8507663,52.3505601],[4.8510588,52.3506341],[4.8513519,52.3506766],[4.8516457,52.3506484],[4.8519429,52.3505055],[4.8520889,52.3509313],[4.851755,52.3509637],[4.8497642,52.3509178]]]},"properties":{"SELECTIE":10025,"LABEL":"10025-12532"}},{"id":497,"type":"Feature","geometry":{"type":"Polygon","coordinates":[[[4.8534325,52.3580594],[4.8531567,52.3579923],[4.8528219,52.3578879],[4.8523125,52.3578696],[4.8504431,52.3578547],[4.8504234,52.3568899],[4.8504811,52.35306],[4.851112,52.35286],[4.8515918,52.3526824],[4.851917,52.3524888],[4.8521023,52.3523252],[4.8522145,52.3521624],[4.8522514,52.3519664],[4.8522291,52.3517865],[4.8521158,52.3516063],[4.8519236,52.351427],[4.8516382,52.3512669],[4.8513455,52.3511986],[4.8507582,52.3512219],[4.8504972,52.3512134],[4.8504977,52.3511605],[4.8505829,52.3510644],[4.8517484,52.3510825],[4.8521846,52.3510492],[4.8528735,52.3531519],[4.8534779,52.3552928],[4.8536031,52.3553609],[4.8539061,52.3563654],[4.8539436,52.3567483],[4.854014,52.3570091],[4.8541425,52.3572379],[4.8543859,52.3575484],[4.8541871,52.3577272],[4.8539073,52.3578838],[4.8534325,52.3580594]]]},"properties":{"SELECTIE":10025,"LABEL":"10025-12532"}},{"id":498,"type":"Feature","geometry":{"type":"MultiPolygon","coordinates":[[[[4.8523462,52.3501819],[4.8527071,52.3498115],[4.8531293,52.3493244],[4.8532309,52.349268],[4.8545152,52.3495675],[4.8546042,52.3494581],[4.8551804,52.349635],[4.855473,52.3497068],[4.8557661,52.3497495],[4.8559377,52.3496462],[4.855977,52.3495723],[4.8567584,52.3497717],[4.8570081,52.3499023],[4.8564753,52.3513642],[4.8561492,52.3521232],[4.8559961,52.3527696],[4.8546968,52.3562528],[4.8542829,52.3562896],[4.8542811,52.3563102],[4.8542361,52.3563131],[4.8535008,52.3537293],[4.8528135,52.351558],[4.8523462,52.3501819]],[[4.8563381,52.3510003],[4.8564517,52.3509068],[4.8565417,52.3507274],[4.8565352,52.3505476],[4.8564555,52.3503675],[4.8563477,52.350203],[4.8560562,52.3500234],[4.8557605,52.3502191],[4.8555631,52.3505433],[4.855502,52.3507228],[4.8555737,52.3509028],[4.855751,52.3510079],[4.8560438,52.351075],[4.8563381,52.3510003]]]]},"properties":{"SELECTIE":10025,"LABEL":"10025-12532"}},{"id":499,"type":"Feature","geometry":{"type":"Polygon","coordinates":[[[4.8533782,52.3628577],[4.8534363,52.3614029],[4.8538608,52.3617659],[4.8541528,52.3618957],[4.8544462,52.3619051],[4.8553284,52.3618063],[4.8556215,52.3618419],[4.8562067,52.3620092],[4.8565003,52.3620094],[4.8567263,52.3618728],[4.8567978,52.3616933],[4.8567111,52.3615133],[4.8565507,52.3613329],[4.8565088,52.3612987],[4.8562168,52.3611641],[4.8556309,52.3610584],[4.8554387,52.3609685],[4.8553185,52.3607881],[4.8554529,52.3606089],[4.8559337,52.3602919],[4.8561545,52.3600729],[4.8562658,52.3599057],[4.8566969,52.3604361],[4.8568268,52.3606572],[4.8569408,52.3608687],[4.8571816,52.361577],[4.8587188,52.3633459],[4.8587808,52.3634792],[4.8587739,52.3636057],[4.8586928,52.3637417],[4.8584686,52.3638834],[4.8582447,52.363983],[4.8581758,52.3640349],[4.8579458,52.3639165],[4.8576534,52.3638046],[4.8573601,52.3637807],[4.8570655,52.3638665],[4.8567718,52.3638737],[4.856482,52.3635421],[4.8563398,52.3633092],[4.8561737,52.3631287],[4.8559022,52.3629226],[4.8556102,52.3627962],[4.8553171,52.3627375],[4.8544374,52.3626516],[4.8541437,52.3626464],[4.8538497,52.3626873],[4.853555,52.3627766],[4.8533782,52.3628577]]]},"properties":{"SELECTIE":10025,"LABEL":"10025-12532"}},{"id":500,"type":"Feature","geometry":{"type":"Polygon","coordinates":[[[4.8573698,52.3460138],[4.8572771,52.3458783],[4.856989,52.3456476],[4.856697,52.3455376],[4.8565752,52.3455147],[4.856022,52.3453325],[4.8559937,52.3451526],[4.8560196,52.3451265],[4.8574159,52.3453191],[4.8573698,52.3460138]]]},"properties":{"SELECTIE":10025,"LABEL":"10025-12532"}},{"id":501,"type":"Feature","geometry":{"type":"Polygon","coordinates":[[[4.8572935,52.3475028],[4.8572382,52.3487521],[4.8565154,52.3487488],[4.8561639,52.3485801],[4.8561858,52.3480167],[4.8566697,52.3478155],[4.856961,52.3476727],[4.8572115,52.3474945],[4.8572935,52.3475028]]]},"properties":{"SELECTIE":10025,"LABEL":"10025-12532"}},{"id":502,"type":"Feature","geometry":{"type":"Polygon","coordinates":[[[4.8564451,52.3595744],[4.8565922,52.3593558],[4.856769,52.3591768],[4.8570787,52.3589984],[4.8574183,52.3588901],[4.858007,52.3587736],[4.8583014,52.358702],[4.8584328,52.3586513],[4.8600324,52.3590756],[4.8635471,52.359948],[4.866731,52.3606757],[4.8669306,52.3608395],[4.8673756,52.3610397],[4.8676684,52.3610975],[4.8679617,52.3611234],[4.8682552,52.3611282],[4.8685339,52.3610942],[4.8750637,52.3627962],[4.8732622,52.365402],[4.8712445,52.3648242],[4.8712052,52.364633],[4.8710045,52.3644524],[4.8705079,52.3642706],[4.8699816,52.3641596],[4.8693954,52.3640754],[4.8691021,52.3640487],[4.8688086,52.3640427],[4.8684451,52.3640698],[4.8669569,52.3637478],[4.86671,52.3636599],[4.8602091,52.3621021],[4.857595,52.3614615],[4.8573206,52.3607011],[4.8571298,52.3603641],[4.8564451,52.3595744]]]},"properties":{"SELECTIE":10025,"LABEL":"10025-12532"}},{"id":503,"type":"Feature","geometry":{"type":"Polygon","coordinates":[[[4.8661854,52.3462034],[4.8567894,52.3448754],[4.8568467,52.3447222],[4.8581787,52.3443381],[4.8584736,52.3442215],[4.8593995,52.3439095],[4.8596525,52.3438018],[4.8599465,52.3437641],[4.8602398,52.3437687],[4.8611197,52.3438355],[4.8614136,52.3438028],[4.8615863,52.3437395],[4.8614776,52.3435593],[4.8608346,52.3431114],[4.8605425,52.3430011],[4.8599564,52.3429205],[4.859884,52.3428331],[4.8598611,52.3426885],[4.8625722,52.342654],[4.8637368,52.3430058],[4.8637182,52.3432096],[4.8636296,52.343389],[4.8633091,52.343747],[4.8634662,52.3439567],[4.8635364,52.3441076],[4.8634999,52.3442872],[4.863341,52.344646],[4.8633343,52.3448257],[4.8633759,52.3450056],[4.8634822,52.3451859],[4.8637433,52.3453444],[4.8640368,52.3453416],[4.8649207,52.345054],[4.8652151,52.3449752],[4.8655091,52.3449406],[4.8658025,52.3449554],[4.8660052,52.3450172],[4.8660948,52.345051],[4.8662684,52.3451981],[4.8663719,52.3453783],[4.8663957,52.3455582],[4.8663675,52.3457379],[4.8661854,52.3462034]]]},"properties":{"SELECTIE":10025,"LABEL":"10025-12532"}},{"id":504,"type":"Feature","geometry":{"type":"Polygon","coordinates":[[[4.8820831,52.3528811],[4.8819994,52.3530618],[4.8799368,52.3559941],[4.8791642,52.3557784],[4.8785673,52.3553513],[4.877856,52.3551297],[4.8702617,52.3531175],[4.8701509,52.3529921],[4.8656359,52.351917],[4.8583169,52.3499865],[4.8581764,52.349811],[4.8581692,52.3495611],[4.8578151,52.3493286],[4.8579172,52.3475931],[4.8587209,52.3477341],[4.860951,52.3497047],[4.8651697,52.3508036],[4.8708216,52.3523145],[4.8712996,52.3524226],[4.8717782,52.3524809],[4.8722471,52.3524954],[4.8727679,52.3524477],[4.8732378,52.3523748],[4.8783318,52.3514459],[4.8786414,52.351518],[4.8789348,52.3515389],[4.8790409,52.3514307],[4.8820337,52.3527498],[4.8820831,52.3528811]]]},"properties":{"SELECTIE":10025,"LABEL":"10025-12532"}},{"id":505,"type":"Feature","geometry":{"type":"MultiPolygon","coordinates":[[[[4.866028,52.3464164],[4.864657,52.3503559],[4.861259,52.3494928],[4.8590424,52.3475287],[4.8579127,52.3473318],[4.8579967,52.3453337],[4.866028,52.3464164]],[[4.8628387,52.3473966],[4.8629437,52.3473405],[4.8630266,52.3471612],[4.8629469,52.3469811],[4.8628448,52.346871],[4.8625536,52.3466704],[4.8622615,52.3465477],[4.8619691,52.3464585],[4.8616759,52.3464464],[4.8614266,52.3466148],[4.8613682,52.3467943],[4.8614069,52.3469743],[4.861513,52.3471545],[4.8616658,52.3472965],[4.8617283,52.3473351],[4.8619578,52.3474158],[4.8622507,52.3474696],[4.8625443,52.3474688],[4.8628387,52.3473966]]]]},"properties":{"SELECTIE":10025,"LABEL":"10025-12532"}},{"id":506,"type":"Feature","geometry":{"type":"Polygon","coordinates":[[[4.8585423,52.3584651],[4.8585232,52.3582858],[4.8584316,52.357926],[4.8580847,52.3571401],[4.8669921,52.3593506],[4.8669002,52.3595811],[4.8666194,52.3601192],[4.8665615,52.3602987],[4.8665815,52.3604385],[4.8637438,52.359797],[4.8621365,52.3594102],[4.8585423,52.3584651]]]},"properties":{"SELECTIE":10025,"LABEL":"10025-12532"}},{"id":507,"type":"Feature","geometry":{"type":"Polygon","coordinates":[[[4.8644175,52.3651456],[4.8607384,52.3642832],[4.860184,52.364456],[4.8581054,52.3620739],[4.8580452,52.3619859],[4.8580457,52.3619358],[4.8580872,52.3618859],[4.8581794,52.3618612],[4.8583837,52.3618872],[4.8677642,52.3641358],[4.8673393,52.364142],[4.8670459,52.3641096],[4.866753,52.364051],[4.8664603,52.3639708],[4.8655833,52.3636392],[4.8652907,52.363553],[4.864998,52.3634858],[4.8647047,52.3634478],[4.8644111,52.3634549],[4.8641161,52.3635564],[4.8639765,52.3637027],[4.8639028,52.3638821],[4.8638823,52.3640616],[4.8638997,52.3642416],[4.8639697,52.3644216],[4.8644175,52.3651456]]]},"properties":{"SELECTIE":10025,"LABEL":"10025-12532"}},{"id":508,"type":"Feature","geometry":{"type":"Polygon","coordinates":[[[4.8595881,52.3648556],[4.8599489,52.3647484],[4.8622273,52.3672797],[4.8620176,52.367213],[4.8611385,52.3670511],[4.8608456,52.3669839],[4.8606572,52.3669235],[4.8603018,52.3667421],[4.8600728,52.3665614],[4.8599895,52.3663812],[4.8599973,52.3662016],[4.8600962,52.3658425],[4.8600893,52.3656628],[4.860041,52.3654827],[4.8599547,52.3653026],[4.8598305,52.3651223],[4.8596878,52.3649418],[4.8595881,52.3648556]]]},"properties":{"SELECTIE":10025,"LABEL":"10025-12532"}},{"id":509,"type":"Feature","geometry":{"type":"Polygon","coordinates":[[[4.8634516,52.3681303],[4.8602842,52.3646257],[4.8606848,52.3644833],[4.8608691,52.3644716],[4.8665152,52.3658107],[4.8670214,52.3662315],[4.8671581,52.3664129],[4.8673092,52.3666995],[4.8674145,52.3667735],[4.8676016,52.3668088],[4.8678955,52.3667821],[4.8681902,52.366693],[4.8684854,52.3665597],[4.86877,52.3663974],[4.8705475,52.366881],[4.8686476,52.3696502],[4.8675685,52.3696469],[4.8672746,52.3696657],[4.86698,52.369737],[4.8667902,52.3698266],[4.866662,52.3699891],[4.8660116,52.3698916],[4.8656741,52.3698901],[4.8652358,52.3699582],[4.8654505,52.3698207],[4.8656046,52.3696416],[4.865541,52.3694616],[4.865223,52.3693149],[4.8651046,52.3692799],[4.864637,52.3692032],[4.8643451,52.3690576],[4.8637656,52.3683914],[4.8634516,52.3681303]]]},"properties":{"SELECTIE":10025,"LABEL":"10025-12532"}},{"id":510,"type":"Feature","geometry":{"type":"Polygon","coordinates":[[[4.8623355,52.3412867],[4.8622333,52.3422548],[4.8611883,52.3422191],[4.8613195,52.3412362],[4.8623355,52.3412867]]]},"properties":{"SELECTIE":10025,"LABEL":"10025-12532"}},{"id":511,"type":"Feature","geometry":{"type":"Polygon","coordinates":[[[4.8665464,52.3725872],[4.8660642,52.3727107],[4.8657692,52.3728298],[4.8656953,52.3728775],[4.8651794,52.3730393],[4.864848,52.3730536],[4.8645934,52.3729152],[4.8645634,52.3728726],[4.8647746,52.3726938],[4.8648902,52.3726476],[4.8654794,52.3724957],[4.8657241,52.3723384],[4.8658001,52.3721591],[4.8658306,52.3719794],[4.865806,52.3717996],[4.865731,52.3716195],[4.8656033,52.3714391],[4.8651793,52.3710777],[4.865016,52.3708973],[4.8649107,52.3707184],[4.8648859,52.3705373],[4.864916,52.3703734],[4.8649993,52.3703444],[4.8657575,52.3711755],[4.8657401,52.3712368],[4.8663666,52.371914],[4.8664894,52.3721138],[4.8665622,52.3723236],[4.8665464,52.3725872]]]},"properties":{"SELECTIE":10025,"LABEL":"10025-12532"}},{"id":512,"type":"Feature","geometry":{"type":"Polygon","coordinates":[[[4.8676078,52.3711249],[4.8672698,52.3715981],[4.8671956,52.3716128],[4.8670907,52.3716086],[4.8665865,52.3715007],[4.8653074,52.3701553],[4.8656717,52.3701154],[4.8661156,52.3701212],[4.8666958,52.3702498],[4.8667661,52.3703657],[4.8672619,52.370747],[4.8676078,52.3711249]]]},"properties":{"SELECTIE":10025,"LABEL":"10025-12532"}},{"id":513,"type":"Feature","geometry":{"type":"Polygon","coordinates":[[[4.8773354,52.3513739],[4.8733399,52.3520828],[4.8734645,52.35023],[4.8709267,52.3501106],[4.8706099,52.3519252],[4.8663913,52.3508098],[4.8668777,52.3501595],[4.8672145,52.3492454],[4.867513,52.3492678],[4.8680999,52.3492748],[4.8683936,52.3492716],[4.8686875,52.3492399],[4.8687935,52.3493435],[4.8688735,52.3495236],[4.8690342,52.350423],[4.8691374,52.3506033],[4.8692572,52.3507282],[4.8695484,52.3509336],[4.8696172,52.3509649],[4.8698405,52.3510497],[4.8701334,52.351106],[4.8704272,52.3510842],[4.8706724,52.3509695],[4.8707228,52.3509145],[4.87078,52.3507902],[4.8707888,52.3506104],[4.8707477,52.3502508],[4.8706888,52.3500708],[4.870601,52.3498907],[4.8704823,52.3497104],[4.8704669,52.3496978],[4.8704438,52.3496644],[4.8703326,52.3495875],[4.8702622,52.3495297],[4.8701526,52.3494628],[4.8698601,52.3493622],[4.8695672,52.3493066],[4.8692741,52.3492787],[4.8689806,52.349274],[4.8686887,52.3491354],[4.8684942,52.3489827],[4.8681378,52.3488014],[4.8678131,52.3487059],[4.8674359,52.3486355],[4.8678577,52.3474839],[4.8681216,52.3474175],[4.8690053,52.3471434],[4.8692997,52.3470723],[4.8695937,52.347033],[4.8698872,52.3470466],[4.8701797,52.3471177],[4.8704061,52.3471935],[4.8706758,52.3473744],[4.8708095,52.3477345],[4.8710495,52.34804],[4.8713405,52.3482706],[4.8716335,52.348318],[4.8722208,52.3482872],[4.8725142,52.348305],[4.8728068,52.3483881],[4.8729334,52.3484627],[4.8730982,52.3485671],[4.8731828,52.3486436],[4.8733299,52.3488239],[4.8735433,52.3493642],[4.8736879,52.3499041],[4.8737118,52.350084],[4.8736873,52.350623],[4.873705,52.3508029],[4.8737577,52.3509828],[4.8738598,52.351163],[4.8739477,52.3512559],[4.8742391,52.3514487],[4.8745313,52.3515632],[4.8748241,52.3516202],[4.8751174,52.3516455],[4.8754109,52.3516481],[4.8757047,52.3516324],[4.8759987,52.3515984],[4.8768811,52.3514345],[4.8773354,52.3513739]]]},"properties":{"SELECTIE":10025,"LABEL":"10025-12532"}},{"id":514,"type":"Feature","geometry":{"type":"Polygon","coordinates":[[[4.8674919,52.3723266],[4.8673665,52.3721773],[4.8675005,52.3719444],[4.8678773,52.3720201],[4.8677801,52.3721677],[4.8674919,52.3723266]]]},"properties":{"SELECTIE":10025,"LABEL":"10025-12532"}},{"id":515,"type":"Feature","geometry":{"type":"Polygon","coordinates":[[[4.8688246,52.3598053],[4.8698167,52.3600513],[4.8700126,52.3599545],[4.8731913,52.3608034],[4.8738463,52.3608388],[4.8744299,52.3609172],[4.8748379,52.3608756],[4.8751584,52.3607251],[4.8754245,52.3607046],[4.8756879,52.3608901],[4.8758105,52.3610208],[4.8762515,52.3611854],[4.8751897,52.3626232],[4.8709332,52.3615311],[4.8694499,52.3611233],[4.8687604,52.3609497],[4.8688416,52.3608479],[4.8688619,52.3606683],[4.8688246,52.3598053]]]},"properties":{"SELECTIE":10025,"LABEL":"10025-12532"}},{"id":516,"type":"Feature","geometry":{"type":"Polygon","coordinates":[[[4.8711469,52.3650265],[4.8717022,52.3651891],[4.8706823,52.3667124],[4.8689849,52.3662608],[4.8699645,52.3656316],[4.8708498,52.3652531],[4.8709897,52.3651713],[4.8711469,52.3650265]]]},"properties":{"SELECTIE":10025,"LABEL":"10025-12532"}},{"id":517,"type":"Feature","geometry":{"type":"Polygon","coordinates":[[[4.8691039,52.3696254],[4.8709418,52.3669788],[4.8719258,52.3672752],[4.8708074,52.3688447],[4.870427,52.3694943],[4.8691039,52.3696254]]]},"properties":{"SELECTIE":10025,"LABEL":"10025-12532"}},{"id":518,"type":"Feature","geometry":{"type":"Polygon","coordinates":[[[4.8702597,52.3754998],[4.8703837,52.3754146],[4.8707001,52.3752643],[4.8714241,52.3750775],[4.8716145,52.3750234],[4.8719109,52.3750363],[4.8722033,52.3751581],[4.8724947,52.3753489],[4.8727872,52.3754625],[4.8730819,52.3754276],[4.8731161,52.3752468],[4.8730839,52.3752102],[4.8727929,52.3749675],[4.8724605,52.3748078],[4.8748715,52.3742596],[4.8771436,52.3779016],[4.8756034,52.3782698],[4.8753987,52.3782191],[4.8751055,52.3781835],[4.8748116,52.3781863],[4.8745173,52.378235],[4.8736329,52.3785174],[4.872946,52.3786734],[4.8715398,52.3770127],[4.8720114,52.3766799],[4.8722012,52.376501],[4.8721881,52.3764799],[4.8718954,52.3763789],[4.8713078,52.3763986],[4.8710143,52.3763883],[4.8707958,52.3763462],[4.8706712,52.3762316],[4.8705813,52.3758906],[4.8702597,52.3754998]]]},"properties":{"SELECTIE":10025,"LABEL":"10025-12532"}},{"id":519,"type":"Feature","geometry":{"type":"Polygon","coordinates":[[[4.8708723,52.3695151],[4.8709877,52.3692643],[4.8734591,52.3657008],[4.8743855,52.3659744],[4.8744173,52.3660544],[4.8723615,52.3689408],[4.8719462,52.3695979],[4.8717455,52.3700164],[4.8717024,52.3702628],[4.8713844,52.369795],[4.8712396,52.3696662],[4.8710934,52.3695681],[4.8708723,52.3695151]]]},"properties":{"SELECTIE":10025,"LABEL":"10025-12532"}},{"id":520,"type":"Feature","geometry":{"type":"Polygon","coordinates":[[[4.8730852,52.3655981],[4.8720379,52.3671146],[4.8710602,52.3668227],[4.8720694,52.3653659],[4.8721562,52.3653318],[4.8730852,52.3655981]]]},"properties":{"SELECTIE":10025,"LABEL":"10025-12532"}},{"id":521,"type":"Feature","geometry":{"type":"Polygon","coordinates":[[[4.8726182,52.3723636],[4.8721759,52.3721869],[4.8718895,52.3720058],[4.8717578,52.3718255],[4.8717693,52.3716458],[4.8719155,52.3714082],[4.8720467,52.3714399],[4.8726182,52.3723636]]]},"properties":{"SELECTIE":10025,"LABEL":"10025-12532"}},{"id":522,"type":"Feature","geometry":{"type":"Polygon","coordinates":[[[4.8718258,52.3741626],[4.8718546,52.3739829],[4.8719822,52.3738038],[4.8722526,52.3736251],[4.8730194,52.373269],[4.8732863,52.373105],[4.8749311,52.373435],[4.874955,52.3735384],[4.8748987,52.3740817],[4.8722724,52.3747237],[4.8722085,52.3746957],[4.8719747,52.3745228],[4.8719179,52.3744508],[4.8718673,52.3743426],[4.8718258,52.3741626]]]},"properties":{"SELECTIE":10025,"LABEL":"10025-12532"}},{"id":523,"type":"Feature","geometry":{"type":"Polygon","coordinates":[[[4.8720955,52.3706143],[4.8720821,52.370537],[4.8721023,52.3701977],[4.872237,52.3698488],[4.8748572,52.3660962],[4.8769702,52.3667344],[4.8768028,52.367113],[4.8767823,52.3674623],[4.8767306,52.3677017],[4.8765972,52.3679707],[4.8763655,52.3682493],[4.8755277,52.3687848],[4.8752138,52.3691129],[4.8750308,52.3694217],[4.8740589,52.3716838],[4.8722858,52.3712468],[4.8722087,52.3710517],[4.8722799,52.370929],[4.8722385,52.3707491],[4.8720955,52.3706143]]]},"properties":{"SELECTIE":10025,"LABEL":"10025-12532"}},{"id":524,"type":"Feature","geometry":{"type":"Polygon","coordinates":[[[4.8731708,52.3725634],[4.8724905,52.3715499],[4.8739229,52.3718644],[4.8738783,52.3720801],[4.8739169,52.3723887],[4.8740817,52.3726515],[4.8743729,52.3728893],[4.874647,52.3731474],[4.8736167,52.3729322],[4.8735442,52.3729066],[4.8735283,52.3727319],[4.8731708,52.3725634]]]},"properties":{"SELECTIE":10025,"LABEL":"10025-12532"}},{"id":525,"type":"Feature","geometry":{"type":"Polygon","coordinates":[[[4.8786028,52.3651638],[4.8784683,52.3655127],[4.8782208,52.3657613],[4.8779082,52.3659995],[4.8774814,52.3662474],[4.8771027,52.3665452],[4.8736246,52.3655019],[4.875432,52.3629138],[4.8776428,52.3635424],[4.8785363,52.3638357],[4.8786003,52.3639558],[4.8784823,52.3642848],[4.8784469,52.3645343],[4.8785413,52.3648341],[4.8786028,52.3651638]]]},"properties":{"SELECTIE":10025,"LABEL":"10025-12532"}},{"id":526,"type":"Feature","geometry":{"type":"Polygon","coordinates":[[[4.8754001,52.3729588],[4.8748149,52.3724266],[4.8746666,52.3720503],[4.8759774,52.3723712],[4.8757568,52.3726392],[4.875422,52.3729199],[4.8754001,52.3729588]]]},"properties":{"SELECTIE":10025,"LABEL":"10025-12532"}},{"id":527,"type":"Feature","geometry":{"type":"Polygon","coordinates":[[[4.8761478,52.3721559],[4.8747636,52.3718106],[4.8750686,52.3712236],[4.8752315,52.3708263],[4.8756419,52.3702687],[4.8760539,52.369653],[4.8762117,52.3696364],[4.8776861,52.3675263],[4.8774399,52.3674667],[4.8777901,52.3667814],[4.8782155,52.3664616],[4.878817,52.3660691],[4.8787886,52.3664632],[4.8787519,52.3666428],[4.878653,52.3668222],[4.8781677,52.3672596],[4.877927,52.3675381],[4.8778373,52.3677174],[4.877804,52.367897],[4.8778652,52.3680741],[4.8780561,52.3682577],[4.8784305,52.368439],[4.8789328,52.3686209],[4.8793269,52.3687999],[4.8800242,52.3691648],[4.8802002,52.3692829],[4.8802872,52.3693458],[4.8804437,52.3695261],[4.8804995,52.3697062],[4.8805222,52.3698859],[4.8806319,52.3700662],[4.8809153,52.3702472],[4.8810697,52.3702917],[4.8813629,52.3703264],[4.8816566,52.3703206],[4.8819507,52.3702902],[4.882245,52.3702348],[4.8825556,52.3701491],[4.8828736,52.3736097],[4.8828295,52.3736706],[4.8828909,52.3737987],[4.8828947,52.3738386],[4.879399,52.3729669],[4.8793386,52.372757],[4.87935,52.3725772],[4.8794376,52.3723979],[4.8797519,52.3720397],[4.8798047,52.3718602],[4.8797691,52.3716802],[4.8795881,52.3714558],[4.8792963,52.3712812],[4.8790038,52.3711929],[4.8787105,52.3711614],[4.8784163,52.3711907],[4.8781307,52.3713137],[4.8778246,52.3715756],[4.8776292,52.3716712],[4.8775295,52.3717005],[4.8769417,52.3717369],[4.8766476,52.3717792],[4.8763523,52.3719278],[4.8761478,52.3721559]]]},"properties":{"SELECTIE":10025,"LABEL":"10025-12532"}},{"id":528,"type":"Feature","geometry":{"type":"Polygon","coordinates":[[[4.8812948,52.3618659],[4.8809343,52.3620669],[4.8805174,52.3623603],[4.8802804,52.3626124],[4.8789331,52.3635346],[4.8786709,52.3635673],[4.8770502,52.3630963],[4.8754841,52.3626847],[4.8768576,52.3606658],[4.877986,52.3609711],[4.8779764,52.3610672],[4.8777221,52.3616054],[4.8776024,52.3617846],[4.8772971,52.3621428],[4.8773423,52.362323],[4.877636,52.3624087],[4.8779299,52.3623798],[4.8780718,52.3623259],[4.87852,52.3621336],[4.8788094,52.361968],[4.878969,52.3617905],[4.8790627,52.3616111],[4.879093,52.3614315],[4.8790513,52.3612592],[4.8812948,52.3618659]]]},"properties":{"SELECTIE":10025,"LABEL":"10025-12532"}},{"id":529,"type":"Feature","geometry":{"type":"Polygon","coordinates":[[[4.8798776,52.3817056],[4.8801531,52.3812727],[4.8782717,52.3783193],[4.8757584,52.3742785],[4.8756187,52.3733598],[4.875887,52.3734612],[4.8760404,52.3734947],[4.8766268,52.3735927],[4.8769201,52.3736195],[4.8775081,52.3735681],[4.8780954,52.3735705],[4.8783889,52.3735999],[4.8785396,52.3736523],[4.8786808,52.3737499],[4.8789643,52.3741949],[4.8791328,52.3743738],[4.8792599,52.3744753],[4.8793758,52.3745546],[4.8795519,52.3746353],[4.8798446,52.3747076],[4.8801381,52.3747275],[4.8804322,52.3746916],[4.8808912,52.3745611],[4.8812237,52.3743828],[4.88149,52.3738446],[4.8813244,52.373723],[4.8812133,52.3736579],[4.8829051,52.3740775],[4.88295,52.3747487],[4.8855199,52.3775636],[4.8874876,52.3795891],[4.8882357,52.3804619],[4.8870703,52.3811293],[4.8865267,52.3812014],[4.8862321,52.3812643],[4.8859375,52.3813475],[4.8857657,52.3814123],[4.8856422,52.381479],[4.8855028,52.381591],[4.8854188,52.3817703],[4.885424,52.3820721],[4.8834947,52.3831767],[4.8823913,52.3832124],[4.8820979,52.3831991],[4.881805,52.3831189],[4.8816813,52.3830128],[4.8815731,52.3828326],[4.8815282,52.3826527],[4.8814611,52.3819333],[4.8813383,52.3817531],[4.8812337,52.3816881],[4.8809404,52.3816496],[4.8803523,52.381697],[4.8798776,52.3817056]]]},"properties":{"SELECTIE":10025,"LABEL":"10025-12532"}},{"id":530,"type":"Feature","geometry":{"type":"Polygon","coordinates":[[[4.8781087,52.346877],[4.8777007,52.346506],[4.8774089,52.3461453],[4.8773242,52.3459652],[4.8773424,52.3457855],[4.8775593,52.3456067],[4.8784207,52.3451529],[4.8787402,52.3449595],[4.880274,52.3457281],[4.8802799,52.345798],[4.8803717,52.3459783],[4.8804647,52.3460835],[4.8807555,52.3463207],[4.8808844,52.3463866],[4.8800068,52.347049],[4.8796312,52.3469374],[4.8781087,52.346877]]]},"properties":{"SELECTIE":10025,"LABEL":"10025-12532"}},{"id":531,"type":"Feature","geometry":{"type":"Polygon","coordinates":[[[4.8775388,52.3799511],[4.87767,52.3800052],[4.8780196,52.3800526],[4.8784268,52.379997],[4.8788993,52.3807798],[4.878973,52.3809218],[4.879002,52.3811171],[4.8789486,52.3814039],[4.8789468,52.3815646],[4.8782988,52.3814101],[4.8780069,52.3813],[4.8778235,52.3811988],[4.8776457,52.3810182],[4.8775716,52.3808382],[4.8775444,52.3806584],[4.8775388,52.3799511]]]},"properties":{"SELECTIE":10025,"LABEL":"10025-12532"}},{"id":532,"type":"Feature","geometry":{"type":"Polygon","coordinates":[[[4.8783071,52.3470642],[4.8795756,52.3471127],[4.8845046,52.3495735],[4.8835084,52.3502785],[4.8821106,52.3505265],[4.8821774,52.3504844],[4.882176,52.3504674],[4.8818839,52.3503262],[4.8815899,52.3503795],[4.8813896,52.3504763],[4.8814701,52.3506402],[4.8791837,52.351046],[4.8790584,52.3508032],[4.8791059,52.3506464],[4.8792081,52.350467],[4.8793368,52.3502879],[4.8795277,52.3501089],[4.8797595,52.3499302],[4.8800585,52.3497517],[4.8807721,52.3493952],[4.8810589,52.3492167],[4.8811737,52.3490374],[4.8811668,52.3488576],[4.8810248,52.3484419],[4.8808433,52.3481373],[4.8806755,52.3479567],[4.880445,52.347806],[4.8801529,52.3476835],[4.8798605,52.3475854],[4.8792752,52.3474307],[4.8786896,52.3473006],[4.8785064,52.3472285],[4.8783978,52.3471638],[4.8783071,52.3470642]]]},"properties":{"SELECTIE":10025,"LABEL":"10025-12532"}},{"id":533,"type":"Feature","geometry":{"type":"Polygon","coordinates":[[[4.8829242,52.3593606],[4.8836774,52.3595561],[4.8831867,52.360288],[4.884588,52.360665],[4.8846408,52.3608762],[4.8844577,52.3612298],[4.884166,52.3614309],[4.8836955,52.3615977],[4.8823312,52.3616173],[4.8824153,52.3614826],[4.8785203,52.3604401],[4.8786184,52.3601713],[4.8788287,52.3598126],[4.8790518,52.3596338],[4.8791364,52.359588],[4.8794306,52.3595314],[4.8797242,52.3595373],[4.8806035,52.3596559],[4.8811904,52.3596943],[4.8814841,52.3596763],[4.8817781,52.359632],[4.882517,52.3594688],[4.8829242,52.3593606]]]},"properties":{"SELECTIE":10025,"LABEL":"10025-12532"}},{"id":534,"type":"Feature","geometry":{"type":"Polygon","coordinates":[[[4.8858435,52.3521852],[4.88466,52.3522551],[4.8840575,52.3523213],[4.8835874,52.3524129],[4.8831065,52.3525546],[4.8826662,52.352715],[4.8825438,52.3527269],[4.8794788,52.3514401],[4.8793278,52.3512771],[4.8837823,52.3505155],[4.8848202,52.3497894],[4.8856341,52.3499614],[4.8857742,52.3501993],[4.8858587,52.3508428],[4.8858435,52.3521852]]]},"properties":{"SELECTIE":10025,"LABEL":"10025-12532"}},{"id":535,"type":"Feature","geometry":{"type":"Polygon","coordinates":[[[4.8794717,52.3649864],[4.8795523,52.3647379],[4.8795038,52.3645089],[4.879601,52.3643167],[4.8798421,52.3641016],[4.8805368,52.363892],[4.881286,52.3634518],[4.882427,52.3639512],[4.8825466,52.3642421],[4.8823504,52.3644995],[4.8827349,52.3646947],[4.8831069,52.3644274],[4.8831229,52.3644353],[4.8832393,52.3646847],[4.8834112,52.3648652],[4.8837689,52.3650468],[4.8840929,52.3651394],[4.8826401,52.3661444],[4.8822398,52.3667127],[4.8823288,52.3676806],[4.8819802,52.3676912],[4.8816874,52.367633],[4.8813952,52.367485],[4.8811043,52.3672578],[4.8808128,52.3670634],[4.8803102,52.3668293],[4.8800769,52.3666486],[4.8800227,52.3664685],[4.8800985,52.3657499],[4.8800924,52.36557],[4.8800399,52.3653901],[4.8799532,52.3651954],[4.8797498,52.3650293],[4.8796621,52.36498],[4.8794717,52.3649864]]]},"properties":{"SELECTIE":10025,"LABEL":"10025-12532"}},{"id":536,"type":"Feature","geometry":{"type":"Polygon","coordinates":[[[4.8839313,52.3475383],[4.8826651,52.3484231],[4.880239,52.3471379],[4.8811291,52.3464961],[4.881632,52.3466702],[4.882217,52.3468412],[4.8825103,52.3468594],[4.8825612,52.3468342],[4.8839313,52.3475383]]]},"properties":{"SELECTIE":10025,"LABEL":"10025-12532"}},{"id":537,"type":"Feature","geometry":{"type":"Polygon","coordinates":[[[4.8863521,52.3545226],[4.8861339,52.3567742],[4.8862121,52.3576476],[4.8843162,52.3578679],[4.8839931,52.3567589],[4.8831899,52.3568639],[4.8826983,52.3558054],[4.8806295,52.3561603],[4.8801757,52.3560908],[4.88201,52.3535002],[4.8823314,52.3531051],[4.8834246,52.3526795],[4.884005,52.3525133],[4.8847361,52.3524405],[4.8860323,52.3523447],[4.8860669,52.3529353],[4.8862419,52.3532904],[4.8863221,52.3535185],[4.8863521,52.3545226]]]},"properties":{"SELECTIE":10025,"LABEL":"10025-12532"}},{"id":538,"type":"Feature","geometry":{"type":"MultiPolygon","coordinates":[[[[4.8829539,52.3638484],[4.8815297,52.3632071],[4.8816407,52.3630855],[4.8818322,52.3624494],[4.8819754,52.3622309],[4.8822707,52.3621148],[4.8825655,52.3620373],[4.8829948,52.3619678],[4.8832558,52.3620094],[4.8835498,52.3620185],[4.8839309,52.3619832],[4.8844078,52.3618656],[4.8875822,52.3603141],[4.888006,52.3601203],[4.8883425,52.3597384],[4.8887945,52.3593256],[4.889387,52.3589055],[4.8903109,52.3585808],[4.8906185,52.3585194],[4.8906151,52.3588089],[4.8904222,52.3589176],[4.8901512,52.3591513],[4.890129,52.3592694],[4.8899884,52.3593206],[4.8899159,52.3595],[4.8899985,52.359667],[4.8902917,52.3597133],[4.8903441,52.3596877],[4.8906033,52.3597769],[4.8913716,52.3621161],[4.8878759,52.3626197],[4.8855145,52.3641941],[4.8853478,52.3641544],[4.8848128,52.3639724],[4.8845375,52.3637914],[4.8844737,52.3636115],[4.8845482,52.363432],[4.8846725,52.3633164],[4.8847785,52.3632532],[4.884968,52.3631601],[4.8855568,52.3630283],[4.885818,52.3628981],[4.8855593,52.3628007],[4.8852656,52.3628037],[4.8846778,52.3628471],[4.883797,52.3628538],[4.8835029,52.3628918],[4.8832082,52.3629837],[4.8830346,52.3630661],[4.8828617,52.363245],[4.8828287,52.3634247],[4.8828597,52.3636046],[4.8829539,52.3638484]],[[4.8887967,52.3621189],[4.8890533,52.362013],[4.8891501,52.3618336],[4.8889989,52.3616533],[4.8886839,52.3614721],[4.8883115,52.3612908],[4.8879266,52.3611735],[4.8876335,52.3611183],[4.88734,52.3611054],[4.8870458,52.3611738],[4.8868327,52.3612846],[4.8867283,52.3614639],[4.8867418,52.3616438],[4.886914,52.3618242],[4.8870375,52.3618865],[4.8873303,52.3619645],[4.8882095,52.3621149],[4.8885028,52.3621463],[4.8887967,52.3621189]]]]},"properties":{"SELECTIE":10025,"LABEL":"10025-12532"}},{"id":539,"type":"Feature","geometry":{"type":"Polygon","coordinates":[[[4.8826772,52.3676101],[4.8825953,52.366679],[4.8830123,52.3661532],[4.8844007,52.3652392],[4.8846498,52.3653296],[4.8849419,52.3654733],[4.8854263,52.3657725],[4.8859032,52.3661089],[4.8847289,52.3667809],[4.8845768,52.3669055],[4.8842401,52.3674131],[4.8848288,52.3738976],[4.8840359,52.3739181],[4.8841296,52.3738558],[4.8842993,52.3736769],[4.8843641,52.3734973],[4.884267,52.3733159],[4.8839731,52.3732309],[4.8836795,52.3732317],[4.8833851,52.3732871],[4.8831851,52.3733716],[4.8828946,52.3700755],[4.8831284,52.3700295],[4.8837165,52.369958],[4.8839396,52.3699004],[4.8840115,52.3698351],[4.8840686,52.3697213],[4.8839857,52.3691817],[4.8839956,52.3690019],[4.8840841,52.3684632],[4.8840756,52.3679238],[4.8840244,52.3677438],[4.8838368,52.3675634],[4.8837443,52.3675082],[4.8834515,52.3674288],[4.8831575,52.3674587],[4.8826772,52.3676101]]]},"properties":{"SELECTIE":10025,"LABEL":"10025-12532"}},{"id":540,"type":"Feature","geometry":{"type":"Polygon","coordinates":[[[4.8828498,52.3466456],[4.8830243,52.346349],[4.883105,52.3461694],[4.8832703,52.345631],[4.8833111,52.3452718],[4.8832857,52.3449064],[4.8837535,52.3447552],[4.8843833,52.3446672],[4.8897957,52.3443786],[4.8906335,52.3446936],[4.8907712,52.3458026],[4.8903281,52.3456608],[4.8901562,52.3455811],[4.8898635,52.3454939],[4.8895688,52.3455972],[4.8893363,52.3458364],[4.8889756,52.3461504],[4.8886808,52.3462714],[4.8883867,52.3463122],[4.8875063,52.3463005],[4.8866251,52.3463734],[4.8863309,52.3464311],[4.8860334,52.346541],[4.8857408,52.3467027],[4.8854974,52.3468987],[4.8853582,52.3470779],[4.8852964,52.3472803],[4.8848066,52.3473023],[4.8845935,52.347341],[4.8844259,52.3474367],[4.8828498,52.3466456]]]},"properties":{"SELECTIE":10025,"LABEL":"10025-12532"}},{"id":541,"type":"Feature","geometry":{"type":"Polygon","coordinates":[[[4.8831404,52.3442404],[4.8832332,52.3442015],[4.8837116,52.3440947],[4.8838839,52.3440921],[4.8840011,52.3445278],[4.8834,52.3446646],[4.8832536,52.3447301],[4.8831404,52.3442404]]]},"properties":{"SELECTIE":10025,"LABEL":"10025-12532"}},{"id":542,"type":"Feature","geometry":{"type":"Polygon","coordinates":[[[4.8896452,52.3796732],[4.8884602,52.3803407],[4.8832971,52.3746971],[4.8832605,52.3741838],[4.88486,52.3741421],[4.8848977,52.3744496],[4.8864163,52.3761206],[4.886402,52.3762022],[4.8865803,52.3764291],[4.8866479,52.3765627],[4.8869128,52.3772829],[4.8871125,52.3776433],[4.8872729,52.3778236],[4.8880272,52.3783517],[4.8883193,52.3784894],[4.8886795,52.3786107],[4.8896452,52.3796732]]]},"properties":{"SELECTIE":10025,"LABEL":"10025-12532"}},{"id":543,"type":"Feature","geometry":{"type":"Polygon","coordinates":[[[4.8854016,52.3823754],[4.8853766,52.3824893],[4.8852936,52.3826686],[4.8850383,52.3829316],[4.8847431,52.3830669],[4.8844485,52.3831335],[4.8839867,52.3831657],[4.8854016,52.3823754]]]},"properties":{"SELECTIE":10025,"LABEL":"10025-12532"}},{"id":544,"type":"Feature","geometry":{"type":"Polygon","coordinates":[[[4.8851404,52.3729488],[4.8846321,52.3675406],[4.884732,52.3672749],[4.8848999,52.3670844],[4.8850942,52.3669041],[4.8861811,52.3662813],[4.8863998,52.3663822],[4.8866926,52.3664653],[4.8869855,52.3665151],[4.8872791,52.3665265],[4.8875735,52.3665562],[4.8878655,52.3666896],[4.8879959,52.3667946],[4.8865061,52.367598],[4.8864608,52.3676793],[4.8866847,52.3699515],[4.8860651,52.3700237],[4.885754,52.3700879],[4.8853384,52.3702659],[4.8852403,52.3704453],[4.8852479,52.3706251],[4.8852978,52.370805],[4.8853795,52.3709852],[4.885625,52.3713457],[4.8862133,52.3720671],[4.8862536,52.3722471],[4.8860787,52.3724261],[4.8853683,52.3727826],[4.8851404,52.3729488]]]},"properties":{"SELECTIE":10025,"LABEL":"10025-12532"}},{"id":545,"type":"Feature","geometry":{"type":"Polygon","coordinates":[[[4.8866886,52.3759144],[4.8852801,52.3743937],[4.8852347,52.374123],[4.8854878,52.3740671],[4.8858599,52.3739474],[4.8866053,52.3742195],[4.887036,52.3744074],[4.8873045,52.3745883],[4.8874353,52.3747686],[4.8874955,52.3749486],[4.88751,52.3751284],[4.8874813,52.375308],[4.8873908,52.3754874],[4.8871762,52.3756832],[4.8866886,52.3759144]]]},"properties":{"SELECTIE":10025,"LABEL":"10025-12532"}},{"id":546,"type":"Feature","geometry":{"type":"Polygon","coordinates":[[[4.8858302,52.3642752],[4.8881026,52.3627819],[4.8916921,52.3623006],[4.8922092,52.3637568],[4.8893247,52.3641453],[4.8872637,52.3653284],[4.8872115,52.365061],[4.8871472,52.364881],[4.8869908,52.3647006],[4.8866574,52.3645194],[4.8864217,52.3644371],[4.8858302,52.3642752]]]},"properties":{"SELECTIE":10025,"LABEL":"10025-12532"}},{"id":547,"type":"Feature","geometry":{"type":"Polygon","coordinates":[[[4.886568,52.3491901],[4.8865932,52.3491999],[4.8868877,52.349115],[4.8869519,52.3490619],[4.8877699,52.3489721],[4.8880636,52.3489556],[4.8883576,52.3489192],[4.8886518,52.3488546],[4.8889885,52.348711],[4.8892337,52.3485322],[4.8893102,52.3484484],[4.8911212,52.3483636],[4.891286,52.3495679],[4.8911482,52.3497986],[4.8911055,52.3499781],[4.8911029,52.3501579],[4.8911356,52.3503377],[4.891211,52.3505179],[4.8914037,52.3507612],[4.8913378,52.3511064],[4.8912462,52.3514089],[4.8912564,52.3520903],[4.8910377,52.3526843],[4.8866635,52.3521089],[4.8866619,52.3498915],[4.886568,52.3491901]]]},"properties":{"SELECTIE":10025,"LABEL":"10025-12532"}},{"id":548,"type":"Feature","geometry":{"type":"Polygon","coordinates":[[[4.8868771,52.3585865],[4.8867673,52.3568105],[4.8869431,52.3546516],[4.8869427,52.3534537],[4.886917,52.3533017],[4.8867544,52.3530563],[4.8866876,52.3528705],[4.886666,52.3523389],[4.890972,52.3528969],[4.8901222,52.3549686],[4.8903372,52.3554505],[4.8907223,52.3579829],[4.8898661,52.3581649],[4.8892161,52.3583815],[4.8887169,52.358641],[4.8883144,52.3589092],[4.8880153,52.3592037],[4.8880171,52.3591326],[4.8879514,52.3589523],[4.8877565,52.3587719],[4.8876605,52.3587197],[4.887368,52.3586269],[4.8870778,52.3585881],[4.8868771,52.3585865]]]},"properties":{"SELECTIE":10025,"LABEL":"10025-12532"}},{"id":549,"type":"Feature","geometry":{"type":"Polygon","coordinates":[[[4.8870294,52.3698915],[4.8869289,52.36884],[4.8868719,52.3677219],[4.8881983,52.3669639],[4.888436,52.3672232],[4.8885456,52.3674034],[4.8885849,52.3675833],[4.8885507,52.367763],[4.8884474,52.3679423],[4.8882915,52.3681231],[4.8878256,52.3684512],[4.8877266,52.3685746],[4.8876263,52.3688131],[4.8876787,52.3690884],[4.8874801,52.3695559],[4.8873432,52.3697352],[4.887242,52.3698198],[4.8870294,52.3698915]]]},"properties":{"SELECTIE":10025,"LABEL":"10025-12532"}},{"id":550,"type":"Feature","geometry":{"type":"Polygon","coordinates":[[[4.8873593,52.3655962],[4.8895396,52.3643701],[4.8922405,52.3639968],[4.8923623,52.3643417],[4.8923631,52.3643637],[4.8923805,52.3643931],[4.892628,52.3650938],[4.8904356,52.3653954],[4.8893734,52.3659992],[4.8884584,52.366108],[4.8881645,52.3661239],[4.8878715,52.3660819],[4.88758,52.3658875],[4.8873593,52.3655962]]]},"properties":{"SELECTIE":10025,"LABEL":"10025-12532"}},{"id":551,"type":"Feature","geometry":{"type":"Polygon","coordinates":[[[4.887657,52.3811154],[4.8883927,52.3807044],[4.8899585,52.3824097],[4.8893871,52.3826863],[4.8891542,52.3826234],[4.8889081,52.3825042],[4.8886828,52.3823234],[4.8885714,52.3822068],[4.8884286,52.3819629],[4.888273,52.3814229],[4.8881402,52.3812426],[4.8879955,52.3811727],[4.887657,52.3811154]]]},"properties":{"SELECTIE":10025,"LABEL":"10025-12532"}},{"id":552,"type":"Feature","geometry":{"type":"Polygon","coordinates":[[[4.8927257,52.381196],[4.8919136,52.3814963],[4.8902731,52.3822618],[4.8886617,52.3805522],[4.8896976,52.3799674],[4.8896325,52.3803501],[4.8896315,52.3808894],[4.8897253,52.3810695],[4.8897589,52.3810963],[4.8900513,52.3812166],[4.8903453,52.381186],[4.8909352,52.3809676],[4.8912321,52.3808971],[4.891524,52.3808615],[4.8918176,52.3808656],[4.8921108,52.380923],[4.8925168,52.3810812],[4.8927257,52.381196]]]},"properties":{"SELECTIE":10025,"LABEL":"10025-12532"}},{"id":553,"type":"Feature","geometry":{"type":"Polygon","coordinates":[[[4.8895475,52.3481751],[4.889687,52.3479949],[4.8898385,52.3477328],[4.8899452,52.3476364],[4.8901341,52.3475453],[4.8904277,52.3475472],[4.8907203,52.3476292],[4.8910338,52.3477928],[4.8910579,52.3480988],[4.8895475,52.3481751]]]},"properties":{"SELECTIE":10025,"LABEL":"10025-12532"}},{"id":554,"type":"Feature","geometry":{"type":"Polygon","coordinates":[[[4.8892482,52.3786779],[4.8894922,52.3786876],[4.8897854,52.3787265],[4.8900781,52.3788195],[4.8902398,52.3789147],[4.8903419,52.3790948],[4.8902701,52.3792743],[4.8900171,52.379508],[4.8892482,52.3786779]]]},"properties":{"SELECTIE":10025,"LABEL":"10025-12532"}},{"id":555,"type":"Feature","geometry":{"type":"Polygon","coordinates":[[[4.8922048,52.3653639],[4.8916934,52.3656575],[4.8913985,52.3657758],[4.891104,52.3658447],[4.89081,52.3658783],[4.8900105,52.3659357],[4.8906344,52.3655789],[4.8922048,52.3653639]]]},"properties":{"SELECTIE":10025,"LABEL":"10025-12532"}},{"id":556,"type":"Feature","geometry":{"type":"Polygon","coordinates":[[[4.8914614,52.3579371],[4.890937,52.3579681],[4.8904091,52.3549562],[4.8912102,52.3529147],[4.8944556,52.3533686],[4.8941972,52.3537496],[4.8938808,52.3537749],[4.893585,52.3539738],[4.893463,52.3541223],[4.8933516,52.3543015],[4.8933336,52.3544813],[4.8934369,52.3546614],[4.8935761,52.3547683],[4.8938689,52.3548472],[4.8941625,52.3548406],[4.894457,52.3547636],[4.8945746,52.3547028],[4.8981457,52.3554949],[4.8990949,52.3542865],[4.9010387,52.3548917],[4.8996598,52.3566592],[4.8992053,52.3576827],[4.8984584,52.3575228],[4.8936001,52.3578105],[4.8937726,52.3577186],[4.8940297,52.35754],[4.894212,52.3573609],[4.8943084,52.3571816],[4.8942957,52.3570018],[4.8942011,52.3568217],[4.8940735,52.3566414],[4.8938515,52.3564052],[4.8935594,52.3562709],[4.8932659,52.3562709],[4.8926768,52.3564419],[4.8923819,52.3565632],[4.8922142,52.3566448],[4.8920868,52.3567007],[4.8919292,52.3567836],[4.8918711,52.356812],[4.8918545,52.356823],[4.8917915,52.3568561],[4.8916023,52.3569905],[4.8914953,52.3570969],[4.8914401,52.3571697],[4.8913604,52.3573491],[4.8913391,52.3575287],[4.89137,52.3577087],[4.8914614,52.3579371]]]},"properties":{"SELECTIE":10025,"LABEL":"10025-12532"}},{"id":557,"type":"Feature","geometry":{"type":"Polygon","coordinates":[[[4.8911432,52.3459043],[4.8909854,52.3446526],[4.8910932,52.3443518],[4.8916365,52.3444155],[4.8919294,52.3444758],[4.8925142,52.3446671],[4.8930988,52.344883],[4.8936844,52.3450177],[4.8939693,52.3451382],[4.894204,52.3453175],[4.8944018,52.345498],[4.8946531,52.3456789],[4.8948498,52.3457912],[4.8951385,52.3460412],[4.8952314,52.3462204],[4.8952774,52.3464004],[4.8952694,52.3465802],[4.8951924,52.3467367],[4.8942087,52.3467882],[4.8937903,52.3462146],[4.893672,52.3461312],[4.8933791,52.3460662],[4.8924985,52.3460871],[4.8922051,52.3460817],[4.8919117,52.3460575],[4.8916187,52.3460134],[4.8911432,52.3459043]]]},"properties":{"SELECTIE":10025,"LABEL":"10025-12532"}},{"id":558,"type":"Feature","geometry":{"type":"Polygon","coordinates":[[[4.8990526,52.3582279],[4.8987895,52.3590327],[4.8986463,52.3593093],[4.8986302,52.3594314],[4.8972934,52.3592374],[4.8967771,52.3592194],[4.893444,52.3593901],[4.8915638,52.3594618],[4.8916419,52.3593644],[4.8916676,52.359276],[4.8916614,52.359194],[4.891604,52.359083],[4.8912588,52.3588677],[4.8910044,52.3587457],[4.890978,52.3584649],[4.8953127,52.3582103],[4.8980401,52.3580797],[4.8990526,52.3582279]]]},"properties":{"SELECTIE":10025,"LABEL":"10025-12532"}},{"id":559,"type":"Feature","geometry":{"type":"Polygon","coordinates":[[[4.8952508,52.3615814],[4.8918957,52.3620352],[4.8910585,52.3597103],[4.8969599,52.3593827],[4.8984269,52.3595899],[4.8979419,52.360714],[4.8993465,52.3609966],[4.8989347,52.3620014],[4.8960017,52.3614798],[4.8957845,52.3615075],[4.895785,52.3613219],[4.8956854,52.3611419],[4.895562,52.3610218],[4.8952641,52.3614019],[4.8952508,52.3615814]]]},"properties":{"SELECTIE":10025,"LABEL":"10025-12532"}},{"id":560,"type":"Feature","geometry":{"type":"Polygon","coordinates":[[[4.9034927,52.3504183],[4.9030292,52.3516535],[4.9028914,52.3521285],[4.902861,52.3523255],[4.9027433,52.3526961],[4.902521,52.353107],[4.9022708,52.3534712],[4.9015711,52.3542395],[4.9012158,52.3546961],[4.8992339,52.3540792],[4.8945852,52.3531496],[4.8912661,52.3527183],[4.8915004,52.352093],[4.8914791,52.3514667],[4.8916182,52.3509975],[4.8918532,52.3513227],[4.8919437,52.3514197],[4.8921439,52.3515647],[4.8924371,52.351593],[4.8927314,52.3515385],[4.8933204,52.3513645],[4.8936147,52.3513018],[4.8939086,52.3512663],[4.8944956,52.351268],[4.8950821,52.3513338],[4.89596,52.3515574],[4.8962529,52.3516241],[4.8965461,52.3516709],[4.8977188,52.3517998],[4.8980121,52.3518179],[4.8983058,52.3518002],[4.8986,52.3517479],[4.8991889,52.3515717],[4.8994854,52.3514531],[4.899802,52.3512724],[4.9003732,52.350738],[4.9006685,52.3504974],[4.9009638,52.3503413],[4.9015531,52.3501301],[4.9018477,52.3500418],[4.9021417,52.3499796],[4.9024353,52.3499898],[4.9027277,52.3500746],[4.9034927,52.3504183]]]},"properties":{"SELECTIE":10025,"LABEL":"10025-12532"}},{"id":561,"type":"Feature","geometry":{"type":"Polygon","coordinates":[[[4.8915754,52.3492287],[4.8914665,52.3483413],[4.8917879,52.3483248],[4.8918243,52.3483634],[4.891906,52.3485434],[4.8919021,52.3487232],[4.8918274,52.3489026],[4.8915754,52.3492287]]]},"properties":{"SELECTIE":10025,"LABEL":"10025-12532"}},{"id":562,"type":"Feature","geometry":{"type":"Polygon","coordinates":[[[4.8988545,52.3621781],[4.8982766,52.363686],[4.8960369,52.363236],[4.892474,52.3637203],[4.891929,52.3622661],[4.8960434,52.3616998],[4.8988545,52.3621781]]]},"properties":{"SELECTIE":10025,"LABEL":"10025-12532"}},{"id":563,"type":"Feature","geometry":{"type":"Polygon","coordinates":[[[4.8928258,52.3646708],[4.8928789,52.3646724],[4.8931745,52.364502],[4.8933186,52.3643675],[4.8934387,52.3641883],[4.8934473,52.3640086],[4.8933418,52.3638652],[4.8959918,52.3634951],[4.8982212,52.3639256],[4.897775,52.3650192],[4.8958729,52.3646679],[4.8929674,52.3650512],[4.8928258,52.3646708]]]},"properties":{"SELECTIE":10025,"LABEL":"10025-12532"}},{"id":564,"type":"Feature","geometry":{"type":"Polygon","coordinates":[[[4.8930149,52.3652633],[4.8959024,52.3648689],[4.8974786,52.3651844],[4.8972775,52.3652091],[4.896983,52.365291],[4.8966417,52.3654599],[4.8961811,52.3657753],[4.8958674,52.3657361],[4.8958219,52.3660211],[4.8955051,52.3661665],[4.8952113,52.3661825],[4.8949185,52.3660955],[4.8943669,52.3658099],[4.8937503,52.3655281],[4.8931656,52.365299],[4.8930149,52.3652633]]]},"properties":{"SELECTIE":10025,"LABEL":"10025-12532"}},{"id":565,"type":"Feature","geometry":{"type":"Polygon","coordinates":[[[4.8988341,52.3652158],[4.897923,52.3650393],[4.8983371,52.363965],[4.9012324,52.364502],[4.9009115,52.3651384],[4.9002146,52.3651424],[4.8993331,52.3652032],[4.8988341,52.3652158]]]},"properties":{"SELECTIE":10025,"LABEL":"10025-12532"}},{"id":566,"type":"Feature","geometry":{"type":"Polygon","coordinates":[[[4.9021087,52.3627878],[4.9013727,52.3642691],[4.8984461,52.3636932],[4.8990231,52.3622436],[4.9021087,52.3627878]]]},"properties":{"SELECTIE":10025,"LABEL":"10025-12532"}},{"id":567,"type":"Feature","geometry":{"type":"Polygon","coordinates":[[[4.9039099,52.3592554],[4.9036969,52.3596626],[4.903612,52.3596623],[4.9036101,52.3598283],[4.9034366,52.3601602],[4.9011608,52.3597885],[4.8988907,52.3594684],[4.8989056,52.3593429],[4.899046,52.3590717],[4.8993096,52.3582655],[4.8995116,52.3582951],[4.9039109,52.3591779],[4.9039099,52.3592554]]]},"properties":{"SELECTIE":10025,"LABEL":"10025-12532"}},{"id":568,"type":"Feature","geometry":{"type":"Polygon","coordinates":[[[4.9033289,52.3604467],[4.9021958,52.3625998],[4.8990783,52.3620209],[4.8994899,52.3610287],[4.9007411,52.3612539],[4.9012266,52.3600858],[4.9033289,52.3604467]]]},"properties":{"SELECTIE":10025,"LABEL":"10025-12532"}},{"id":569,"type":"Feature","geometry":{"type":"Polygon","coordinates":[[[4.9048817,52.3560993],[4.9037108,52.3586236],[4.8994651,52.3577394],[4.8998649,52.3567599],[4.9012538,52.3549461],[4.9048817,52.3560993]]]},"properties":{"SELECTIE":10025,"LABEL":"10025-12532"}},{"id":570,"type":"Feature","geometry":{"type":"Polygon","coordinates":[[[4.9043576,52.3556457],[4.9014338,52.3547582],[4.9018121,52.354295],[4.9021638,52.3539025],[4.9027507,52.3531643],[4.9030002,52.3527085],[4.9031601,52.352197],[4.9038081,52.3505699],[4.9044804,52.3509309],[4.9047698,52.3511133],[4.905186,52.3514742],[4.905471,52.3516551],[4.9059387,52.3518357],[4.9065233,52.3519628],[4.9071096,52.3520432],[4.9079893,52.3521288],[4.9082828,52.3521318],[4.9084057,52.3521139],[4.908123,52.3525087],[4.9075756,52.3531603],[4.9070304,52.3535993],[4.9066146,52.3539915],[4.906132,52.3545462],[4.9059086,52.354519],[4.9056147,52.354542],[4.9053202,52.3546328],[4.9051794,52.3547097],[4.9049449,52.3548885],[4.9045951,52.3552466],[4.9044498,52.3554257],[4.9043509,52.3556051],[4.9043576,52.3556457]]]},"properties":{"SELECTIE":10025,"LABEL":"10025-12532"}},{"id":571,"type":"Feature","geometry":{"type":"Polygon","coordinates":[[[4.9028619,52.363876],[4.9033051,52.3630268],[4.9064193,52.3635882],[4.9058024,52.3646487],[4.9056742,52.3645981],[4.9055069,52.3645027],[4.9052142,52.3644094],[4.9049175,52.3644151],[4.9046265,52.3644654],[4.9043327,52.3644759],[4.90404,52.3643842],[4.903458,52.3639019],[4.9031654,52.3638119],[4.9028619,52.363876]]]},"properties":{"SELECTIE":10025,"LABEL":"10025-12532"}},{"id":572,"type":"Feature","geometry":{"type":"Polygon","coordinates":[[[4.9077103,52.361256],[4.9065377,52.3633917],[4.9034102,52.3628052],[4.9045496,52.3605813],[4.9057462,52.3608367],[4.9059385,52.3610041],[4.9061308,52.3611213],[4.9064231,52.3612343],[4.9067163,52.3612793],[4.9070099,52.361277],[4.9073041,52.3612351],[4.9074396,52.3611981],[4.9077103,52.361256]]]},"properties":{"SELECTIE":10025,"LABEL":"10025-12532"}},{"id":573,"type":"Feature","geometry":{"type":"Polygon","coordinates":[[[4.9055756,52.3605844],[4.9046285,52.3603888],[4.9050483,52.3595606],[4.905138,52.3595003],[4.905319,52.3594986],[4.9053945,52.3597437],[4.9054754,52.3602832],[4.9055756,52.3605844]]]},"properties":{"SELECTIE":10025,"LABEL":"10025-12532"}},{"id":574,"type":"Feature","geometry":{"type":"Polygon","coordinates":[[[4.9060769,52.3647417],[4.9067337,52.3636384],[4.9107363,52.3643813],[4.9104137,52.3651718],[4.9096024,52.3654228],[4.9094871,52.3647933],[4.909324,52.3646113],[4.9090303,52.3645071],[4.9087374,52.3644482],[4.9084365,52.3644293],[4.90815,52.3644558],[4.9078555,52.364531],[4.9075608,52.3646447],[4.9072663,52.3647328],[4.906972,52.3647856],[4.9066782,52.3648017],[4.9063846,52.3647926],[4.9060769,52.3647417]]]},"properties":{"SELECTIE":10025,"LABEL":"10025-12532"}},{"id":575,"type":"Feature","geometry":{"type":"Polygon","coordinates":[[[4.9062465,52.3577359],[4.9072163,52.3555485],[4.9075748,52.3551342],[4.908283,52.3545876],[4.9090816,52.354097],[4.9099096,52.353296],[4.9114613,52.3517095],[4.911846,52.3510022],[4.9123514,52.349953],[4.9130277,52.3487293],[4.9148419,52.3495294],[4.914457,52.350065],[4.9130406,52.3524007],[4.9121322,52.3539414],[4.911494,52.353798],[4.911201,52.3537463],[4.9109075,52.3537491],[4.9107143,52.3538333],[4.9106122,52.3539073],[4.9104016,52.3541915],[4.9103315,52.3543709],[4.91034,52.3545508],[4.9104022,52.3547308],[4.9105002,52.3549109],[4.9106001,52.3550349],[4.9108906,52.3553115],[4.9111503,52.3556242],[4.9102887,52.3570263],[4.9095987,52.3572441],[4.9087111,52.3576],[4.9082214,52.3578323],[4.9079269,52.3579182],[4.9076334,52.3579197],[4.906657,52.3577715],[4.9062465,52.3577359]]]},"properties":{"SELECTIE":10025,"LABEL":"10025-12532"}},{"id":576,"type":"Feature","geometry":{"type":"Polygon","coordinates":[[[4.910252,52.3640832],[4.9068881,52.3634447],[4.9081364,52.361338],[4.9103301,52.3617983],[4.9100971,52.3619196],[4.9099373,52.3620836],[4.9098855,52.3622783],[4.9099479,52.3624583],[4.9101064,52.3626387],[4.9105036,52.3629998],[4.9105609,52.363107],[4.9105089,52.3632043],[4.9105673,52.3633979],[4.9102663,52.3638976],[4.910252,52.3640832]]]},"properties":{"SELECTIE":10025,"LABEL":"10025-12532"}},{"id":577,"type":"Feature","geometry":{"type":"Polygon","coordinates":[[[4.9107052,52.3616099],[4.908278,52.3610987],[4.908433,52.3607899],[4.9088112,52.3608534],[4.9091829,52.3607385],[4.9097112,52.3606823],[4.9102131,52.3607077],[4.9106063,52.3608105],[4.9109227,52.3609441],[4.9110397,52.3610365],[4.9110579,52.3612045],[4.9109833,52.361384],[4.9108239,52.3615408],[4.9107052,52.3616099]]]},"properties":{"SELECTIE":10025,"LABEL":"10025-12532"}},{"id":578,"type":"Feature","geometry":{"type":"Polygon","coordinates":[[[4.9101306,52.3600938],[4.9092171,52.3601042],[4.9088839,52.3600253],[4.9090242,52.3597944],[4.9090813,52.3597782],[4.9093748,52.3597865],[4.9096677,52.3598567],[4.9099599,52.359985],[4.9101306,52.3600938]]]},"properties":{"SELECTIE":10025,"LABEL":"10025-12532"}},{"id":579,"type":"Feature","geometry":{"type":"MultiPolygon","coordinates":[[[[4.9096971,52.3656563],[4.9148063,52.3639413],[4.9149088,52.3639592],[4.9152023,52.3639686],[4.9154059,52.3639181],[4.915497,52.3638811],[4.9156339,52.3637393],[4.9156558,52.3636561],[4.9161749,52.3634819],[4.9163899,52.3634673],[4.9168187,52.3635463],[4.9184312,52.3640013],[4.9181391,52.3641395],[4.9109889,52.3665914],[4.9107699,52.3665952],[4.9104766,52.3665575],[4.9101822,52.3664143],[4.9100041,52.3662334],[4.9096971,52.3656563]],[[4.9131824,52.3653473],[4.9132156,52.3651677],[4.913135,52.3650932],[4.9129549,52.3649869],[4.9128428,52.364956],[4.9125494,52.3649389],[4.9123089,52.3649843],[4.912255,52.3650138],[4.9121457,52.3651634],[4.9122517,52.3653171],[4.9122902,52.3653438],[4.9125443,52.3654173],[4.9128377,52.3654331],[4.9131319,52.365375],[4.9131824,52.3653473]]]]},"properties":{"SELECTIE":10025,"LABEL":"10025-12532"}},{"id":580,"type":"Feature","geometry":{"type":"Polygon","coordinates":[[[4.9113429,52.3559795],[4.9113906,52.3561727],[4.911367,52.3563524],[4.9112582,52.3565318],[4.9110523,52.3567107],[4.9108256,52.3568307],[4.9113429,52.3559795]]]},"properties":{"SELECTIE":10025,"LABEL":"10025-12532"}},{"id":581,"type":"Feature","geometry":{"type":"Polygon","coordinates":[[[4.9137935,52.3531899],[4.9137489,52.3533062],[4.9136412,52.3534855],[4.9134561,52.3536645],[4.9132554,52.3537903],[4.9129607,52.3539019],[4.9126666,52.3539577],[4.9125697,52.3539608],[4.9128962,52.3534234],[4.9137935,52.3531899]]]},"properties":{"SELECTIE":10025,"LABEL":"10025-12532"}},{"id":582,"type":"Feature","geometry":{"type":"Polygon","coordinates":[[[4.9157639,52.3629381],[4.9164444,52.3630808],[4.9160884,52.3632001],[4.9158689,52.3632499],[4.9156456,52.3632044],[4.9156916,52.3630205],[4.9157639,52.3629381]]]},"properties":{"SELECTIE":10025,"LABEL":"10025-12532"}},{"id":583,"type":"Feature","geometry":{"type":"Polygon","coordinates":[[[4.9170027,52.3622504],[4.9175222,52.3622628],[4.9179893,52.3623039],[4.9184008,52.3623954],[4.9187473,52.3625652],[4.9194834,52.3631684],[4.9197021,52.3633041],[4.919619,52.3633655],[4.9190314,52.3634473],[4.9186662,52.3632944],[4.9160148,52.3627286],[4.9161133,52.3626628],[4.9164734,52.3624844],[4.9170027,52.3622504]]]},"properties":{"SELECTIE":10025,"LABEL":"10025-12532"}},{"id":584,"type":"Feature","geometry":{"type":"Polygon","coordinates":[[[4.9183322,52.3677045],[4.9183543,52.3675249],[4.9186644,52.3671666],[4.9186812,52.3671116],[4.9191046,52.366964],[4.9191057,52.3669886],[4.9192805,52.3670692],[4.919355,52.3671693],[4.9195714,52.3673192],[4.9197097,52.3675302],[4.9197563,52.3677102],[4.9196884,52.3678897],[4.9195643,52.3680082],[4.9192697,52.3681046],[4.9189753,52.3681611],[4.9186817,52.3681631],[4.9185341,52.3680648],[4.9183889,52.3678865],[4.9183322,52.3677045]]]},"properties":{"SELECTIE":10025,"LABEL":"10025-12532"}},{"id":585,"type":"Feature","geometry":{"type":"Polygon","coordinates":[[[4.9215086,52.3648637],[4.9206518,52.3643563],[4.9191284,52.3637597],[4.9192566,52.3636051],[4.9196569,52.363547],[4.9199796,52.3634172],[4.921579,52.3636503],[4.9215657,52.3639425],[4.9215935,52.3644818],[4.9215687,52.3646615],[4.9215086,52.3648637]]]},"properties":{"SELECTIE":10025,"LABEL":"10025-12532"}},{"id":586,"type":"Feature","geometry":{"type":"Polygon","coordinates":[[[5.0253655,52.4140639],[5.0252788,52.4139149],[5.0252607,52.4137351],[5.0253923,52.4135557],[5.0254965,52.4134861],[5.0257913,52.4133635],[5.0260859,52.4132861],[5.0272636,52.4130585],[5.0292223,52.4128484],[5.0291121,52.4127449],[5.0291625,52.4127497],[5.0293229,52.4128487],[5.02932,52.4132082],[5.0290246,52.413387],[5.0290202,52.4139263],[5.0287249,52.4141051],[5.0287241,52.4142089],[5.028288,52.414178],[5.0271389,52.414309],[5.0267933,52.4142792],[5.0263845,52.4142684],[5.0255991,52.4141602],[5.0253655,52.4140639]]]},"properties":{"SELECTIE":6683,"LABEL":"6683-7519"}},{"id":587,"type":"Feature","geometry":{"type":"Polygon","coordinates":[[[4.8239278,52.3554305],[4.823996,52.3551413],[4.8240407,52.3550715],[4.8242936,52.3548173],[4.8245879,52.3547618],[4.8248808,52.3548125],[4.8254658,52.354984],[4.8266351,52.3553909],[4.8271615,52.3555146],[4.8271377,52.3570239],[4.8270709,52.357163],[4.8267748,52.3574402],[4.8242435,52.3574283],[4.8241851,52.3572292],[4.8240787,52.3565097],[4.823965,52.3559699],[4.8239278,52.3554305]]]},"properties":{"SELECTIE":5848,"LABEL":"5848-6683"}},{"id":588,"type":"Feature","geometry":{"type":"Polygon","coordinates":[[[4.8273752,52.3586258],[4.8273793,52.358488],[4.8276253,52.3583299],[4.833541,52.3584175],[4.8335018,52.3602578],[4.8329499,52.3599668],[4.8320143,52.3594231],[4.8318698,52.3593518],[4.8315718,52.3592418],[4.8312849,52.3591618],[4.8306989,52.3590786],[4.8295249,52.3590543],[4.8292313,52.359034],[4.8289383,52.3589944],[4.8283526,52.3588768],[4.8273752,52.3586258]]]},"properties":{"SELECTIE":5848,"LABEL":"5848-6683"}},{"id":589,"type":"Feature","geometry":{"type":"Polygon","coordinates":[[[4.8335738,52.357295],[4.8335686,52.357512],[4.8278312,52.3574651],[4.8276217,52.3573049],[4.8274783,52.3570753],[4.8275086,52.3555732],[4.8280993,52.3556793],[4.8286812,52.3558128],[4.8292977,52.3559951],[4.8298542,52.3561914],[4.83022,52.3563589],[4.830538,52.3565401],[4.8308152,52.3567212],[4.8315602,52.357264],[4.8318943,52.3573959],[4.8321872,52.3574507],[4.8324806,52.3574633],[4.8327744,52.3574442],[4.8330688,52.3573792],[4.8335738,52.357295]]]},"properties":{"SELECTIE":5848,"LABEL":"5848-6683"}},{"id":590,"type":"Feature","geometry":{"type":"Polygon","coordinates":[[[4.8343643,52.3605539],[4.8344538,52.3582128],[4.8350876,52.3582256],[4.8356384,52.3583774],[4.8366509,52.3583782],[4.8368209,52.3585468],[4.8368874,52.3587268],[4.8368743,52.3589065],[4.8368201,52.359086],[4.8366371,52.3594447],[4.8365094,52.3596238],[4.8362672,52.3598869],[4.8359041,52.3601603],[4.8356749,52.3602909],[4.8353797,52.3604166],[4.8350853,52.3605162],[4.8347907,52.3605659],[4.8344971,52.3605724],[4.8343643,52.3605539]]]},"properties":{"SELECTIE":5848,"LABEL":"5848-6683"}},{"id":591,"type":"Feature","geometry":{"type":"Polygon","coordinates":[[[4.8351664,52.357654],[4.8345584,52.3576071],[4.8345576,52.3573185],[4.8351664,52.357654]]]},"properties":{"SELECTIE":5848,"LABEL":"5848-6683"}},{"id":592,"type":"Feature","geometry":{"type":"Polygon","coordinates":[[[4.8256983,52.3582891],[4.8264714,52.3582947],[4.82678,52.358316],[4.8270217,52.3584864],[4.8270201,52.3585369],[4.8263036,52.358384],[4.8256983,52.3582891]]]},"properties":{"SELECTIE":5848,"LABEL":"5848-6683"}},{"id":593,"type":"Feature","geometry":{"type":"Polygon","coordinates":[[[4.9646095,52.3765665],[4.9648883,52.3757884],[4.9650734,52.3754296],[4.965212,52.3752502],[4.9654237,52.3750713],[4.9658969,52.3747956],[4.9661918,52.3746873],[4.9664858,52.3746388],[4.966779,52.3746969],[4.9670715,52.3748273],[4.9676306,52.3751643],[4.964802,52.3767119],[4.9646095,52.3765665]]]},"properties":{"SELECTIE":6683,"LABEL":"6683-7519"}},{"id":594,"type":"Feature","geometry":{"type":"Polygon","coordinates":[[[4.9915848,52.3924921],[4.9926842,52.3925919],[4.9931996,52.3917894],[4.9939416,52.3917845],[4.9945289,52.3918194],[4.9951157,52.391906],[4.9958524,52.3920909],[4.9952364,52.393301],[4.995318,52.3935668],[4.993928,52.3933314],[4.9933414,52.3932125],[4.9928673,52.3931406],[4.992168,52.393003],[4.9921683,52.3929585],[4.9915838,52.3925971],[4.9915848,52.3924921]]]},"properties":{"SELECTIE":7519,"LABEL":"7519-8354"}},{"id":595,"type":"Feature","geometry":{"type":"Polygon","coordinates":[[[4.9965444,52.3969228],[4.995665,52.3962563],[4.9954404,52.3960252],[4.9953388,52.395845],[4.9953228,52.3956652],[4.9953784,52.3954486],[4.9955003,52.3953063],[4.9956747,52.3951525],[4.9959354,52.39499],[4.9960722,52.3952417],[4.9972636,52.3955736],[4.997575,52.396171],[4.9974419,52.3969184],[4.9974221,52.3969304],[4.9974213,52.3970352],[4.9965444,52.3969228]]]},"properties":{"SELECTIE":7519,"LABEL":"7519-8354"}},{"id":596,"type":"Feature","geometry":{"type":"Polygon","coordinates":[[[4.994232,52.3904024],[4.994657,52.3899153],[4.9953199,52.3902728],[4.9957164,52.3904285],[4.9960094,52.3905176],[4.9965104,52.3906349],[4.9963727,52.3910286],[4.9957131,52.3908018],[4.9948339,52.3905522],[4.994232,52.3904024]]]},"properties":{"SELECTIE":7519,"LABEL":"7519-8354"}},{"id":597,"type":"Feature","geometry":{"type":"Polygon","coordinates":[[[4.955008,52.3903126],[4.9550424,52.390133],[4.9551768,52.3899416],[4.9554646,52.3897741],[4.9557667,52.3896954],[4.9562974,52.3895983],[4.9572376,52.3894845],[4.9581204,52.3893476],[4.9585783,52.3892471],[4.9589802,52.3890735],[4.9593389,52.3891748],[4.9573395,52.3919986],[4.9571222,52.3920507],[4.9551124,52.3915098],[4.9551199,52.3912118],[4.9550145,52.3904924],[4.955008,52.3903126]]]},"properties":{"SELECTIE":5013,"LABEL":"5013-5848"}},{"id":598,"type":"Feature","geometry":{"type":"Polygon","coordinates":[[[4.9553345,52.3950412],[4.9567848,52.3930856],[4.9567059,52.3937341],[4.9566367,52.3940933],[4.9565556,52.3942727],[4.9564284,52.394452],[4.9563068,52.3946008],[4.9560106,52.3948394],[4.9557154,52.3949807],[4.9554211,52.3950422],[4.9553345,52.3950412]]]},"properties":{"SELECTIE":5013,"LABEL":"5013-5848"}},{"id":599,"type":"Feature","geometry":{"type":"Polygon","coordinates":[[[4.9579124,52.3922759],[4.9575714,52.3921845],[4.9575188,52.3920468],[4.9596142,52.3891885],[4.9604596,52.3894321],[4.9603384,52.3896129],[4.9602635,52.3897924],[4.9601254,52.3903311],[4.960056,52.3905106],[4.9599219,52.3906898],[4.959758,52.390869],[4.9595732,52.391034],[4.9590718,52.3915856],[4.9588747,52.3917646],[4.9586204,52.3919435],[4.958388,52.3920693],[4.9579124,52.3922759]]]},"properties":{"SELECTIE":5013,"LABEL":"5013-5848"}},{"id":600,"type":"Feature","geometry":{"type":"Polygon","coordinates":[[[4.959745,52.38818],[4.9599764,52.3882423],[4.9599967,52.3883882],[4.9595248,52.3890097],[4.959167,52.38891],[4.9593023,52.3886451],[4.9593866,52.388531],[4.9595998,52.388273],[4.959745,52.38818]]]},"properties":{"SELECTIE":5013,"LABEL":"5013-5848"}},{"id":601,"type":"Feature","geometry":{"type":"Polygon","coordinates":[[[4.9606287,52.3892995],[4.959753,52.3890471],[4.960156,52.3885372],[4.9612176,52.3887695],[4.961147,52.3888968],[4.9609636,52.3890759],[4.9606287,52.3892995]]]},"properties":{"SELECTIE":5013,"LABEL":"5013-5848"}},{"id":602,"type":"Feature","geometry":{"type":"Polygon","coordinates":[[[4.9535524,52.3944205],[4.9542257,52.3934822],[4.9542044,52.3934472],[4.9545565,52.3932896],[4.9547394,52.3931877],[4.9549808,52.3930087],[4.9551147,52.3928295],[4.9551372,52.3926499],[4.9549987,52.3922898],[4.9549603,52.3921099],[4.9549906,52.3919304],[4.9550862,52.3916454],[4.9570015,52.3922128],[4.9570767,52.3922793],[4.9550947,52.3950335],[4.9548338,52.3949911],[4.9545409,52.3948979],[4.9542483,52.394773],[4.9535524,52.3944205]]]},"properties":{"SELECTIE":5013,"LABEL":"5013-5848"}},{"id":603,"type":"Feature","geometry":{"type":"Polygon","coordinates":[[[4.7811515,52.3674426],[4.7810747,52.3673106],[4.7826188,52.3664362],[4.7830579,52.3656673],[4.7833392,52.3650329],[4.7824095,52.3638588],[4.7837375,52.3631364],[4.7842679,52.3635027],[4.7840608,52.3638627],[4.7837433,52.3642206],[4.7836932,52.3644002],[4.7837451,52.3645802],[4.7838811,52.3647606],[4.784231,52.3649363],[4.7845238,52.3650032],[4.784817,52.3650237],[4.7851108,52.3650135],[4.7856928,52.3649492],[4.7868766,52.3647156],[4.7871705,52.364697],[4.7874573,52.3647203],[4.7879986,52.3651916],[4.7873705,52.3655462],[4.7865349,52.3649219],[4.7859373,52.3659046],[4.7860711,52.3660682],[4.7853907,52.3660394],[4.7848034,52.3660338],[4.7842158,52.3660622],[4.7839215,52.366104],[4.7835291,52.3661968],[4.7831921,52.3663749],[4.7830523,52.3665538],[4.7830638,52.3667337],[4.7831472,52.366914],[4.7833025,52.3670944],[4.7835278,52.3672753],[4.7842374,52.367778],[4.7831453,52.3684355],[4.7831797,52.3684692],[4.7821359,52.3679845],[4.7815509,52.3676756],[4.7811515,52.3674426]]]},"properties":{"SELECTIE":5848,"LABEL":"5848-6683"}},{"id":604,"type":"Feature","geometry":{"type":"Polygon","coordinates":[[[4.8949397,52.4115895],[4.8949209,52.4114691],[4.8950059,52.4112903],[4.8953006,52.4111981],[4.8955951,52.41115],[4.8961844,52.4110209],[4.897069,52.410777],[4.8976583,52.4106393],[4.8982474,52.4105328],[4.8994247,52.4103759],[4.8997194,52.4103188],[4.9000439,52.410232],[4.9003573,52.4100535],[4.9008877,52.4095164],[4.9011461,52.4093377],[4.9015479,52.4091597],[4.9017903,52.4090826],[4.9021446,52.4089824],[4.9026744,52.4088733],[4.9029688,52.4088356],[4.9032628,52.4088357],[4.9035557,52.4089118],[4.9038476,52.4091016],[4.9041374,52.4093503],[4.9045391,52.409711],[4.9047213,52.4099352],[4.9033917,52.4109704],[4.9024094,52.4116444],[4.9023503,52.4116366],[4.9020895,52.4116784],[4.9020556,52.4117089],[4.9020174,52.4118578],[4.9020341,52.4119019],[4.8989313,52.4140307],[4.8955606,52.4113893],[4.8952133,52.4114056],[4.8949397,52.4115895]]]},"properties":{"SELECTIE":6683,"LABEL":"6683-7519"}},{"id":605,"type":"Feature","geometry":{"type":"Polygon","coordinates":[[[4.9043676,52.4116148],[4.9040876,52.4114132],[4.9045096,52.4112072],[4.9043676,52.4116148]]]},"properties":{"SELECTIE":6683,"LABEL":"6683-7519"}},{"id":606,"type":"Feature","geometry":{"type":"Polygon","coordinates":[[[4.9011147,52.4171253],[4.9008198,52.4171921],[4.9005254,52.4172251],[4.9002315,52.4172249],[4.8999379,52.4171899],[4.8993513,52.4170694],[4.8990574,52.4170551],[4.8978803,52.4171703],[4.8975863,52.4171754],[4.8972925,52.4171599],[4.8969989,52.4171167],[4.8967058,52.4170332],[4.8964132,52.4169142],[4.8955377,52.4165006],[4.8952611,52.4163238],[4.8953047,52.4161442],[4.8954559,52.4159651],[4.8955639,52.4158757],[4.896172,52.4160574],[4.896372,52.4160241],[4.8965953,52.4160348],[4.8966708,52.4159759],[4.8966817,52.4161499],[4.8969484,52.4163308],[4.8970074,52.416352],[4.8973012,52.4163749],[4.8974686,52.416333],[4.8975964,52.416247],[4.8976623,52.416154],[4.8976471,52.4159741],[4.8976005,52.4158832],[4.8975087,52.4157938],[4.8973091,52.4156799],[4.8978515,52.4157277],[4.897754,52.4158932],[4.8979215,52.4159037],[4.8979623,52.4158062],[4.8980825,52.4157628],[4.898242,52.4157781],[4.898434,52.415735],[4.8987956,52.4155072],[4.8985034,52.4152181],[4.8992729,52.4149187],[4.8994346,52.4147242],[4.9001849,52.4139807],[4.9003617,52.4138595],[4.9008936,52.4141252],[4.8997527,52.4155404],[4.9004824,52.4159434],[4.9008497,52.4162241],[4.9007298,52.4163464],[4.9007393,52.4165261],[4.9008266,52.4165747],[4.9011208,52.4165566],[4.901196,52.4164998],[4.9015851,52.4169295],[4.9014096,52.417019],[4.9011147,52.4171253]]]},"properties":{"SELECTIE":6683,"LABEL":"6683-7519"}},{"id":607,"type":"Feature","geometry":{"type":"Polygon","coordinates":[[[4.8144186,52.3449636],[4.8123721,52.3449308],[4.8124455,52.3430939],[4.8127006,52.3432246],[4.8132842,52.3434778],[4.8138688,52.3436751],[4.8141613,52.3437535],[4.8144542,52.3438041],[4.8147473,52.3438278],[4.8150409,52.3438247],[4.8153348,52.3437916],[4.8159238,52.3436332],[4.8162129,52.3435292],[4.8179233,52.3429988],[4.8186327,52.3428225],[4.8188702,52.3427371],[4.8191469,52.3428249],[4.8191622,52.3428448],[4.819229,52.343005],[4.8193053,52.3435447],[4.8194412,52.3439895],[4.8195295,52.344085],[4.8197315,52.3442476],[4.819964,52.3440871],[4.8203215,52.3440014],[4.8206775,52.3439822],[4.8206709,52.3440551],[4.8211701,52.3444158],[4.8216148,52.345234],[4.8216115,52.3454829],[4.8208898,52.3459765],[4.8209304,52.3458893],[4.8208884,52.3457034],[4.8207879,52.3455291],[4.8199474,52.3446264],[4.8198089,52.3444459],[4.8197311,52.3442741],[4.8194395,52.3441271],[4.8192862,52.3442637],[4.8191438,52.3442888],[4.8188491,52.3443899],[4.8187619,52.3444409],[4.818554,52.3445182],[4.8182584,52.3446785],[4.8178177,52.3449756],[4.8174477,52.3451536],[4.8170775,52.3452238],[4.8167838,52.3452344],[4.8164113,52.3451957],[4.8162545,52.3450491],[4.8159303,52.3449879],[4.8157405,52.3449848],[4.8153214,52.3448327],[4.8150282,52.3448046],[4.8147344,52.3448379],[4.8144186,52.3449636]]]},"properties":{"SELECTIE":5013,"LABEL":"5013-5848"}},{"id":608,"type":"Feature","geometry":{"type":"Polygon","coordinates":[[[4.8127814,52.3463163],[4.8113469,52.3463092],[4.8108436,52.3462571],[4.806597,52.3454103],[4.8067795,52.3451226],[4.8070011,52.3450936],[4.8076861,52.3451619],[4.8082729,52.3451759],[4.8085665,52.3451611],[4.8088607,52.3451041],[4.808914,52.3450812],[4.814168,52.3451361],[4.8139675,52.3453165],[4.8134978,52.3458535],[4.8133029,52.3460324],[4.8130208,52.3462107],[4.8127814,52.3463163]]]},"properties":{"SELECTIE":5013,"LABEL":"5013-5848"}},{"id":609,"type":"Feature","geometry":{"type":"Polygon","coordinates":[[[4.8092391,52.344867],[4.809299,52.3447547],[4.8093166,52.3445749],[4.8092843,52.3443952],[4.8092132,52.344215],[4.8091235,52.3440347],[4.8088795,52.3436648],[4.8084247,52.3431327],[4.808335,52.3429524],[4.8083773,52.3427728],[4.8085815,52.3425941],[4.8088973,52.3424184],[4.8093606,52.3422384],[4.80978,52.3421156],[4.8100745,52.3420469],[4.8103685,52.3420123],[4.8106618,52.3420192],[4.8109543,52.3420971],[4.8112287,52.3422485],[4.8111866,52.3448853],[4.8092391,52.344867]]]},"properties":{"SELECTIE":5013,"LABEL":"5013-5848"}},{"id":610,"type":"Feature","geometry":{"type":"Polygon","coordinates":[[[4.8110962,52.3467612],[4.8110999,52.346547],[4.8120886,52.3465456],[4.8110962,52.3467612]]]},"properties":{"SELECTIE":5013,"LABEL":"5013-5848"}},{"id":611,"type":"Feature","geometry":{"type":"Polygon","coordinates":[[[4.8198901,52.3467831],[4.8199502,52.3466036],[4.8199741,52.3465837],[4.8206387,52.3465929],[4.8206165,52.3471901],[4.820282,52.3471088],[4.820002,52.3469633],[4.8198901,52.3467831]]]},"properties":{"SELECTIE":5013,"LABEL":"5013-5848"}},{"id":612,"type":"Feature","geometry":{"type":"Polygon","coordinates":[[[4.8033667,52.3454447],[4.8033752,52.345265],[4.8035045,52.3447263],[4.8035574,52.3445468],[4.803643,52.3443675],[4.803885,52.3440473],[4.8043329,52.3436519],[4.8044155,52.3434726],[4.804514,52.3431135],[4.8046225,52.3429342],[4.8047824,52.3427554],[4.805078,52.3425915],[4.8051048,52.3425857],[4.805121,52.3425772],[4.8053724,52.3425282],[4.8056662,52.3425035],[4.8059597,52.3425045],[4.8062528,52.3425313],[4.8065488,52.3425823],[4.8070038,52.3427662],[4.8071112,52.3429464],[4.8070183,52.3431258],[4.8068057,52.3433045],[4.8065362,52.3434877],[4.8059181,52.3438394],[4.8056978,52.3440181],[4.8056676,52.3441977],[4.805751,52.3443778],[4.8059004,52.3445583],[4.8060879,52.344739],[4.8062226,52.3448402],[4.806486,52.344985],[4.8057519,52.3462742],[4.8055955,52.3461746],[4.8053264,52.3460511],[4.805034,52.345962],[4.8047411,52.3459116],[4.8041547,52.3458669],[4.8038616,52.345824],[4.8038329,52.3458132],[4.803791,52.3458062],[4.8035696,52.3457153],[4.8034517,52.3456248],[4.8033667,52.3454447]]]},"properties":{"SELECTIE":5013,"LABEL":"5013-5848"}},{"id":613,"type":"Feature","geometry":{"type":"Polygon","coordinates":[[[4.8059803,52.3464316],[4.8064483,52.3455987],[4.8107915,52.3465156],[4.8105956,52.3468567],[4.8100106,52.3469666],[4.8097167,52.3470013],[4.809423,52.347013],[4.8091298,52.3469964],[4.8079578,52.3468307],[4.8076646,52.3468119],[4.8067841,52.3468051],[4.8064914,52.3467446],[4.8061997,52.3465971],[4.8059803,52.3464316]]]},"properties":{"SELECTIE":5013,"LABEL":"5013-5848"}},{"id":614,"type":"Feature","geometry":{"type":"Polygon","coordinates":[[[5.0019814,52.3500795],[5.0006434,52.3496708],[5.0019577,52.3488041],[5.003735,52.3477507],[5.0056558,52.3467837],[5.0054272,52.3469858],[5.0051447,52.3471645],[5.0046065,52.3474644],[5.0042794,52.347701],[5.0041408,52.3478804],[5.0041024,52.3480599],[5.0042133,52.3482401],[5.0043057,52.3483029],[5.0045982,52.3484381],[5.0051839,52.3485877],[5.0057701,52.3486803],[5.0060635,52.3487001],[5.0063569,52.3486949],[5.006651,52.348651],[5.0072393,52.3484859],[5.0075332,52.3484575],[5.0078266,52.3484713],[5.0081197,52.3485126],[5.0087052,52.3486823],[5.0092901,52.3489529],[5.0096685,52.3491564],[5.0104579,52.3497067],[5.0107501,52.3498464],[5.0110431,52.3499177],[5.0113366,52.3499268],[5.0116305,52.3498876],[5.0118391,52.3498354],[5.0103187,52.3513411],[5.0092735,52.3509064],[5.0089811,52.3507604],[5.0086893,52.3505714],[5.0083337,52.3502306],[5.0081068,52.3500399],[5.0078147,52.3498519],[5.0075221,52.3497553],[5.0072289,52.3497141],[5.0069354,52.3497184],[5.0066413,52.3497728],[5.0057919,52.3500427],[5.0054642,52.3501134],[5.0048765,52.350195],[5.0045761,52.3502184],[5.0037021,52.3502213],[5.0022357,52.3500862],[5.0019814,52.3500795]]]},"properties":{"SELECTIE":6683,"LABEL":"6683-7519"}},{"id":615,"type":"Feature","geometry":{"type":"Polygon","coordinates":[[[4.9976314,52.3503314],[4.9978597,52.3508389],[4.9966965,52.3515175],[4.9970924,52.351093],[4.9973671,52.3507342],[4.9976314,52.3503314]]]},"properties":{"SELECTIE":6683,"LABEL":"6683-7519"}},{"id":616,"type":"Feature","geometry":{"type":"Polygon","coordinates":[[[4.9997283,52.347936],[4.9984104,52.3483821],[4.9986149,52.3479606],[4.999026,52.3478738],[4.99932,52.347836],[4.9996131,52.3478714],[4.9997283,52.347936]]]},"properties":{"SELECTIE":6683,"LABEL":"6683-7519"}},{"id":617,"type":"Feature","geometry":{"type":"Polygon","coordinates":[[[5.0063018,52.3453272],[5.0052958,52.3460514],[5.0050137,52.3461469],[5.0054256,52.345368],[5.0056687,52.3448295],[5.005817,52.3442908],[5.0058141,52.3442226],[5.0060252,52.3442446],[5.0061011,52.3442917],[5.0061563,52.3442582],[5.0064403,52.3442915],[5.0064196,52.3446522],[5.0063018,52.3453272]]]},"properties":{"SELECTIE":6683,"LABEL":"6683-7519"}},{"id":618,"type":"Feature","geometry":{"type":"Polygon","coordinates":[[[5.0119161,52.3516828],[5.0140081,52.3491623],[5.0143443,52.349122],[5.0163434,52.3497299],[5.0160318,52.3500913],[5.0159916,52.3502548],[5.0160125,52.3504346],[5.0161049,52.3506146],[5.0163149,52.3507959],[5.0166117,52.3509257],[5.0169045,52.3510192],[5.0171976,52.3510903],[5.0176448,52.3511655],[5.0165495,52.352342],[5.0163067,52.3523151],[5.0160132,52.3523149],[5.0157191,52.352362],[5.0154247,52.352475],[5.0152544,52.3525893],[5.0150792,52.3527684],[5.014985,52.352948],[5.0148384,52.3534867],[5.0147682,52.3536662],[5.0146624,52.3538456],[5.0145527,52.3539495],[5.0126603,52.3533484],[5.0127119,52.3531204],[5.0129209,52.3525819],[5.0129679,52.3524023],[5.0129953,52.3522226],[5.0129721,52.3520428],[5.012788,52.3518553],[5.0124952,52.3517652],[5.0119161,52.3516828]]]},"properties":{"SELECTIE":6683,"LABEL":"6683-7519"}},{"id":619,"type":"Feature","geometry":{"type":"Polygon","coordinates":[[[4.9914757,52.3532708],[4.9917902,52.3530661],[4.9925202,52.3533257],[4.9928131,52.353408],[4.9931063,52.3534557],[4.9933731,52.3534562],[4.9929911,52.3536791],[4.9928103,52.3537584],[4.9914757,52.3532708]]]},"properties":{"SELECTIE":6683,"LABEL":"6683-7519"}},{"id":620,"type":"Feature","geometry":{"type":"Polygon","coordinates":[[[4.9933672,52.353854],[4.9989249,52.3508818],[4.9987615,52.3507713],[5.0003095,52.3498425],[5.0014031,52.35019],[5.0013523,52.3502078],[5.0010585,52.350415],[5.0007136,52.3507452],[5.0004471,52.3509242],[5.0001725,52.351042],[4.9998783,52.3511278],[4.9995842,52.3511891],[4.9987025,52.3513244],[4.998293,52.3514564],[4.9981135,52.3515421],[4.9973451,52.3519926],[4.9963445,52.3524086],[4.9957551,52.3526804],[4.9954003,52.3528849],[4.9946435,52.3534216],[4.994279,52.3536137],[4.9939845,52.3537374],[4.9936902,52.3538223],[4.9933672,52.353854]]]},"properties":{"SELECTIE":6683,"LABEL":"6683-7519"}},{"id":621,"type":"Feature","geometry":{"type":"Polygon","coordinates":[[[4.9012595,52.3876568],[4.8995026,52.3872987],[4.9008167,52.3847962],[4.9018188,52.3842939],[4.9035001,52.3850281],[4.9037124,52.3856211],[4.9038075,52.3857742],[4.9043905,52.3862057],[4.9046815,52.3864523],[4.9048732,52.3867043],[4.9049711,52.386881],[4.9050363,52.3870645],[4.9050772,52.3872539],[4.9051257,52.3874243],[4.9051354,52.3875235],[4.9051529,52.3876042],[4.9051504,52.3876778],[4.9051609,52.387784],[4.9051411,52.3879637],[4.9050825,52.3881432],[4.904971,52.3883225],[4.904805,52.3885015],[4.9046176,52.3886659],[4.9041752,52.3885881],[4.9044057,52.3883202],[4.9044833,52.3881407],[4.904509,52.3879611],[4.9044848,52.3877812],[4.9043757,52.3875531],[4.9042529,52.3874208],[4.9040848,52.3872904],[4.9033078,52.3868777],[4.9030376,52.3866969],[4.9028281,52.3865162],[4.9023359,52.3860276],[4.9020447,52.3858064],[4.9017525,52.3856539],[4.9014591,52.3856125],[4.9011648,52.3856604],[4.9005742,52.3859379],[4.9002856,52.3861463],[4.9001706,52.3863257],[4.9002156,52.3865056],[4.9003872,52.3866861],[4.9009568,52.3870478],[4.9011921,52.3872285],[4.9012884,52.3874087],[4.9012853,52.3875885],[4.9012595,52.3876568]]]},"properties":{"SELECTIE":7519,"LABEL":"7519-8354"}},{"id":622,"type":"Feature","geometry":{"type":"Polygon","coordinates":[[[4.9095992,52.3829608],[4.9090071,52.3825561],[4.9080044,52.3818282],[4.9080392,52.3817932],[4.9100451,52.3816712],[4.9100496,52.3818719],[4.9100048,52.3820516],[4.9099247,52.3822309],[4.9096023,52.3827689],[4.9095992,52.3829608]]]},"properties":{"SELECTIE":7519,"LABEL":"7519-8354"}},{"id":623,"type":"Feature","geometry":{"type":"Polygon","coordinates":[[[4.9082586,52.3842804],[4.9084517,52.3843668],[4.909389,52.3849914],[4.9097731,52.3850991],[4.9096811,52.3852991],[4.9096537,52.3853155],[4.9092006,52.3851041],[4.9088957,52.3849231],[4.9086634,52.3847424],[4.9082586,52.3842804]]]},"properties":{"SELECTIE":7519,"LABEL":"7519-8354"}},{"id":624,"type":"Feature","geometry":{"type":"Polygon","coordinates":[[[4.9110927,52.3838578],[4.9109473,52.3836742],[4.9109263,52.3834843],[4.9117668,52.3832769],[4.9126085,52.3831615],[4.9126485,52.3831625],[4.9129399,52.3833877],[4.9139929,52.3849435],[4.9140873,52.3851237],[4.9140947,52.3853045],[4.9139312,52.3854825],[4.9137983,52.3855383],[4.9134086,52.3856585],[4.9125311,52.3850254],[4.9127287,52.3849384],[4.9128815,52.3847593],[4.9128829,52.3845796],[4.9128013,52.3843995],[4.9126716,52.3842192],[4.9124632,52.3840386],[4.9123463,52.3839583],[4.9120538,52.3838382],[4.9117604,52.3837995],[4.9114666,52.3838074],[4.9110927,52.3838578]]]},"properties":{"SELECTIE":7519,"LABEL":"7519-8354"}},{"id":625,"type":"Feature","geometry":{"type":"Polygon","coordinates":[[[4.9196021,52.3767078],[4.9253227,52.3758037],[4.9256453,52.3763577],[4.9257636,52.3764895],[4.9199858,52.3774811],[4.9199734,52.3774176],[4.9197628,52.377069],[4.9196021,52.3767078]]]},"properties":{"SELECTIE":7519,"LABEL":"7519-8354"}},{"id":626,"type":"Feature","geometry":{"type":"Polygon","coordinates":[[[4.9064312,52.383863],[4.9064122,52.383565],[4.9064836,52.3834867],[4.9075128,52.3839469],[4.9070589,52.3839423],[4.9067652,52.3839201],[4.9064312,52.383863]]]},"properties":{"SELECTIE":7519,"LABEL":"7519-8354"}},{"id":627,"type":"Feature","geometry":{"type":"Polygon","coordinates":[[[5.0290594,52.3161814],[5.028539,52.3173402],[5.0277517,52.3174604],[5.0275974,52.3171007],[5.0274731,52.316566],[5.0275157,52.314624],[5.0280599,52.3145481],[5.0283534,52.3145326],[5.0286465,52.3145602],[5.0289388,52.314671],[5.0289815,52.3147039],[5.0291453,52.3148841],[5.0292131,52.3150641],[5.0291393,52.3152437],[5.0289338,52.3154252],[5.0286463,52.3156016],[5.0285187,52.3157809],[5.0286064,52.315961],[5.0289271,52.3161288],[5.0290594,52.3161814]]]},"properties":{"SELECTIE":3342,"LABEL":"3342-4177"}},{"id":628,"type":"Feature","geometry":{"type":"Polygon","coordinates":[[[5.053136,52.3178076],[5.052965,52.3179362],[5.0528048,52.3180089],[5.0526708,52.3180444],[5.0523775,52.3180651],[5.0520844,52.3180357],[5.0519451,52.3180064],[5.0514106,52.3178253],[5.0511784,52.3176448],[5.0511663,52.3174651],[5.0512733,52.3172978],[5.0517981,52.3174959],[5.0528736,52.3176893],[5.053136,52.3178076]]]},"properties":{"SELECTIE":3342,"LABEL":"3342-4177"}},{"id":629,"type":"Feature","geometry":{"type":"Polygon","coordinates":[[[4.9641605,52.316124],[4.9653306,52.3148497],[4.966566,52.313634],[4.9670616,52.3134117],[4.9673186,52.3136028],[4.9676117,52.3137835],[4.9679394,52.3139397],[4.9682316,52.3140482],[4.9685242,52.3141214],[4.9688172,52.3141563],[4.9694035,52.3141668],[4.9696966,52.3141887],[4.9699895,52.3142411],[4.9702818,52.3143458],[4.9705736,52.3145037],[4.9710786,52.3148743],[4.9713605,52.315055],[4.9717423,52.3152341],[4.9720327,52.3153117],[4.9723254,52.3153603],[4.9726186,52.3153751],[4.9729121,52.3153611],[4.9734503,52.315289],[4.9724247,52.3164328],[4.9722924,52.3164963],[4.9720195,52.316722],[4.971638,52.317213],[4.9713897,52.317587],[4.9703568,52.3187387],[4.9702371,52.3188255],[4.9699454,52.31895],[4.9696516,52.3189932],[4.9693585,52.318969],[4.969066,52.3188966],[4.9687736,52.318788],[4.9678973,52.3184039],[4.9676049,52.3182973],[4.9658477,52.317732],[4.9650783,52.3175494],[4.9649725,52.3175059],[4.9648284,52.3174103],[4.9649959,52.3172207],[4.9645767,52.3170882],[4.9642506,52.3162882],[4.9641605,52.316124]]]},"properties":{"SELECTIE":5013,"LABEL":"5013-5848"}},{"id":630,"type":"Feature","geometry":{"type":"Polygon","coordinates":[[[4.9584031,52.3070998],[4.9586197,52.3071006],[4.9589147,52.3069218],[4.9589135,52.3070313],[4.9596696,52.3076436],[4.9597242,52.3077166],[4.9593332,52.30815],[4.9591887,52.3081019],[4.958852,52.3076406],[4.9586168,52.3074004],[4.9584031,52.3070998]]]},"properties":{"SELECTIE":5013,"LABEL":"5013-5848"}},{"id":631,"type":"Feature","geometry":{"type":"Polygon","coordinates":[[[4.9601731,52.3084044],[4.9596499,52.3082273],[4.9598964,52.3079579],[4.9601731,52.3084044]]]},"properties":{"SELECTIE":5013,"LABEL":"5013-5848"}},{"id":632,"type":"Feature","geometry":{"type":"Polygon","coordinates":[[[4.9619442,52.2967289],[4.9622406,52.2964059],[4.9625352,52.2962666],[4.9634164,52.2960868],[4.9648861,52.2956796],[4.9651797,52.2956421],[4.9654725,52.2956716],[4.9657079,52.2958015],[4.9657641,52.2958388],[4.965885,52.2959819],[4.9659907,52.296162],[4.9660385,52.296342],[4.9660185,52.2965216],[4.9659307,52.296701],[4.9657987,52.2968803],[4.9657699,52.2969115],[4.9657538,52.2969324],[4.9654656,52.2972386],[4.9653426,52.2974179],[4.9653001,52.2975976],[4.9654072,52.2977778],[4.9657447,52.2978943],[4.9659986,52.2979595],[4.9663299,52.2980072],[4.9676029,52.298145],[4.9683592,52.2981962],[4.9678821,52.2987116],[4.9663233,52.2987237],[4.9660304,52.2986909],[4.9648594,52.2984829],[4.9648628,52.2981353],[4.9645713,52.2979544],[4.964573,52.2977747],[4.9642817,52.2975939],[4.9636953,52.2975919],[4.9634038,52.2974111],[4.9631105,52.29741],[4.962819,52.2972292],[4.962526,52.2972282],[4.961943,52.2968666],[4.9619442,52.2967289]]]},"properties":{"SELECTIE":5013,"LABEL":"5013-5848"}},{"id":633,"type":"Feature","geometry":{"type":"Polygon","coordinates":[[[4.9630558,52.3031627],[4.9633503,52.3030361],[4.9636438,52.3029976],[4.9638868,52.3028054],[4.9639395,52.302743],[4.9641891,52.3027925],[4.9635326,52.3034892],[4.9632556,52.3034665],[4.9630542,52.3033417],[4.9630558,52.3031627]]]},"properties":{"SELECTIE":5013,"LABEL":"5013-5848"}},{"id":634,"type":"Feature","geometry":{"type":"Polygon","coordinates":[[[4.9679563,52.3057105],[4.9634619,52.3041722],[4.9647044,52.3028351],[4.9651113,52.3028465],[4.9654043,52.3028747],[4.9656969,52.3029439],[4.9659889,52.3030751],[4.9661269,52.3031728],[4.9666171,52.3033544],[4.9668654,52.3034138],[4.9671576,52.303513],[4.9674495,52.3036585],[4.9676742,52.3038974],[4.9677395,52.3039945],[4.9678281,52.3042574],[4.9678829,52.3046171],[4.9679563,52.3057105]]]},"properties":{"SELECTIE":5013,"LABEL":"5013-5848"}},{"id":635,"type":"Feature","geometry":{"type":"Polygon","coordinates":[[[4.9685199,52.2987289],[4.9689046,52.2983148],[4.9694619,52.2982614],[4.9726109,52.2988174],[4.9740391,52.2997512],[4.974335,52.3001513],[4.9739147,52.300627],[4.9736003,52.3003231],[4.973347,52.3001171],[4.9730556,52.2999135],[4.9724725,52.2995678],[4.9721805,52.2994393],[4.9718881,52.2993336],[4.9713031,52.2991962],[4.9704279,52.2990519],[4.9695472,52.2988514],[4.9689616,52.2987631],[4.9685199,52.2987289]]]},"properties":{"SELECTIE":5013,"LABEL":"5013-5848"}},{"id":636,"type":"Feature","geometry":{"type":"Polygon","coordinates":[[[4.9692036,52.3109234],[4.9693269,52.3107099],[4.9706102,52.3092003],[4.9710377,52.3089744],[4.9746909,52.3101792],[4.975011,52.3104132],[4.9753848,52.3107551],[4.9757607,52.3112957],[4.9758316,52.3114756],[4.975864,52.3116555],[4.9759562,52.3127342],[4.9760435,52.3130941],[4.9761569,52.313357],[4.976447,52.3137025],[4.9766098,52.3138151],[4.9767381,52.3139349],[4.9768607,52.3139957],[4.9770489,52.3141761],[4.9771665,52.3143563],[4.9772209,52.3145362],[4.9772266,52.314716],[4.9771709,52.3148955],[4.977036,52.3150748],[4.9768509,52.3152047],[4.9747998,52.3145008],[4.9746833,52.314125],[4.9742928,52.3132678],[4.9741665,52.3125484],[4.9741116,52.3123691],[4.9739591,52.3121881],[4.9738226,52.312068],[4.97353,52.3119764],[4.9732367,52.3119843],[4.9729427,52.312055],[4.9723543,52.3122686],[4.9720602,52.3123442],[4.9717666,52.3123862],[4.9714733,52.3123874],[4.9711804,52.3123482],[4.9708879,52.312263],[4.9705961,52.3120964],[4.9703057,52.3118017],[4.9700173,52.3114514],[4.9697245,52.3112283],[4.9694329,52.3110414],[4.9692036,52.3109234]]]},"properties":{"SELECTIE":5013,"LABEL":"5013-5848"}},{"id":637,"type":"Feature","geometry":{"type":"Polygon","coordinates":[[[4.9729649,52.3162366],[4.9739542,52.3151942],[4.9744585,52.3150659],[4.9746759,52.3149327],[4.9747233,52.314887],[4.9747824,52.3147586],[4.9765508,52.3153555],[4.9764018,52.3154321],[4.9759539,52.3156104],[4.9755484,52.315718],[4.9737855,52.3160527],[4.9729649,52.3162366]]]},"properties":{"SELECTIE":5013,"LABEL":"5013-5848"}},{"id":638,"type":"Feature","geometry":{"type":"Polygon","coordinates":[[[5.0244464,52.4139069],[5.0244073,52.4135527],[5.0244187,52.4133731],[5.0244996,52.4130138],[5.0246313,52.4126409],[5.0256877,52.4129393],[5.0265361,52.4130187],[5.02712,52.412761],[5.02841,52.4126783],[5.0291121,52.4127449],[5.0292223,52.4128484],[5.0272636,52.4130585],[5.0260859,52.4132861],[5.0257913,52.4133635],[5.0254965,52.4134861],[5.0253923,52.4135557],[5.0252607,52.4137351],[5.0252788,52.4139149],[5.0253655,52.4140639],[5.0250819,52.4139471],[5.0244464,52.4139069]]]},"properties":{"SELECTIE":7519,"LABEL":"7519-8354"}},{"id":639,"type":"Feature","geometry":{"type":"Polygon","coordinates":[[[4.7842374,52.367778],[4.7835278,52.3672753],[4.7833025,52.3670944],[4.7831472,52.366914],[4.7830638,52.3667337],[4.7830523,52.3665538],[4.7831921,52.3663749],[4.7835291,52.3661968],[4.7839215,52.366104],[4.7842158,52.3660622],[4.7848034,52.3660338],[4.7853907,52.3660394],[4.7860711,52.3660682],[4.7863529,52.3664131],[4.7871415,52.3671108],[4.7859413,52.3677773],[4.7851624,52.3672211],[4.7842374,52.367778]]]},"properties":{"SELECTIE":5013,"LABEL":"5013-5848"}},{"id":640,"type":"Feature","geometry":{"type":"Polygon","coordinates":[[[5.0130328,52.3049167],[5.0137358,52.3045496],[5.0140736,52.3044681],[5.0146801,52.3044947],[5.0153533,52.3046209],[5.0162809,52.3049626],[5.016766,52.3050137],[5.0170347,52.3049711],[5.0167011,52.3051412],[5.0158176,52.3053958],[5.0149354,52.3056865],[5.0146417,52.3057414],[5.0143485,52.305748],[5.0140556,52.3056883],[5.0137636,52.305544],[5.0134723,52.3053253],[5.0130328,52.3049167]]]},"properties":{"SELECTIE":5013,"LABEL":"5013-5848"}},{"id":641,"type":"Feature","geometry":{"type":"Polygon","coordinates":[[[5.0172495,52.3047249],[5.0169569,52.3047581],[5.0165658,52.3047734],[5.0160276,52.3046395],[5.0148846,52.3042639],[5.0141445,52.3040468],[5.014333,52.3040885],[5.014361,52.303973],[5.0145784,52.3037753],[5.0159063,52.3033579],[5.0160874,52.3035195],[5.0163334,52.3037],[5.0170015,52.3040869],[5.0171501,52.3042418],[5.0172696,52.304422],[5.0172984,52.3046018],[5.0172495,52.3047249]]]},"properties":{"SELECTIE":5013,"LABEL":"5013-5848"}},{"id":642,"type":"Feature","geometry":{"type":"Polygon","coordinates":[[[5.0224588,52.3098294],[5.0225587,52.3093228],[5.0231162,52.3093689],[5.0234094,52.3093684],[5.0242895,52.3093207],[5.0245829,52.3093321],[5.0248757,52.309382],[5.025168,52.3094852],[5.0254569,52.3096609],[5.02563,52.3098403],[5.0257288,52.3100205],[5.0257756,52.3102769],[5.0247884,52.310293],[5.0247865,52.3103419],[5.0246621,52.3101969],[5.0245763,52.3101391],[5.0242838,52.3100225],[5.0242651,52.3100191],[5.0239911,52.3099694],[5.023698,52.3099387],[5.0224588,52.3098294]]]},"properties":{"SELECTIE":5013,"LABEL":"5013-5848"}},{"id":643,"type":"Feature","geometry":{"type":"Polygon","coordinates":[[[5.0122778,52.304154],[5.0134202,52.3035981],[5.0135263,52.3037967],[5.0136598,52.3039708],[5.0136032,52.3042599],[5.0127785,52.3046729],[5.0122778,52.304154]]]},"properties":{"SELECTIE":5013,"LABEL":"5013-5848"}},{"id":644,"type":"Feature","geometry":{"type":"Polygon","coordinates":[[[4.991616,52.3611409],[4.9916523,52.3609612],[4.9917216,52.3607818],[4.991869,52.360546],[4.9921648,52.3603138],[4.9924585,52.3602934],[4.9930443,52.360443],[4.9933375,52.3604952],[4.9936315,52.3604418],[4.9937861,52.3602493],[4.9938149,52.3600696],[4.9937737,52.3598898],[4.9936785,52.3597097],[4.9932787,52.3593489],[4.9931425,52.3591687],[4.9931034,52.3589888],[4.9931291,52.3586294],[4.9932124,52.3582702],[4.9933602,52.357923],[4.9936118,52.3575525],[4.9937073,52.3573731],[4.9937334,52.3571934],[4.9936889,52.3570135],[4.9935996,52.3568334],[4.9934699,52.3566532],[4.9932976,52.3564763],[5.0034097,52.3510375],[5.003719,52.3509874],[5.0091477,52.3526561],[5.009097,52.3527224],[5.0089926,52.3532229],[5.0049683,52.3552088],[5.0040727,52.3556897],[5.0030936,52.3554266],[5.0027772,52.3553591],[5.0021905,52.3552917],[5.0018971,52.35529],[5.0016032,52.3553185],[5.0013093,52.3553698],[5.000721,52.3554939],[4.9998384,52.3557135],[4.9992505,52.3558057],[4.9989562,52.3558756],[4.9986616,52.3559967],[4.9984739,52.3561305],[4.9983658,52.3562472],[4.998228,52.3564892],[4.9981751,52.3566687],[4.9981203,52.3570281],[4.9981278,52.3573876],[4.9981806,52.3575676],[4.9982987,52.3577477],[4.9984833,52.357928],[4.9990817,52.3583672],[4.9967226,52.3596243],[4.9962195,52.359863],[4.9921538,52.3616693],[4.9916309,52.3614465],[4.991616,52.3611409]]]},"properties":{"SELECTIE":5848,"LABEL":"5848-6683"}},{"id":645,"type":"Feature","geometry":{"type":"Polygon","coordinates":[[[4.9750673,52.3624126],[4.9760013,52.3619719],[4.9762766,52.3618077],[4.9764711,52.3616287],[4.9766044,52.3614494],[4.9766735,52.3612698],[4.9766878,52.3610902],[4.976568,52.360752],[4.9773872,52.360014],[4.9774872,52.3600426],[4.9777795,52.3601689],[4.9780716,52.3603238],[4.9783636,52.3605086],[4.9786703,52.3607375],[4.9788775,52.3609179],[4.9792372,52.361294],[4.9801128,52.3618794],[4.980239,52.3619554],[4.9803086,52.3620014],[4.9803405,52.3620167],[4.9804047,52.3620553],[4.9806908,52.3621834],[4.9809899,52.3622758],[4.9812833,52.362301],[4.9815658,52.3621812],[4.9815781,52.362176],[4.981727,52.3620063],[4.9818058,52.3618267],[4.9817936,52.3616469],[4.98168,52.3614669],[4.9812589,52.3611059],[4.9811743,52.3609258],[4.9812274,52.3607462],[4.9812979,52.3606919],[4.9815632,52.3605677],[4.9815826,52.3605655],[4.9818867,52.360531],[4.9821802,52.3605346],[4.9824758,52.3605694],[4.9827663,52.3606517],[4.9830568,52.3607529],[4.9833235,52.3609332],[4.9833325,52.360947],[4.9833507,52.3609599],[4.9835061,52.3612155],[4.9776677,52.3642527],[4.9750673,52.3624126]]]},"properties":{"SELECTIE":5848,"LABEL":"5848-6683"}},{"id":646,"type":"Feature","geometry":{"type":"Polygon","coordinates":[[[4.9810698,52.3633442],[4.9807267,52.3632002],[4.9836982,52.3616255],[4.9840995,52.3625535],[4.9846382,52.3634542],[4.984705,52.3636342],[4.9846642,52.3638137],[4.9844986,52.3638975],[4.9842046,52.3639365],[4.983911,52.3639302],[4.9836176,52.3639019],[4.9830314,52.3638024],[4.9827384,52.3637192],[4.9819346,52.3634449],[4.9815678,52.3632888],[4.9812743,52.363273],[4.9810698,52.3633442]]]},"properties":{"SELECTIE":5848,"LABEL":"5848-6683"}},{"id":647,"type":"Feature","geometry":{"type":"Polygon","coordinates":[[[4.985596,52.3654146],[4.9855287,52.3650749],[4.9855236,52.3647154],[4.9855495,52.3645358],[4.9856538,52.3643564],[4.9860102,52.3641778],[4.9868475,52.3639013],[4.9870486,52.3638218],[4.9874364,52.3637309],[4.9877302,52.3636975],[4.9880237,52.3637102],[4.9883168,52.3637745],[4.9886095,52.3638905],[4.9893484,52.3642854],[4.9884421,52.3645958],[4.9861208,52.3652774],[4.985596,52.3654146]]]},"properties":{"SELECTIE":5848,"LABEL":"5848-6683"}},{"id":648,"type":"Feature","geometry":{"type":"Polygon","coordinates":[[[4.9882006,52.3586095],[4.9881087,52.3582529],[4.9895963,52.3574431],[4.9889695,52.3573036],[4.987302,52.3581678],[4.9865253,52.3580461],[4.9866866,52.3567465],[4.9867323,52.3566551],[4.9893619,52.3552357],[4.9903317,52.355477],[4.9914408,52.3548839],[4.991918,52.3550359],[4.992211,52.3551028],[4.9925048,52.3550587],[4.992545,52.3550325],[4.9926881,52.3548531],[4.992765,52.3546737],[4.9927455,52.3544938],[4.9926385,52.3543138],[4.9925894,52.3542698],[4.9933672,52.353854],[4.9936902,52.3538223],[4.9939845,52.3537374],[4.994279,52.3536137],[4.9946435,52.3534216],[4.9954003,52.3528849],[4.9957551,52.3526804],[4.9963445,52.3524086],[4.9973451,52.3519926],[4.9981135,52.3515421],[4.998293,52.3514564],[4.9987025,52.3513244],[4.9995842,52.3511891],[4.9998783,52.3511278],[5.0001725,52.351042],[5.0004471,52.3509242],[5.0007136,52.3507452],[5.0010585,52.350415],[5.0013523,52.3502078],[5.0014031,52.35019],[5.0028145,52.350638],[5.0031268,52.3508314],[4.9929347,52.3562576],[4.9924956,52.3561144],[4.9922025,52.3560536],[4.9916162,52.3559576],[4.9910296,52.3558965],[4.9907361,52.3558916],[4.9903675,52.3559239],[4.9901483,52.3559613],[4.989854,52.3560568],[4.9897694,52.3561017],[4.9895845,52.3562808],[4.9895361,52.3564604],[4.9895511,52.3566401],[4.9895962,52.3568201],[4.9896745,52.3570001],[4.9899963,52.3575404],[4.9900566,52.3577895],[4.9884696,52.3586341],[4.9882006,52.3586095]]]},"properties":{"SELECTIE":5848,"LABEL":"5848-6683"}},{"id":649,"type":"Feature","geometry":{"type":"Polygon","coordinates":[[[4.9906328,52.3547231],[4.9902063,52.3549119],[4.9892835,52.3546976],[4.9894342,52.3545996],[4.9898666,52.354634],[4.9906328,52.3547231]]]},"properties":{"SELECTIE":5848,"LABEL":"5848-6683"}},{"id":650,"type":"Feature","geometry":{"type":"Polygon","coordinates":[[[4.9910634,52.3535392],[4.9914757,52.3532708],[4.9928103,52.3537584],[4.9922723,52.3539972],[4.9918664,52.3537719],[4.9913358,52.353591],[4.9910634,52.3535392]]]},"properties":{"SELECTIE":5848,"LABEL":"5848-6683"}},{"id":651,"type":"Feature","geometry":{"type":"Polygon","coordinates":[[[5.0103187,52.3513411],[5.0093269,52.3523231],[5.0019814,52.3500795],[5.0022357,52.3500862],[5.0037021,52.3502213],[5.0045761,52.3502184],[5.0048765,52.350195],[5.0054642,52.3501134],[5.0057919,52.3500427],[5.0066413,52.3497728],[5.0069354,52.3497184],[5.0072289,52.3497141],[5.0075221,52.3497553],[5.0078147,52.3498519],[5.0081068,52.3500399],[5.0083337,52.3502306],[5.0086893,52.3505714],[5.0089811,52.3507604],[5.0092735,52.3509064],[5.0103187,52.3513411]]]},"properties":{"SELECTIE":5848,"LABEL":"5848-6683"}},{"id":652,"type":"Feature","geometry":{"type":"Polygon","coordinates":[[[5.0118391,52.3498354],[5.0116305,52.3498876],[5.0113366,52.3499268],[5.0110431,52.3499177],[5.0107501,52.3498464],[5.0104579,52.3497067],[5.0096685,52.3491564],[5.0092901,52.3489529],[5.0087052,52.3486823],[5.0081197,52.3485126],[5.0078266,52.3484713],[5.0075332,52.3484575],[5.0072393,52.3484859],[5.006651,52.348651],[5.0063569,52.3486949],[5.0060635,52.3487001],[5.0057701,52.3486803],[5.0051839,52.3485877],[5.0045982,52.3484381],[5.0043057,52.3483029],[5.0042133,52.3482401],[5.0041024,52.3480599],[5.0041408,52.3478804],[5.0042794,52.347701],[5.0046065,52.3474644],[5.0051447,52.3471645],[5.0054272,52.3469858],[5.0056558,52.3467837],[5.0091003,52.3450493],[5.0145983,52.3471027],[5.0118391,52.3498354]]]},"properties":{"SELECTIE":5848,"LABEL":"5848-6683"}},{"id":653,"type":"Feature","geometry":{"type":"Polygon","coordinates":[[[5.0064403,52.3442915],[5.007581,52.3444062],[5.0063018,52.3453272],[5.0064196,52.3446522],[5.0064403,52.3442915]]]},"properties":{"SELECTIE":5848,"LABEL":"5848-6683"}},{"id":654,"type":"Feature","geometry":{"type":"Polygon","coordinates":[[[5.0126603,52.3533484],[5.0110501,52.352837],[5.011303,52.3524214],[5.0119161,52.3516828],[5.0124952,52.3517652],[5.012788,52.3518553],[5.0129721,52.3520428],[5.0129953,52.3522226],[5.0129679,52.3524023],[5.0129209,52.3525819],[5.0127119,52.3531204],[5.0126603,52.3533484]]]},"properties":{"SELECTIE":5848,"LABEL":"5848-6683"}},{"id":655,"type":"Feature","geometry":{"type":"Polygon","coordinates":[[[5.0159916,52.3502548],[5.0160318,52.3500913],[5.0163434,52.3497299],[5.0183995,52.350355],[5.0176448,52.3511655],[5.0171976,52.3510903],[5.0169045,52.3510192],[5.0166117,52.3509257],[5.0163149,52.3507959],[5.0161049,52.3506146],[5.0160125,52.3504346],[5.0159916,52.3502548]]]},"properties":{"SELECTIE":5848,"LABEL":"5848-6683"}},{"id":656,"type":"Feature","geometry":{"type":"MultiPolygon","coordinates":[[[[5.0369258,52.30157],[5.0372997,52.3012383],[5.0379608,52.300776],[5.0370083,52.3001337],[5.0369813,52.2999321],[5.0370967,52.2997922],[5.0370751,52.2991272],[5.0375991,52.2992708],[5.038151,52.2993693],[5.0384441,52.2993892],[5.0387375,52.2993559],[5.0389139,52.2992747],[5.039032,52.2992002],[5.0391251,52.2990956],[5.0392277,52.2989161],[5.0392667,52.2987365],[5.0392272,52.2985566],[5.0390382,52.2983865],[5.0387455,52.298327],[5.0384524,52.2983193],[5.0378658,52.2983528],[5.0375722,52.2983942],[5.0371402,52.2984891],[5.0373404,52.2978657],[5.0375135,52.2976559],[5.0377428,52.2975952],[5.0381677,52.2962387],[5.040652,52.2964825],[5.0434212,52.2968322],[5.0438513,52.296303],[5.0439142,52.2964132],[5.0440726,52.2965934],[5.0443296,52.296772],[5.0446206,52.2968705],[5.0449135,52.2969194],[5.0452066,52.2969342],[5.0454998,52.2969157],[5.0460812,52.2968003],[5.0453456,52.2974335],[5.0451848,52.2979148],[5.0471523,52.29849],[5.0469506,52.2986908],[5.0470211,52.2988225],[5.0499156,52.2996366],[5.0484066,52.3007625],[5.0471877,52.3013371],[5.0454686,52.3019017],[5.0435504,52.3023166],[5.041963,52.3024697],[5.0406768,52.3024923],[5.0387205,52.3022938],[5.0379332,52.3021769],[5.0375448,52.3019],[5.037253,52.3017285],[5.0369258,52.30157]],[[5.0410625,52.3020282],[5.0412456,52.3019777],[5.0413568,52.3018712],[5.0416514,52.3016939],[5.0422629,52.301801],[5.0425301,52.3018287],[5.0428233,52.3018197],[5.043117,52.3017573],[5.0433161,52.3016243],[5.0432883,52.3014444],[5.0431948,52.3012645],[5.0431352,52.3010845],[5.0431112,52.3009047],[5.0431823,52.3007252],[5.0433461,52.3005459],[5.0434695,52.3003665],[5.0434763,52.3001867],[5.0433143,52.3000065],[5.0431311,52.2999325],[5.0428382,52.2999095],[5.0425444,52.2999669],[5.042455,52.300004],[5.0422497,52.3001516],[5.0421178,52.3003625],[5.0420111,52.3007217],[5.0419296,52.3009014],[5.0416439,52.30126],[5.0415436,52.3014394],[5.041359,52.3015956],[5.041066,52.301565],[5.0404803,52.3014652],[5.040187,52.3014764],[5.0399204,52.3016144],[5.0399872,52.3017944],[5.0401835,52.3019357],[5.0402715,52.301975],[5.0404759,52.3020347],[5.040769,52.302063],[5.0410625,52.3020282]]]]},"properties":{"SELECTIE":5013,"LABEL":"5013-5848"}},{"id":657,"type":"Feature","geometry":{"type":"Polygon","coordinates":[[[5.0305823,52.3079112],[5.0310875,52.3078953],[5.031887,52.3079434],[5.0322158,52.3083083],[5.0325647,52.3087828],[5.0326681,52.3089629],[5.0329117,52.3095028],[5.0330839,52.3097775],[5.0333694,52.310045],[5.0335844,52.310186],[5.0324867,52.3101878],[5.0323708,52.3100405],[5.0322677,52.3098604],[5.0321083,52.3093207],[5.0320271,52.3091406],[5.0319172,52.3089775],[5.0316261,52.3087314],[5.0311341,52.3084189],[5.0307508,52.3081379],[5.0306712,52.3080581],[5.0305823,52.3079112]]]},"properties":{"SELECTIE":5013,"LABEL":"5013-5848"}},{"id":658,"type":"Feature","geometry":{"type":"Polygon","coordinates":[[[5.030588,52.3145289],[5.0306069,52.3143493],[5.030702,52.3141696],[5.0308766,52.3139905],[5.0310001,52.3138861],[5.0310785,52.3138114],[5.0317225,52.3132741],[5.0320881,52.3129157],[5.0323522,52.312557],[5.0325257,52.3121979],[5.0326767,52.3120187],[5.033187,52.3116607],[5.0333244,52.3114813],[5.0333499,52.3113016],[5.0332975,52.3111218],[5.0331903,52.3109417],[5.0330372,52.3107615],[5.0326208,52.3103384],[5.0338524,52.3103342],[5.0342512,52.3105093],[5.0345438,52.3106034],[5.0348365,52.3106717],[5.0351295,52.3107125],[5.0354225,52.3107325],[5.0359469,52.3107467],[5.0322827,52.3157482],[5.0309201,52.3155423],[5.0306212,52.3147088],[5.030588,52.3145289]]]},"properties":{"SELECTIE":5013,"LABEL":"5013-5848"}},{"id":659,"type":"Feature","geometry":{"type":"Polygon","coordinates":[[[5.0420379,52.3112478],[5.0412782,52.3115435],[5.0403345,52.3115845],[5.038029,52.312121],[5.0354432,52.3137516],[5.0341588,52.3134936],[5.0361315,52.3107576],[5.0363032,52.3107705],[5.0365949,52.3108245],[5.0368875,52.3109125],[5.0377647,52.3112542],[5.0380571,52.3113156],[5.0383507,52.3113343],[5.0386441,52.3113122],[5.0389378,52.3112549],[5.0392318,52.3111588],[5.0396044,52.3109606],[5.0401152,52.3106025],[5.0402677,52.310539],[5.0420379,52.3112478]]]},"properties":{"SELECTIE":5013,"LABEL":"5013-5848"}},{"id":660,"type":"Feature","geometry":{"type":"Polygon","coordinates":[[[5.0466746,52.3104692],[5.0456127,52.3110655],[5.0453417,52.3109947],[5.0424292,52.3124054],[5.0409638,52.3133648],[5.0402603,52.3137656],[5.0395001,52.3140964],[5.0383232,52.3146974],[5.0370749,52.3152982],[5.0353682,52.3160204],[5.0349243,52.316124],[5.0347083,52.3145115],[5.0384841,52.3124202],[5.0419221,52.3114316],[5.0430562,52.3108128],[5.0439053,52.3100444],[5.0442476,52.310133],[5.0443909,52.3101071],[5.0453602,52.3104517],[5.045576,52.3102419],[5.0464468,52.3103934],[5.0467207,52.3100876],[5.0470194,52.3100188],[5.0468639,52.3102477],[5.0466746,52.3104692]]]},"properties":{"SELECTIE":5013,"LABEL":"5013-5848"}},{"id":661,"type":"Feature","geometry":{"type":"Polygon","coordinates":[[[5.036942,52.3166023],[5.0410671,52.3147843],[5.0416207,52.3153028],[5.0420572,52.3161362],[5.0419673,52.3161547],[5.0412474,52.3159716],[5.0409544,52.3159251],[5.0406613,52.3159125],[5.0403678,52.3159342],[5.0400741,52.3159883],[5.0388986,52.3162798],[5.0386047,52.3163324],[5.0377239,52.3164501],[5.036942,52.3166023]]]},"properties":{"SELECTIE":5013,"LABEL":"5013-5848"}},{"id":662,"type":"Feature","geometry":{"type":"Polygon","coordinates":[[[5.0383843,52.3025717],[5.040718,52.3027026],[5.0427478,52.3026385],[5.0420831,52.3034438],[5.041052,52.3033662],[5.0395862,52.3033241],[5.0392933,52.3032933],[5.0390009,52.3031698],[5.0387097,52.3029053],[5.0383843,52.3025717]]]},"properties":{"SELECTIE":5013,"LABEL":"5013-5848"}},{"id":663,"type":"Feature","geometry":{"type":"Polygon","coordinates":[[[5.0430614,52.3093328],[5.0432797,52.3096134],[5.0437769,52.310009],[5.0428559,52.3108386],[5.042425,52.3110913],[5.0419533,52.3110899],[5.0404244,52.3104765],[5.040704,52.3104132],[5.0409975,52.3103918],[5.0412904,52.310445],[5.0418752,52.3106402],[5.0421684,52.3106571],[5.0422551,52.3106089],[5.0424051,52.3104295],[5.0424571,52.31025],[5.0424421,52.3098904],[5.0424787,52.3097108],[5.0426305,52.3095315],[5.0427643,52.3094524],[5.0430614,52.3093328]]]},"properties":{"SELECTIE":5013,"LABEL":"5013-5848"}},{"id":664,"type":"Feature","geometry":{"type":"Polygon","coordinates":[[[5.04666,52.3151373],[5.0426017,52.3159802],[5.042108,52.3151202],[5.0415122,52.3145316],[5.0466309,52.3124789],[5.0473462,52.312402],[5.0478024,52.3125611],[5.0480148,52.3128157],[5.0483179,52.3146372],[5.0479473,52.3147596],[5.0468272,52.3150753],[5.04666,52.3151373]]]},"properties":{"SELECTIE":5013,"LABEL":"5013-5848"}},{"id":665,"type":"Feature","geometry":{"type":"Polygon","coordinates":[[[5.0427333,52.3163224],[5.0437016,52.3160797],[5.0438716,52.3164127],[5.0435905,52.3164155],[5.0432972,52.3163974],[5.0427333,52.3163224]]]},"properties":{"SELECTIE":5013,"LABEL":"5013-5848"}},{"id":666,"type":"Feature","geometry":{"type":"Polygon","coordinates":[[[5.0441201,52.303375],[5.0437618,52.3026851],[5.0469844,52.3017746],[5.0524345,52.3029203],[5.051943,52.3032675],[5.0514708,52.3030856],[5.0508716,52.3029043],[5.0495616,52.3025903],[5.048976,52.3024616],[5.0486832,52.3024115],[5.0480973,52.3023459],[5.0478041,52.3023328],[5.0472175,52.302358],[5.0469239,52.3023883],[5.0466304,52.3024391],[5.0460425,52.3026289],[5.0445718,52.3032319],[5.0441201,52.303375]]]},"properties":{"SELECTIE":5013,"LABEL":"5013-5848"}},{"id":667,"type":"Feature","geometry":{"type":"Polygon","coordinates":[[[5.0558891,52.299413],[5.0554181,52.2995033],[5.0546013,52.2998077],[5.0539411,52.3001913],[5.0534087,52.3007067],[5.0530587,52.3016166],[5.0528683,52.302247],[5.0526219,52.3027193],[5.0524211,52.3028151],[5.0481412,52.301848],[5.050341,52.300076],[5.0507168,52.2995075],[5.0523706,52.3000116],[5.0543568,52.2981162],[5.0554542,52.2987829],[5.0554529,52.2989625],[5.0557448,52.2991432],[5.0557434,52.2993229],[5.0558891,52.299413]]]},"properties":{"SELECTIE":5013,"LABEL":"5013-5848"}},{"id":668,"type":"Feature","geometry":{"type":"Polygon","coordinates":[[[5.0490479,52.3183578],[5.049061,52.3181781],[5.0491156,52.3179985],[5.0493271,52.3176395],[5.049444,52.3175189],[5.050317,52.3173203],[5.0501705,52.3174622],[5.0500305,52.3176401],[5.0499569,52.3178211],[5.0499509,52.3180009],[5.0500304,52.3181081],[5.0501151,52.3181811],[5.0503226,52.3182705],[5.0506154,52.3183478],[5.0517877,52.3184911],[5.052374,52.3185172],[5.0526674,52.3185035],[5.0529611,52.3184672],[5.0533543,52.31837],[5.0535491,52.3182871],[5.0538347,52.3181227],[5.0540917,52.3182386],[5.0545259,52.318528],[5.054133,52.3186529],[5.0538392,52.3187137],[5.0537973,52.318719],[5.0537385,52.3187306],[5.053252,52.3187886],[5.0526651,52.3188264],[5.0520782,52.3188462],[5.0519545,52.3188459],[5.0517849,52.3188506],[5.0506116,52.3188427],[5.0503184,52.3188332],[5.049732,52.3187821],[5.049437,52.3187187],[5.0491455,52.3185463],[5.0491312,52.3185377],[5.0490479,52.3183578]]]},"properties":{"SELECTIE":5013,"LABEL":"5013-5848"}},{"id":669,"type":"Feature","geometry":{"type":"Polygon","coordinates":[[[4.9542462,52.3207942],[4.9559797,52.3213347],[4.9561382,52.3216515],[4.95625,52.3220114],[4.9563566,52.3221916],[4.9561277,52.3221908],[4.955836,52.3220099],[4.9552493,52.3220079],[4.9549576,52.3218271],[4.9546628,52.3220057],[4.9546639,52.3218716],[4.9544137,52.3216453],[4.9543157,52.3214651],[4.9543007,52.3211056],[4.9542462,52.3207942]]]},"properties":{"SELECTIE":3342,"LABEL":"3342-4177"}},{"id":670,"type":"Feature","geometry":{"type":"Polygon","coordinates":[[[4.9773277,52.3049384],[4.9769733,52.3055478],[4.9769031,52.3057272],[4.9768103,52.3060974],[4.9766578,52.3062656],[4.9765148,52.3063607],[4.976222,52.3062956],[4.9759304,52.3061271],[4.9756379,52.305903],[4.9754795,52.3057223],[4.9753389,52.3055972],[4.9758306,52.3054518],[4.9766749,52.3053316],[4.977079,52.3050296],[4.9773277,52.3049384]]]},"properties":{"SELECTIE":3342,"LABEL":"3342-4177"}},{"id":671,"type":"Feature","geometry":{"type":"Polygon","coordinates":[[[4.954487,52.3199549],[4.9546835,52.3198594],[4.9549771,52.319832],[4.9552699,52.31988],[4.9555622,52.3200024],[4.9558015,52.3202123],[4.9559036,52.3203924],[4.9559509,52.3205723],[4.9559909,52.3208934],[4.9555515,52.3209297],[4.9552968,52.3208504],[4.9555551,52.3205615],[4.9550323,52.3204344],[4.9546,52.3202056],[4.954487,52.3199549]]]},"properties":{"SELECTIE":3342,"LABEL":"3342-4177"}},{"id":672,"type":"Feature","geometry":{"type":"Polygon","coordinates":[[[4.9090242,52.3597944],[4.9108256,52.3568307],[4.9110523,52.3567107],[4.9112582,52.3565318],[4.911367,52.3563524],[4.9113906,52.3561727],[4.9113429,52.3559795],[4.9125697,52.3539608],[4.9126666,52.3539577],[4.9129607,52.3539019],[4.9132554,52.3537903],[4.9134561,52.3536645],[4.9136412,52.3534855],[4.9137489,52.3533062],[4.9137935,52.3531899],[4.9139953,52.3531373],[4.9147699,52.3541321],[4.9153856,52.3547056],[4.9158251,52.3549177],[4.9174227,52.3554449],[4.9244604,52.3574342],[4.9243309,52.357662],[4.9243063,52.3578416],[4.9243587,52.3580216],[4.9244876,52.3582018],[4.924725,52.3583825],[4.9255501,52.3587452],[4.9256851,52.3589256],[4.9257354,52.3591285],[4.9251955,52.3599931],[4.9173231,52.3580496],[4.9159076,52.360138],[4.9156112,52.3606507],[4.9143563,52.3606935],[4.9140628,52.3606885],[4.9134761,52.3606356],[4.9131825,52.360642],[4.9130819,52.3606734],[4.9128869,52.3608209],[4.9128339,52.3609859],[4.9123634,52.3609487],[4.9119388,52.3608061],[4.9115729,52.3605789],[4.910992,52.3599632],[4.9102422,52.3600942],[4.9101306,52.3600938],[4.9099599,52.359985],[4.9096677,52.3598567],[4.9093748,52.3597865],[4.9090813,52.3597782],[4.9090242,52.3597944]]]},"properties":{"SELECTIE":8354,"LABEL":"8354-10025"}},{"id":673,"type":"Feature","geometry":{"type":"Polygon","coordinates":[[[4.831768,52.378352],[4.8357335,52.3777276],[4.8358431,52.377745],[4.8363361,52.3789745],[4.8322911,52.3796114],[4.8318784,52.378656],[4.831768,52.378352]]]},"properties":{"SELECTIE":8354,"LABEL":"8354-10025"}},{"id":674,"type":"Feature","geometry":{"type":"Polygon","coordinates":[[[4.832368,52.3798151],[4.8364711,52.3791686],[4.8368566,52.3800897],[4.8365902,52.3804755],[4.8365291,52.380655],[4.836533,52.3808347],[4.8366295,52.3810149],[4.836841,52.3811956],[4.837176,52.3813588],[4.8374283,52.3814549],[4.8379521,52.3827061],[4.8381033,52.3826983],[4.8382537,52.3827495],[4.8382178,52.3845399],[4.8370302,52.3845083],[4.8369777,52.3840724],[4.8369266,52.3838924],[4.8368348,52.3837122],[4.8366845,52.3835317],[4.8365628,52.3834313],[4.8359265,52.3829889],[4.8357249,52.3828083],[4.8355659,52.3826277],[4.835444,52.3824475],[4.8353616,52.3822673],[4.8352554,52.3819074],[4.8351274,52.3817269],[4.8348109,52.3815458],[4.8345313,52.3814431],[4.8336534,52.3811717],[4.8332303,52.3809991],[4.8328412,52.3808175],[4.8326663,52.380637],[4.832368,52.3798151]]]},"properties":{"SELECTIE":8354,"LABEL":"8354-10025"}},{"id":675,"type":"Feature","geometry":{"type":"Polygon","coordinates":[[[4.8371049,52.3569303],[4.8371238,52.3567506],[4.8371948,52.3565925],[4.8372042,52.3565712],[4.8373011,52.3564562],[4.8379574,52.3556759],[4.8381497,52.3554971],[4.8383974,52.3553185],[4.838674,52.3551732],[4.838726,52.3551554],[4.8387564,52.3551404],[4.838969,52.3550723],[4.8392633,52.3550188],[4.8395571,52.3549982],[4.8398505,52.3550014],[4.8406055,52.3550653],[4.8404488,52.3577512],[4.8395228,52.3577649],[4.8392294,52.357757],[4.8389366,52.3576988],[4.838776,52.3576571],[4.8382519,52.3574749],[4.8372494,52.3571107],[4.8371829,52.3570661],[4.8371049,52.3569303]]]},"properties":{"SELECTIE":8354,"LABEL":"8354-10025"}},{"id":676,"type":"Feature","geometry":{"type":"Polygon","coordinates":[[[4.8441092,52.3830476],[4.8440042,52.3834486],[4.8398416,52.3833796],[4.8393617,52.3821014],[4.8398557,52.3822881],[4.8406848,52.3826752],[4.8409774,52.3827709],[4.8418564,52.3829511],[4.8421081,52.3830175],[4.8427326,52.3833604],[4.8428098,52.3833802],[4.8430256,52.3834194],[4.8433201,52.3833547],[4.8441092,52.3830476]]]},"properties":{"SELECTIE":8354,"LABEL":"8354-10025"}},{"id":677,"type":"Feature","geometry":{"type":"Polygon","coordinates":[[[4.8413547,52.3781632],[4.8408046,52.3774392],[4.8406355,52.3772586],[4.8401685,52.3768824],[4.840055,52.3767167],[4.8400415,52.3765369],[4.8401752,52.3763371],[4.840467,52.3761788],[4.8410606,52.3759857],[4.8413571,52.375826],[4.841407,52.3757586],[4.8426371,52.37556],[4.8435854,52.3778036],[4.8413547,52.3781632]]]},"properties":{"SELECTIE":8354,"LABEL":"8354-10025"}},{"id":678,"type":"Feature","geometry":{"type":"Polygon","coordinates":[[[4.8422124,52.3745518],[4.8425428,52.3752909],[4.8415584,52.3754419],[4.8416699,52.3751064],[4.8417718,52.3749271],[4.8419575,52.3747062],[4.8422124,52.3745518]]]},"properties":{"SELECTIE":8354,"LABEL":"8354-10025"}},{"id":679,"type":"Feature","geometry":{"type":"Polygon","coordinates":[[[4.842804,52.346789],[4.8454325,52.3468131],[4.8454056,52.3481434],[4.845199,52.3483393],[4.8449965,52.348698],[4.8449234,52.3488773],[4.8446934,52.349775],[4.8446858,52.3499548],[4.8447304,52.3501348],[4.8448328,52.350315],[4.8449936,52.3504955],[4.8453521,52.3507876],[4.8453381,52.3514772],[4.8428681,52.3514545],[4.8427972,52.3512029],[4.8429447,52.3508456],[4.8430646,52.3503069],[4.8431028,52.3497678],[4.8430749,52.3486892],[4.8431974,52.3479707],[4.8431704,52.3475893],[4.842885,52.3469262],[4.842804,52.346789]]]},"properties":{"SELECTIE":8354,"LABEL":"8354-10025"}},{"id":680,"type":"Feature","geometry":{"type":"Polygon","coordinates":[[[4.8486885,52.3578843],[4.8438119,52.3578414],[4.8431828,52.3577074],[4.8431959,52.3575697],[4.8430568,52.356038],[4.8428758,52.355182],[4.8428843,52.3547483],[4.8429779,52.3549801],[4.8430783,52.355113],[4.8431499,52.3551606],[4.84337,52.3552725],[4.8436629,52.3553365],[4.8438007,52.3553504],[4.8437944,52.3555931],[4.8469117,52.3556074],[4.847182,52.3556435],[4.8474748,52.3557104],[4.847767,52.355818],[4.8479039,52.3559013],[4.8480583,52.3560114],[4.8483151,52.3562627],[4.8486965,52.3567107],[4.8486885,52.3578843]]]},"properties":{"SELECTIE":8354,"LABEL":"8354-10025"}},{"id":681,"type":"Feature","geometry":{"type":"Polygon","coordinates":[[[4.8429124,52.3533346],[4.8429346,52.35221],[4.8437232,52.3522136],[4.8438354,52.3522349],[4.8438792,52.3523316],[4.843875,52.3524962],[4.8436969,52.3525425],[4.8434021,52.3526624],[4.8431759,52.3528239],[4.8431057,52.3528874],[4.8430364,52.3530031],[4.8429124,52.3533346]]]},"properties":{"SELECTIE":8354,"LABEL":"8354-10025"}},{"id":682,"type":"Feature","geometry":{"type":"Polygon","coordinates":[[[4.8432164,52.374392],[4.8437241,52.3743555],[4.8440183,52.3743035],[4.8443136,52.3741775],[4.8444721,52.3740407],[4.8445954,52.3738615],[4.8446754,52.3735024],[4.8446814,52.3731429],[4.8446351,52.3726035],[4.8445581,52.3723589],[4.8457479,52.3723983],[4.8467645,52.3725299],[4.8474059,52.3725607],[4.8473771,52.3726159],[4.8473625,52.3727956],[4.8473825,52.3729755],[4.8474551,52.3731555],[4.8475549,52.3732841],[4.847847,52.3734287],[4.8481406,52.3734299],[4.848354,52.3733691],[4.8472487,52.375327],[4.8463851,52.3751439],[4.8455448,52.3750505],[4.8446183,52.3750351],[4.8434645,52.3751492],[4.8432164,52.374392]]]},"properties":{"SELECTIE":8354,"LABEL":"8354-10025"}},{"id":683,"type":"Feature","geometry":{"type":"Polygon","coordinates":[[[4.8447007,52.3776205],[4.8445352,52.377645],[4.8435485,52.3754294],[4.8444206,52.3753416],[4.8452277,52.3753191],[4.8464971,52.3754341],[4.8471607,52.3755633],[4.8462572,52.3771819],[4.8460395,52.3771509],[4.8457454,52.3771817],[4.8454507,52.3772576],[4.8451557,52.3773767],[4.8447007,52.3776205]]]},"properties":{"SELECTIE":8354,"LABEL":"8354-10025"}},{"id":684,"type":"Feature","geometry":{"type":"Polygon","coordinates":[[[4.8457693,52.3520783],[4.8457794,52.3516645],[4.8502841,52.3516849],[4.8503171,52.3517472],[4.8502919,52.3531147],[4.8501477,52.3531556],[4.8498535,52.3532075],[4.8495599,52.353215],[4.8492669,52.3531717],[4.8487126,52.3530289],[4.8484877,52.3528481],[4.8483935,52.3526634],[4.8482072,52.3524874],[4.8481018,52.3524142],[4.8478092,52.3523379],[4.847515,52.3523952],[4.8472204,52.3524794],[4.846927,52.3524657],[4.8466348,52.3523536],[4.8461346,52.3521185],[4.8460508,52.3520959],[4.8457693,52.3520783]]]},"properties":{"SELECTIE":8354,"LABEL":"8354-10025"}},{"id":685,"type":"Feature","geometry":{"type":"Polygon","coordinates":[[[4.8458337,52.3479258],[4.8458404,52.3472637],[4.846414,52.347203],[4.8467703,52.3472391],[4.8474417,52.3479128],[4.8466884,52.3479468],[4.8463949,52.3479444],[4.8461016,52.3479196],[4.8458337,52.3479258]]]},"properties":{"SELECTIE":8354,"LABEL":"8354-10025"}},{"id":686,"type":"Feature","geometry":{"type":"Polygon","coordinates":[[[4.849375,52.3500979],[4.8493293,52.3515414],[4.8457983,52.3514908],[4.8458023,52.3510907],[4.8460617,52.3511987],[4.8463548,52.3512371],[4.8469429,52.3511633],[4.847237,52.35111],[4.8475315,52.3510319],[4.8478256,52.3509895],[4.8481195,52.3509655],[4.848413,52.3508704],[4.8486419,52.3506918],[4.8487165,52.3505124],[4.8486072,52.3499727],[4.8484239,52.3496122],[4.8484003,52.3494324],[4.848454,52.3492529],[4.8485823,52.3490579],[4.8492109,52.3496889],[4.8493398,52.3498965],[4.849375,52.3500979]]]},"properties":{"SELECTIE":8354,"LABEL":"8354-10025"}},{"id":687,"type":"Feature","geometry":{"type":"MultiPolygon","coordinates":[[[[4.847651,52.3478907],[4.8462813,52.3464794],[4.8459363,52.34624],[4.8459401,52.3459319],[4.8462336,52.3459332],[4.8462402,52.3453939],[4.8465336,52.3453952],[4.8465358,52.3452156],[4.8468293,52.3452168],[4.8468315,52.3450371],[4.8485925,52.3450452],[4.8485903,52.3452249],[4.8488838,52.3452262],[4.8488817,52.345406],[4.849175,52.3454072],[4.8491685,52.3459466],[4.849462,52.3459479],[4.8494533,52.3466668],[4.8499975,52.3466693],[4.8500395,52.3467463],[4.8500382,52.3468493],[4.8501676,52.3468499],[4.8502989,52.3469577],[4.8503296,52.3470302],[4.8503504,52.3470304],[4.8505426,52.347284],[4.8502206,52.3471279],[4.8499272,52.3471166],[4.849633,52.3471739],[4.8493383,52.3472634],[4.8490435,52.3473801],[4.8481579,52.3477866],[4.8478635,52.3478593],[4.847651,52.3478907]]],[[[4.8486611,52.3489441],[4.8488286,52.3487155],[4.8490296,52.3485184],[4.849718,52.3481802],[4.8500013,52.3480017],[4.8504988,52.3476444],[4.8506136,52.3474652],[4.8505426,52.347284],[4.8510634,52.3479408],[4.851218,52.3482615],[4.8519429,52.3505055],[4.8516457,52.3506484],[4.8513519,52.3506766],[4.8510588,52.3506341],[4.8507663,52.3505601],[4.8504733,52.3505074],[4.8501707,52.3505182],[4.8498847,52.3506355],[4.8497801,52.350697],[4.8497281,52.3508765],[4.8497642,52.3509178],[4.8495643,52.3509133],[4.8495601,52.3500061],[4.8494902,52.3498159],[4.8486611,52.3489441]]]]},"properties":{"SELECTIE":8354,"LABEL":"8354-10025"}},{"id":688,"type":"Feature","geometry":{"type":"Polygon","coordinates":[[[4.8455145,52.3844269],[4.8455308,52.3836304],[4.8467714,52.3836362],[4.847371,52.3834514],[4.8496573,52.3824682],[4.8503673,52.382031],[4.8500233,52.3819685],[4.8461603,52.3818724],[4.8462023,52.3817779],[4.8462277,52.3815984],[4.8461938,52.3812387],[4.8460838,52.3808787],[4.845727,52.380158],[4.8456682,52.379978],[4.8456707,52.3797982],[4.8457567,52.3796189],[4.8459182,52.3794399],[4.8461395,52.3792611],[4.846886,52.3787253],[4.8470667,52.3785464],[4.8471973,52.3783258],[4.8520848,52.3792926],[4.8525796,52.3795433],[4.854388,52.3807276],[4.8513341,52.3825039],[4.8474309,52.3841874],[4.8472587,52.3844865],[4.8471779,52.3848423],[4.8461663,52.3848302],[4.8455145,52.3844269]]]},"properties":{"SELECTIE":8354,"LABEL":"8354-10025"}},{"id":689,"type":"Feature","geometry":{"type":"MultiPolygon","coordinates":[[[[4.8466571,52.3773732],[4.8475906,52.375647],[4.8525943,52.3766722],[4.8526945,52.3766552],[4.8528102,52.3765202],[4.8538877,52.3766461],[4.8538013,52.3769644],[4.8529999,52.3769375],[4.8524135,52.3780565],[4.8550571,52.3785965],[4.8552367,52.3782607],[4.8542617,52.3780602],[4.8546823,52.3767389],[4.8550278,52.3767792],[4.8557195,52.374462],[4.8584219,52.3747755],[4.8576939,52.3771407],[4.857472,52.3777908],[4.8572528,52.3782051],[4.8569616,52.3786713],[4.8566498,52.379072],[4.855972,52.3797071],[4.8557012,52.3797342],[4.8555224,52.3798428],[4.8554813,52.3800223],[4.8555107,52.3800415],[4.8553731,52.3801412],[4.8546181,52.3805835],[4.8525628,52.3792765],[4.8521652,52.3790999],[4.8474356,52.3781259],[4.8472042,52.3780284],[4.8471023,52.3778276],[4.8469549,52.3776471],[4.8466571,52.3773732]],[[4.8517247,52.3774889],[4.8517063,52.3773092],[4.8516186,52.3772795],[4.8513254,52.3772322],[4.8510314,52.3772545],[4.8508465,52.3773053],[4.8508103,52.3774848],[4.8510276,52.3775708],[4.851321,52.3776038],[4.8516155,52.3775334],[4.8517247,52.3774889]]]]},"properties":{"SELECTIE":8354,"LABEL":"8354-10025"}},{"id":690,"type":"Feature","geometry":{"type":"Polygon","coordinates":[[[4.8474657,52.372446],[4.8469882,52.3723143],[4.8482058,52.3699312],[4.8486006,52.3698503],[4.8500369,52.3701052],[4.8487959,52.3726155],[4.8485452,52.3726221],[4.8484455,52.3725094],[4.8481539,52.3723351],[4.8478611,52.3722705],[4.8475665,52.3723357],[4.8474657,52.372446]]]},"properties":{"SELECTIE":8354,"LABEL":"8354-10025"}},{"id":691,"type":"Feature","geometry":{"type":"Polygon","coordinates":[[[4.850045,52.3730469],[4.8484971,52.3755685],[4.8476746,52.3753983],[4.8489773,52.372865],[4.850045,52.3730469]]]},"properties":{"SELECTIE":8354,"LABEL":"8354-10025"}},{"id":692,"type":"Feature","geometry":{"type":"Polygon","coordinates":[[[4.8554505,52.3815196],[4.8553096,52.3849961],[4.8476372,52.3848679],[4.8476738,52.3844056],[4.8476914,52.3843251],[4.8477641,52.3842504],[4.8515859,52.3825801],[4.8545857,52.3808456],[4.8553382,52.3813129],[4.8554505,52.3815196]]]},"properties":{"SELECTIE":8354,"LABEL":"8354-10025"}},{"id":693,"type":"Feature","geometry":{"type":"Polygon","coordinates":[[[4.8476752,52.3859064],[4.8477117,52.3857338],[4.8477169,52.3853094],[4.8563497,52.3854496],[4.8563467,52.3857093],[4.8533935,52.3859051],[4.8499009,52.3861998],[4.8481274,52.3862822],[4.8476752,52.3859064]]]},"properties":{"SELECTIE":8354,"LABEL":"8354-10025"}},{"id":694,"type":"Feature","geometry":{"type":"Polygon","coordinates":[[[4.8500704,52.3578345],[4.8500515,52.3578767],[4.8491057,52.3578517],[4.8491098,52.3572892],[4.8492155,52.3574173],[4.8495065,52.3576433],[4.8497985,52.357768],[4.8500704,52.3578345]]]},"properties":{"SELECTIE":8354,"LABEL":"8354-10025"}},{"id":695,"type":"Feature","geometry":{"type":"Polygon","coordinates":[[[4.8530431,52.3643689],[4.8530082,52.3657129],[4.8514936,52.3690251],[4.8513069,52.3690655],[4.850866,52.3689974],[4.8506831,52.3690198],[4.8505865,52.3690837],[4.8501797,52.3699392],[4.8490058,52.3697221],[4.8493626,52.3695408],[4.8502518,52.3688439],[4.8507613,52.368497],[4.8509881,52.3683182],[4.851849,52.3674234],[4.8519888,52.3672442],[4.8520346,52.3671199],[4.8520493,52.3670648],[4.8520286,52.3668848],[4.8519163,52.3667047],[4.8517176,52.366524],[4.8514564,52.3663584],[4.8511644,52.3662246],[4.8508721,52.3661255],[4.8505792,52.3660553],[4.8501227,52.365982],[4.8504036,52.3653795],[4.8504349,52.3643456],[4.8530431,52.3643689]]]},"properties":{"SELECTIE":8354,"LABEL":"8354-10025"}},{"id":696,"type":"Feature","geometry":{"type":"Polygon","coordinates":[[[4.8494476,52.360341],[4.8494494,52.3601809],[4.8491239,52.3601795],[4.8491631,52.3587799],[4.8529798,52.3588515],[4.8531118,52.3589427],[4.8531547,52.3590743],[4.8531648,52.3594639],[4.8531175,52.3612233],[4.8529218,52.3611368],[4.8524036,52.3609537],[4.8521097,52.3608832],[4.8512304,52.3607487],[4.8509376,52.3606823],[4.8503532,52.3604612],[4.8500606,52.3603727],[4.8497675,52.3603319],[4.8494476,52.360341]]]},"properties":{"SELECTIE":8354,"LABEL":"8354-10025"}},{"id":697,"type":"Feature","geometry":{"type":"MultiPolygon","coordinates":[[[[4.856296,52.371338],[4.855409,52.3742342],[4.85508,52.3742046],[4.854874,52.3741427],[4.8532506,52.3735074],[4.8525788,52.3733404],[4.8494383,52.3727872],[4.8491103,52.3726873],[4.8503894,52.3701248],[4.8552222,52.3709675],[4.8559756,52.3712166],[4.856296,52.371338]],[[4.8550746,52.3740887],[4.8551819,52.3740489],[4.8552723,52.3739098],[4.8552907,52.3737302],[4.8551884,52.3735082],[4.8548956,52.3734213],[4.8547885,52.3735482],[4.8547154,52.3737276],[4.854721,52.3739074],[4.8548127,52.3740876],[4.8548872,52.3741315],[4.8550746,52.3740887]]]]},"properties":{"SELECTIE":8354,"LABEL":"8354-10025"}},{"id":698,"type":"Feature","geometry":{"type":"Polygon","coordinates":[[[4.8507239,52.3632378],[4.849679,52.363226],[4.8497232,52.3618051],[4.8498124,52.3618418],[4.8499709,52.3620222],[4.8500604,52.3625619],[4.8501667,52.3627422],[4.850514,52.3631032],[4.8507239,52.3632378]]]},"properties":{"SELECTIE":8354,"LABEL":"8354-10025"}},{"id":699,"type":"Feature","geometry":{"type":"Polygon","coordinates":[[[4.8530484,52.3641479],[4.8502185,52.3641124],[4.8502344,52.363668],[4.8502464,52.3635577],[4.8502733,52.3635222],[4.8503477,52.3635095],[4.851388,52.3634961],[4.8514908,52.3635171],[4.8518152,52.3635111],[4.8530544,52.3636515],[4.8530484,52.3641479]]]},"properties":{"SELECTIE":8354,"LABEL":"8354-10025"}},{"id":700,"type":"Feature","geometry":{"type":"Polygon","coordinates":[[[4.8504972,52.3512134],[4.8507582,52.3512219],[4.8513455,52.3511986],[4.8516382,52.3512669],[4.8519236,52.351427],[4.8521158,52.3516063],[4.8522291,52.3517865],[4.8522514,52.3519664],[4.8522145,52.3521624],[4.8521023,52.3523252],[4.851917,52.3524888],[4.8515918,52.3526824],[4.851112,52.35286],[4.8504811,52.35306],[4.8504972,52.3512134]]]},"properties":{"SELECTIE":8354,"LABEL":"8354-10025"}},{"id":701,"type":"Feature","geometry":{"type":"Polygon","coordinates":[[[4.8545677,52.370711],[4.8512666,52.3701474],[4.8525531,52.3674217],[4.8525309,52.3673658],[4.8532862,52.3657018],[4.8533137,52.3643623],[4.8555302,52.3643688],[4.8566999,52.3647333],[4.8578952,52.3648259],[4.857788,52.3654487],[4.8576341,52.365438],[4.8573402,52.3654595],[4.8570454,52.3655478],[4.8565598,52.3658267],[4.8564543,52.3658724],[4.8561314,52.3660046],[4.8555697,52.3661758],[4.8551373,52.3663596],[4.8548832,52.3665382],[4.8547484,52.3667175],[4.8546631,52.3668967],[4.8543478,52.3677941],[4.8543092,52.3679737],[4.8543169,52.3681534],[4.8543677,52.3683344],[4.8548816,52.3692345],[4.8548982,52.3694143],[4.8548325,52.3695938],[4.8546798,52.3697729],[4.8544808,52.3699517],[4.8543481,52.3701048],[4.8542885,52.3703103],[4.8543431,52.3705217],[4.8545001,52.3706708],[4.8545677,52.370711]]]},"properties":{"SELECTIE":8354,"LABEL":"8354-10025"}},{"id":702,"type":"Feature","geometry":{"type":"Polygon","coordinates":[[[4.8573698,52.3460138],[4.8572884,52.3472471],[4.8536555,52.3467388],[4.853191,52.3466137],[4.8528233,52.3464841],[4.8523765,52.3462214],[4.8520587,52.3459248],[4.8518687,52.3456927],[4.8517193,52.3454362],[4.8516732,52.3452589],[4.8519225,52.3445614],[4.8560196,52.3451265],[4.8559937,52.3451526],[4.856022,52.3453325],[4.8565752,52.3455147],[4.856697,52.3455376],[4.856989,52.3456476],[4.8572771,52.3458783],[4.8573698,52.3460138]]]},"properties":{"SELECTIE":8354,"LABEL":"8354-10025"}},{"id":703,"type":"Feature","geometry":{"type":"Polygon","coordinates":[[[4.8523462,52.3501819],[4.8519332,52.3489654],[4.8532309,52.349268],[4.8531293,52.3493244],[4.8527071,52.3498115],[4.8523462,52.3501819]]]},"properties":{"SELECTIE":8354,"LABEL":"8354-10025"}},{"id":704,"type":"Feature","geometry":{"type":"Polygon","coordinates":[[[4.853069,52.3630214],[4.853058,52.3634269],[4.852427,52.3633409],[4.8526686,52.3632362],[4.853069,52.3630214]]]},"properties":{"SELECTIE":8354,"LABEL":"8354-10025"}},{"id":705,"type":"Feature","geometry":{"type":"Polygon","coordinates":[[[4.8571699,52.3643319],[4.8571407,52.3645653],[4.8566956,52.3645373],[4.8556611,52.3641823],[4.8533506,52.3641362],[4.8533562,52.3636755],[4.8537216,52.3636998],[4.8553353,52.3639408],[4.855637,52.3639746],[4.8565608,52.3642935],[4.8571699,52.3643319]]]},"properties":{"SELECTIE":8354,"LABEL":"8354-10025"}},{"id":706,"type":"Feature","geometry":{"type":"Polygon","coordinates":[[[4.8543859,52.3575484],[4.8546132,52.3578381],[4.8538121,52.3580692],[4.8534325,52.3580594],[4.8539073,52.3578838],[4.8541871,52.3577272],[4.8543859,52.3575484]]]},"properties":{"SELECTIE":8354,"LABEL":"8354-10025"}},{"id":707,"type":"Feature","geometry":{"type":"Polygon","coordinates":[[[4.8533782,52.3628577],[4.853555,52.3627766],[4.8538497,52.3626873],[4.8541437,52.3626464],[4.8544374,52.3626516],[4.8553171,52.3627375],[4.8556102,52.3627962],[4.8559022,52.3629226],[4.8561737,52.3631287],[4.8563398,52.3633092],[4.856482,52.3635421],[4.8567718,52.3638737],[4.8570655,52.3638665],[4.8573601,52.3637807],[4.8576534,52.3638046],[4.8579458,52.3639165],[4.8581758,52.3640349],[4.8580951,52.3640958],[4.8580197,52.3641896],[4.8568812,52.3640904],[4.8566592,52.3640473],[4.8557725,52.3637383],[4.8533747,52.3634615],[4.8533782,52.3628577]]]},"properties":{"SELECTIE":8354,"LABEL":"8354-10025"}},{"id":708,"type":"Feature","geometry":{"type":"Polygon","coordinates":[[[4.8534363,52.3614029],[4.8535089,52.3593411],[4.8536101,52.3588549],[4.8537087,52.3585958],[4.8538067,52.3583723],[4.8539508,52.3582854],[4.8539672,52.3582465],[4.8547277,52.358013],[4.8562658,52.3599057],[4.8561545,52.3600729],[4.8559337,52.3602919],[4.8554529,52.3606089],[4.8553185,52.3607881],[4.8554387,52.3609685],[4.8556309,52.3610584],[4.8562168,52.3611641],[4.8565088,52.3612987],[4.8565507,52.3613329],[4.8567111,52.3615133],[4.8567978,52.3616933],[4.8567263,52.3618728],[4.8565003,52.3620094],[4.8562067,52.3620092],[4.8556215,52.3618419],[4.8553284,52.3618063],[4.8544462,52.3619051],[4.8541528,52.3618957],[4.8538608,52.3617659],[4.8534363,52.3614029]]]},"properties":{"SELECTIE":8354,"LABEL":"8354-10025"}},{"id":709,"type":"Feature","geometry":{"type":"Polygon","coordinates":[[[4.8546042,52.3494581],[4.8547567,52.3492611],[4.855977,52.3495723],[4.8559377,52.3496462],[4.8557661,52.3497495],[4.855473,52.3497068],[4.8551804,52.349635],[4.8546042,52.3494581]]]},"properties":{"SELECTIE":8354,"LABEL":"8354-10025"}},{"id":710,"type":"Feature","geometry":{"type":"Polygon","coordinates":[[[4.8585423,52.3584651],[4.8575982,52.3582189],[4.8558683,52.3577231],[4.8557625,52.3576792],[4.8548842,52.3570679],[4.8547286,52.3567419],[4.8549105,52.3563523],[4.8580847,52.3571401],[4.8584316,52.357926],[4.8585232,52.3582858],[4.8585423,52.3584651]]]},"properties":{"SELECTIE":8354,"LABEL":"8354-10025"}},{"id":711,"type":"Feature","geometry":{"type":"Polygon","coordinates":[[[4.8630028,52.3768364],[4.8617463,52.3808427],[4.8579524,52.3830052],[4.8571399,52.3824777],[4.8570426,52.3840387],[4.8586647,52.3840555],[4.8586529,52.3850483],[4.8583694,52.3850566],[4.8556135,52.3849962],[4.8557353,52.3813919],[4.8554243,52.3810629],[4.8547987,52.3806938],[4.8553535,52.3803976],[4.8557211,52.3801665],[4.8559894,52.3802094],[4.8562834,52.3801708],[4.8566063,52.3800274],[4.8564835,52.3798471],[4.8562518,52.3797661],[4.8567844,52.3792762],[4.8570399,52.3789786],[4.8574759,52.37836],[4.85766,52.3787738],[4.8577675,52.3789509],[4.857905,52.3791344],[4.8580564,52.3792877],[4.8583492,52.3793673],[4.8586432,52.3793492],[4.858938,52.3792604],[4.8592334,52.3791211],[4.8594748,52.3789616],[4.8600083,52.3784248],[4.8601237,52.3783506],[4.8603503,52.3782465],[4.8607136,52.3781435],[4.8610081,52.3780816],[4.8618908,52.3779458],[4.8621265,52.3778949],[4.8621854,52.377869],[4.8623735,52.3777163],[4.8623623,52.3775364],[4.8622306,52.3771764],[4.8622114,52.3769965],[4.8622978,52.3762779],[4.8621755,52.3760976],[4.8617069,52.375736],[4.8614241,52.375555],[4.86104,52.3753816],[4.8607472,52.3753023],[4.8604539,52.3752686],[4.86016,52.3752849],[4.8598654,52.3753547],[4.8595702,52.375496],[4.8595008,52.3755464],[4.858681,52.3761768],[4.8583912,52.3764403],[4.8582453,52.3766194],[4.8581394,52.3767987],[4.8579663,52.3773371],[4.8578173,52.3775575],[4.8579103,52.377315],[4.8586966,52.3747547],[4.8629263,52.3753132],[4.8626378,52.375736],[4.8630028,52.3768364]]]},"properties":{"SELECTIE":8354,"LABEL":"8354-10025"}},{"id":712,"type":"Feature","geometry":{"type":"Polygon","coordinates":[[[4.8564451,52.3595744],[4.8553142,52.3581435],[4.8555828,52.3578953],[4.8584328,52.3586513],[4.8583014,52.358702],[4.858007,52.3587736],[4.8574183,52.3588901],[4.8570787,52.3589984],[4.856769,52.3591768],[4.8565922,52.3593558],[4.8564451,52.3595744]]]},"properties":{"SELECTIE":8354,"LABEL":"8354-10025"}},{"id":713,"type":"Feature","geometry":{"type":"Polygon","coordinates":[[[4.8594073,52.3715525],[4.8584676,52.3746041],[4.8557834,52.3743014],[4.8566212,52.3714926],[4.8566802,52.3715455],[4.8569216,52.3714007],[4.8569392,52.3712552],[4.8594073,52.3715525]]]},"properties":{"SELECTIE":8354,"LABEL":"8354-10025"}},{"id":714,"type":"Feature","geometry":{"type":"Polygon","coordinates":[[[4.8561858,52.3480167],[4.8562104,52.3473799],[4.8572115,52.3474945],[4.856961,52.3476727],[4.8566697,52.3478155],[4.8561858,52.3480167]]]},"properties":{"SELECTIE":8354,"LABEL":"8354-10025"}},{"id":715,"type":"Feature","geometry":{"type":"Polygon","coordinates":[[[4.8563239,52.3688815],[4.856419,52.3688208],[4.8566776,52.3687033],[4.8571256,52.3686632],[4.8570325,52.3689693],[4.8567106,52.3689987],[4.8564175,52.3689592],[4.8563239,52.3688815]]]},"properties":{"SELECTIE":8354,"LABEL":"8354-10025"}},{"id":716,"type":"Feature","geometry":{"type":"Polygon","coordinates":[[[4.8568467,52.3447222],[4.8576904,52.3424675],[4.8596331,52.3426917],[4.8598611,52.3426885],[4.859884,52.3428331],[4.8599564,52.3429205],[4.8605425,52.3430011],[4.8608346,52.3431114],[4.8614776,52.3435593],[4.8615863,52.3437395],[4.8614136,52.3438028],[4.8611197,52.3438355],[4.8602398,52.3437687],[4.8599465,52.3437641],[4.8596525,52.3438018],[4.8593995,52.3439095],[4.8584736,52.3442215],[4.8581787,52.3443381],[4.8568467,52.3447222]]]},"properties":{"SELECTIE":8354,"LABEL":"8354-10025"}},{"id":717,"type":"Feature","geometry":{"type":"Polygon","coordinates":[[[4.8622273,52.3672797],[4.8648033,52.3701409],[4.8633524,52.370635],[4.8633445,52.3707513],[4.8625884,52.3709148],[4.8596601,52.3714643],[4.8587609,52.3713944],[4.8570197,52.3711324],[4.8570782,52.3710419],[4.8573108,52.3708632],[4.8581909,52.3703278],[4.8583737,52.370149],[4.8584577,52.3699695],[4.8584804,52.3697898],[4.8584367,52.3696099],[4.8581754,52.3692989],[4.8578841,52.3690943],[4.8575919,52.3689665],[4.8573973,52.3689533],[4.8574898,52.368644],[4.8575959,52.3686371],[4.8578905,52.3685561],[4.858186,52.3684036],[4.8582488,52.3683508],[4.8583355,52.3681714],[4.8583653,52.3676323],[4.8584034,52.3674527],[4.8584938,52.3672168],[4.8587931,52.366726],[4.8591999,52.366198],[4.8591807,52.3660182],[4.8589932,52.3658376],[4.8586431,52.3656563],[4.8581588,52.3655037],[4.8582747,52.3648457],[4.8593702,52.3649203],[4.8595881,52.3648556],[4.8596878,52.3649418],[4.8598305,52.3651223],[4.8599547,52.3653026],[4.860041,52.3654827],[4.8600893,52.3656628],[4.8600962,52.3658425],[4.8599973,52.3662016],[4.8599895,52.3663812],[4.8600728,52.3665614],[4.8603018,52.3667421],[4.8606572,52.3669235],[4.8608456,52.3669839],[4.8611385,52.3670511],[4.8620176,52.367213],[4.8622273,52.3672797]]]},"properties":{"SELECTIE":8354,"LABEL":"8354-10025"}},{"id":718,"type":"Feature","geometry":{"type":"Polygon","coordinates":[[[4.8665464,52.3725872],[4.866371,52.3729564],[4.8661766,52.3731651],[4.8648787,52.3742119],[4.8646507,52.3744154],[4.8644642,52.37467],[4.8643018,52.374981],[4.8641978,52.3753127],[4.8587291,52.3746242],[4.8596406,52.3716799],[4.8598168,52.371604],[4.8599758,52.371569],[4.863356,52.37093],[4.8636496,52.3708137],[4.864916,52.3703734],[4.8648859,52.3705373],[4.8649107,52.3707184],[4.865016,52.3708973],[4.8651793,52.3710777],[4.8656033,52.3714391],[4.865731,52.3716195],[4.865806,52.3717996],[4.8658306,52.3719794],[4.8658001,52.3721591],[4.8657241,52.3723384],[4.8654794,52.3724957],[4.8648902,52.3726476],[4.8647746,52.3726938],[4.8645634,52.3728726],[4.8645934,52.3729152],[4.864848,52.3730536],[4.8651794,52.3730393],[4.8656953,52.3728775],[4.8657692,52.3728298],[4.8660642,52.3727107],[4.8665464,52.3725872]]]},"properties":{"SELECTIE":8354,"LABEL":"8354-10025"}},{"id":719,"type":"Feature","geometry":{"type":"Polygon","coordinates":[[[4.8661854,52.3462034],[4.8663675,52.3457379],[4.8663957,52.3455582],[4.8663719,52.3453783],[4.8662684,52.3451981],[4.8660948,52.345051],[4.8660052,52.3450172],[4.8658025,52.3449554],[4.8655091,52.3449406],[4.8652151,52.3449752],[4.8649207,52.345054],[4.8640368,52.3453416],[4.8637433,52.3453444],[4.8634822,52.3451859],[4.8633759,52.3450056],[4.8633343,52.3448257],[4.863341,52.344646],[4.8634999,52.3442872],[4.8635364,52.3441076],[4.8634662,52.3439567],[4.8633091,52.343747],[4.8636296,52.343389],[4.8637182,52.3432096],[4.8637368,52.3430058],[4.8669959,52.3439791],[4.8677515,52.3440836],[4.8669479,52.3463111],[4.8661854,52.3462034]]]},"properties":{"SELECTIE":8354,"LABEL":"8354-10025"}},{"id":720,"type":"Feature","geometry":{"type":"Polygon","coordinates":[[[4.8634516,52.3681303],[4.8637656,52.3683914],[4.8643451,52.3690576],[4.864637,52.3692032],[4.8651046,52.3692799],[4.865223,52.3693149],[4.865541,52.3694616],[4.8656046,52.3696416],[4.8654505,52.3698207],[4.8652358,52.3699582],[4.8651307,52.3699879],[4.8634516,52.3681303]]]},"properties":{"SELECTIE":8354,"LABEL":"8354-10025"}},{"id":721,"type":"Feature","geometry":{"type":"Polygon","coordinates":[[[4.8695404,52.3754357],[4.8691376,52.3755358],[4.8687469,52.3756008],[4.8682612,52.3756323],[4.8675307,52.3756376],[4.8656969,52.3755031],[4.8647969,52.3753834],[4.8649911,52.3747884],[4.8651431,52.374592],[4.866656,52.3732969],[4.8669049,52.3731514],[4.8670475,52.3731154],[4.8672048,52.3731115],[4.8673838,52.3731764],[4.8695404,52.3754357]]]},"properties":{"SELECTIE":8354,"LABEL":"8354-10025"}},{"id":722,"type":"Feature","geometry":{"type":"Polygon","coordinates":[[[4.8664976,52.342898],[4.8652219,52.3424301],[4.865314,52.3414864],[4.8677185,52.3415545],[4.8677491,52.3416095],[4.8677746,52.3417895],[4.8677271,52.3419689],[4.8675582,52.342148],[4.8672182,52.3423262],[4.8667985,52.3425041],[4.8667109,52.3425606],[4.8665585,52.3426829],[4.8664899,52.3428623],[4.8664976,52.342898]]]},"properties":{"SELECTIE":8354,"LABEL":"8354-10025"}},{"id":723,"type":"Feature","geometry":{"type":"Polygon","coordinates":[[[4.8686476,52.3696502],[4.8681749,52.3703394],[4.866662,52.3699891],[4.8667902,52.3698266],[4.86698,52.369737],[4.8672746,52.3696657],[4.8675685,52.3696469],[4.8686476,52.3696502]]]},"properties":{"SELECTIE":8354,"LABEL":"8354-10025"}},{"id":724,"type":"Feature","geometry":{"type":"Polygon","coordinates":[[[4.8666958,52.3702498],[4.8680096,52.3705408],[4.8676078,52.3711249],[4.8672619,52.370747],[4.8667661,52.3703657],[4.8666958,52.3702498]]]},"properties":{"SELECTIE":8354,"LABEL":"8354-10025"}},{"id":725,"type":"Feature","geometry":{"type":"Polygon","coordinates":[[[4.8721519,52.3466315],[4.8682208,52.3464814],[4.8672964,52.3463464],[4.8681343,52.3441333],[4.8702561,52.3444156],[4.8703283,52.3446766],[4.8704293,52.3448568],[4.8704986,52.3449303],[4.8707907,52.345058],[4.871377,52.3451275],[4.8715339,52.3452212],[4.8715531,52.345401],[4.8715069,52.3457602],[4.8715433,52.3459402],[4.8716584,52.346169],[4.8719479,52.3465196],[4.8721519,52.3466315]]]},"properties":{"SELECTIE":8354,"LABEL":"8354-10025"}},{"id":726,"type":"Feature","geometry":{"type":"Polygon","coordinates":[[[4.8698847,52.3853383],[4.8693797,52.3852513],[4.8668523,52.3852487],[4.8678905,52.3822941],[4.8683012,52.3823487],[4.8685941,52.3824241],[4.8689759,52.3825986],[4.8692316,52.3827795],[4.8694095,52.3829599],[4.8694858,52.3831401],[4.8694748,52.3833197],[4.8693642,52.3836788],[4.8693611,52.3838585],[4.8694563,52.3840663],[4.8697926,52.3843996],[4.8699454,52.3845801],[4.8699826,52.3847599],[4.8698847,52.3853383]]]},"properties":{"SELECTIE":8354,"LABEL":"8354-10025"}},{"id":727,"type":"Feature","geometry":{"type":"Polygon","coordinates":[[[4.8674919,52.3723266],[4.8677801,52.3721677],[4.8678773,52.3720201],[4.869614,52.3723684],[4.869298,52.3724318],[4.8691097,52.3725331],[4.8690985,52.3727127],[4.8692186,52.372893],[4.8694297,52.3730737],[4.8695833,52.3731553],[4.8698632,52.373256],[4.8701692,52.3732901],[4.8704102,52.3732577],[4.8704634,52.3732439],[4.8706533,52.373079],[4.8707102,52.3728995],[4.8706823,52.3727196],[4.8705574,52.3725577],[4.8732863,52.373105],[4.8730194,52.373269],[4.8722526,52.3736251],[4.8719822,52.3738038],[4.8718546,52.3739829],[4.8718258,52.3741626],[4.8718673,52.3743426],[4.8719179,52.3744508],[4.8719747,52.3745228],[4.8722085,52.3746957],[4.8722724,52.3747237],[4.8699755,52.3752852],[4.8674919,52.3723266]]]},"properties":{"SELECTIE":8354,"LABEL":"8354-10025"}},{"id":728,"type":"Feature","geometry":{"type":"Polygon","coordinates":[[[4.8678577,52.3474839],[4.8681539,52.3466755],[4.876711,52.3470031],[4.877033,52.3490586],[4.8785208,52.3504986],[4.8786038,52.3506483],[4.8787813,52.3511174],[4.8773354,52.3513739],[4.8768811,52.3514345],[4.8759987,52.3515984],[4.8757047,52.3516324],[4.8754109,52.3516481],[4.8751174,52.3516455],[4.8748241,52.3516202],[4.8745313,52.3515632],[4.8742391,52.3514487],[4.8739477,52.3512559],[4.8738598,52.351163],[4.8737577,52.3509828],[4.873705,52.3508029],[4.8736873,52.350623],[4.8737118,52.350084],[4.8736879,52.3499041],[4.8735433,52.3493642],[4.8733299,52.3488239],[4.8731828,52.3486436],[4.8730982,52.3485671],[4.8729334,52.3484627],[4.8728068,52.3483881],[4.8725142,52.348305],[4.8722208,52.3482872],[4.8716335,52.348318],[4.8713405,52.3482706],[4.8710495,52.34804],[4.8708095,52.3477345],[4.8706758,52.3473744],[4.8704061,52.3471935],[4.8701797,52.3471177],[4.8698872,52.3470466],[4.8695937,52.347033],[4.8692997,52.3470723],[4.8690053,52.3471434],[4.8681216,52.3474175],[4.8678577,52.3474839]]]},"properties":{"SELECTIE":8354,"LABEL":"8354-10025"}},{"id":729,"type":"Feature","geometry":{"type":"Polygon","coordinates":[[[4.8701877,52.3441342],[4.8682727,52.3438643],[4.8683005,52.3437511],[4.8684584,52.3437169],[4.8687537,52.3435594],[4.8689015,52.3434121],[4.8690517,52.3431716],[4.8691164,52.3428738],[4.8691214,52.3426941],[4.8690625,52.3421564],[4.8690723,52.3419748],[4.8691142,52.3417952],[4.8692238,52.341544],[4.870741,52.3416024],[4.8705761,52.3419814],[4.870227,52.3425191],[4.870085,52.3428781],[4.8700508,52.3430576],[4.8700429,52.3434172],[4.8700913,52.3437769],[4.8701877,52.3441342]]]},"properties":{"SELECTIE":8354,"LABEL":"8354-10025"}},{"id":730,"type":"Feature","geometry":{"type":"Polygon","coordinates":[[[4.8726814,52.3724656],[4.8726298,52.3725785],[4.8724018,52.3726802],[4.8712206,52.3724387],[4.8707427,52.37164],[4.8681038,52.3710938],[4.8683948,52.3706171],[4.8707069,52.3711155],[4.8719155,52.3714082],[4.8717693,52.3716458],[4.8717578,52.3718255],[4.8718895,52.3720058],[4.8721759,52.3721869],[4.8726182,52.3723636],[4.8726814,52.3724656]]]},"properties":{"SELECTIE":8354,"LABEL":"8354-10025"}},{"id":731,"type":"Feature","geometry":{"type":"Polygon","coordinates":[[[4.870427,52.3694943],[4.8702857,52.3698203],[4.870195,52.3702013],[4.8701882,52.3707896],[4.8685484,52.3704254],[4.8691039,52.3696254],[4.870427,52.3694943]]]},"properties":{"SELECTIE":8354,"LABEL":"8354-10025"}},{"id":732,"type":"Feature","geometry":{"type":"Polygon","coordinates":[[[4.8690896,52.3336243],[4.8693154,52.3335275],[4.8697526,52.3333715],[4.8700469,52.3333148],[4.8703405,52.3332949],[4.8706338,52.3332931],[4.8709269,52.3333179],[4.8711415,52.3333556],[4.8712197,52.3333824],[4.8715079,52.333537],[4.8715184,52.3337169],[4.8714392,52.3338963],[4.8713994,52.3340758],[4.8715011,52.3342564],[4.8718145,52.3344371],[4.8720868,52.3345112],[4.8723797,52.3345714],[4.8726727,52.3346089],[4.8729282,52.3346217],[4.872966,52.3346235],[4.8732593,52.3346183],[4.8741406,52.3345459],[4.874434,52.334545],[4.874727,52.3345868],[4.8748516,52.33463],[4.8750194,52.3346638],[4.8754496,52.3348124],[4.8757051,52.3348808],[4.8690976,52.3349044],[4.8690896,52.3336243]]]},"properties":{"SELECTIE":8354,"LABEL":"8354-10025"}},{"id":733,"type":"Feature","geometry":{"type":"Polygon","coordinates":[[[4.8690877,52.3353435],[4.8690946,52.3351703],[4.8767986,52.3351446],[4.8780335,52.3354014],[4.8776633,52.3358612],[4.8770618,52.3356785],[4.8764765,52.335551],[4.8761835,52.3355099],[4.875597,52.3354767],[4.8753035,52.3354841],[4.8749352,52.3355291],[4.8747153,52.3355857],[4.8743996,52.3357066],[4.8741401,52.3358853],[4.8739604,52.3360642],[4.8738277,52.3362445],[4.8735302,52.3365786],[4.873435,52.3366533],[4.8717577,52.3366468],[4.8719452,52.3364151],[4.8718997,52.3362351],[4.8717401,52.3360545],[4.8714615,52.3358736],[4.8710201,52.335692],[4.8703146,52.335514],[4.8690877,52.3353435]]]},"properties":{"SELECTIE":8354,"LABEL":"8354-10025"}},{"id":734,"type":"Feature","geometry":{"type":"Polygon","coordinates":[[[4.8685925,52.3795806],[4.8698302,52.3762109],[4.8701623,52.3761532],[4.8719227,52.3781745],[4.872164,52.3785476],[4.8723477,52.3786625],[4.8727925,52.3791731],[4.8732842,52.3796401],[4.8734915,52.380824],[4.8740579,52.3808096],[4.8745954,52.3808964],[4.8787683,52.3818946],[4.8787808,52.382013],[4.8790136,52.382183],[4.879425,52.3824383],[4.8797693,52.3825158],[4.8801117,52.3827708],[4.8803176,52.38289],[4.8807276,52.3835477],[4.8800386,52.3834483],[4.8796181,52.3833635],[4.8794529,52.3832991],[4.8788654,52.383001],[4.8785757,52.3829409],[4.8782791,52.3829976],[4.878199,52.3831777],[4.8781634,52.3833573],[4.8781539,52.3835371],[4.8781752,52.3837168],[4.8782854,52.3840768],[4.8784678,52.3844372],[4.8786185,52.3846175],[4.8788479,52.3848111],[4.8791397,52.384993],[4.8797883,52.3853373],[4.8792106,52.3854797],[4.8757442,52.3854272],[4.8756912,52.3851441],[4.8756349,52.3849641],[4.8755476,52.3847841],[4.8753271,52.3844516],[4.8751541,52.3842431],[4.8749451,52.3838827],[4.8749014,52.3837027],[4.8748621,52.3831634],[4.8747597,52.382694],[4.8747061,52.3822639],[4.8746694,52.382084],[4.8746022,52.3819039],[4.8743924,52.3815436],[4.8742548,52.3813632],[4.8740633,52.3811826],[4.8738972,52.3810676],[4.873605,52.3809364],[4.8733121,52.3808589],[4.8727257,52.3807803],[4.8724326,52.3807249],[4.8721668,52.3806351],[4.8712636,52.3802011],[4.8700936,52.3797768],[4.8698008,52.3796986],[4.8695075,52.3796622],[4.8689205,52.3796245],[4.8685925,52.3795806]]]},"properties":{"SELECTIE":8354,"LABEL":"8354-10025"}},{"id":735,"type":"Feature","geometry":{"type":"Polygon","coordinates":[[[4.8717024,52.3702628],[4.8716757,52.3704155],[4.8717355,52.3708751],[4.8718463,52.371175],[4.8706426,52.3708902],[4.8705832,52.3703908],[4.8707033,52.3698821],[4.8708723,52.3695151],[4.8710934,52.3695681],[4.8712396,52.3696662],[4.8713844,52.369795],[4.8717024,52.3702628]]]},"properties":{"SELECTIE":8354,"LABEL":"8354-10025"}},{"id":736,"type":"Feature","geometry":{"type":"Polygon","coordinates":[[[4.8715398,52.3770127],[4.8713834,52.376828],[4.8709628,52.3764281],[4.8707958,52.3763462],[4.8710143,52.3763883],[4.8713078,52.3763986],[4.8718954,52.3763789],[4.8721881,52.3764799],[4.8722012,52.376501],[4.8720114,52.3766799],[4.8715398,52.3770127]]]},"properties":{"SELECTIE":8354,"LABEL":"8354-10025"}},{"id":737,"type":"Feature","geometry":{"type":"Polygon","coordinates":[[[4.8848272,52.3900458],[4.8847558,52.3907388],[4.8779466,52.3915667],[4.8776872,52.3919786],[4.8765327,52.3927292],[4.876303,52.3927672],[4.8730042,52.392831],[4.8722008,52.3929287],[4.8708126,52.3929383],[4.870704,52.3924237],[4.8714495,52.3907364],[4.8777018,52.3880216],[4.8779292,52.3880894],[4.8782223,52.388136],[4.878516,52.3881489],[4.87881,52.3881268],[4.8791803,52.3880352],[4.8794,52.3879277],[4.8795013,52.3878569],[4.8796182,52.3876775],[4.8796421,52.3874979],[4.879609,52.3873377],[4.8828328,52.3862667],[4.8836949,52.3877273],[4.8848272,52.3900458]]]},"properties":{"SELECTIE":8354,"LABEL":"8354-10025"}},{"id":738,"type":"Feature","geometry":{"type":"Polygon","coordinates":[[[4.8732456,52.3368298],[4.8730856,52.3369592],[4.8729367,52.3371485],[4.8726399,52.3374427],[4.8723454,52.3375355],[4.8720528,52.3374585],[4.8717617,52.3372524],[4.8716826,52.3371329],[4.8716461,52.3369529],[4.8716725,52.3368139],[4.8732456,52.3368298]]]},"properties":{"SELECTIE":8354,"LABEL":"8354-10025"}},{"id":739,"type":"Feature","geometry":{"type":"Polygon","coordinates":[[[4.8716145,52.3750234],[4.8724605,52.3748078],[4.8727929,52.3749675],[4.8730839,52.3752102],[4.8731161,52.3752468],[4.8730819,52.3754276],[4.8727872,52.3754625],[4.8724947,52.3753489],[4.8722033,52.3751581],[4.8719109,52.3750363],[4.8716145,52.3750234]]]},"properties":{"SELECTIE":8354,"LABEL":"8354-10025"}},{"id":740,"type":"Feature","geometry":{"type":"Polygon","coordinates":[[[4.874868,52.3446691],[4.8764636,52.3447194],[4.8767247,52.3468062],[4.8726903,52.3466521],[4.8728272,52.34663],[4.8731219,52.3465173],[4.8734171,52.3463695],[4.8740081,52.346033],[4.8743032,52.345887],[4.874598,52.3457832],[4.8748923,52.3457058],[4.8751864,52.3456614],[4.8758761,52.3455995],[4.8760684,52.345523],[4.8761699,52.3454209],[4.87604,52.3452406],[4.8756468,52.3450592],[4.8754874,52.3450122],[4.8751952,52.3448942],[4.8749038,52.3447106],[4.874868,52.3446691]]]},"properties":{"SELECTIE":8354,"LABEL":"8354-10025"}},{"id":741,"type":"Feature","geometry":{"type":"Polygon","coordinates":[[[4.872946,52.3786734],[4.8736329,52.3785174],[4.8745173,52.378235],[4.8748116,52.3781863],[4.8751055,52.3781835],[4.8753987,52.3782191],[4.8756034,52.3782698],[4.8751933,52.3783678],[4.8754514,52.3787632],[4.875199,52.3789535],[4.8751217,52.3791445],[4.8751759,52.3793246],[4.8753371,52.3794555],[4.8756176,52.3795333],[4.8759306,52.3795155],[4.8762569,52.3794212],[4.8775388,52.3799511],[4.8775444,52.3806584],[4.8775716,52.3808382],[4.8776457,52.3810182],[4.8778235,52.3811988],[4.8780069,52.3813],[4.8782988,52.3814101],[4.8746802,52.3805473],[4.8745493,52.3805047],[4.8744624,52.3804583],[4.8743759,52.3803623],[4.872946,52.3786734]]]},"properties":{"SELECTIE":8354,"LABEL":"8354-10025"}},{"id":742,"type":"Feature","geometry":{"type":"Polygon","coordinates":[[[4.8740125,52.3427153],[4.8740213,52.3425356],[4.8740668,52.342356],[4.8743333,52.3417405],[4.875764,52.3417954],[4.8755201,52.3421619],[4.8754621,52.3423621],[4.8754572,52.3425419],[4.8755134,52.3427387],[4.8758035,52.343042],[4.8760962,52.343111],[4.8763908,52.3430108],[4.8765772,52.3428426],[4.8764158,52.3444703],[4.8746985,52.3444081],[4.874539,52.3437961],[4.8744714,52.3436161],[4.8743761,52.343436],[4.8741351,52.3430754],[4.8740479,52.3428952],[4.8740125,52.3427153]]]},"properties":{"SELECTIE":8354,"LABEL":"8354-10025"}},{"id":743,"type":"Feature","geometry":{"type":"Polygon","coordinates":[[[4.8786578,52.3956807],[4.8764715,52.3945887],[4.8754317,52.3945623],[4.8754203,52.3936801],[4.8775808,52.3929389],[4.8785775,52.3923507],[4.8804191,52.3919022],[4.882962,52.3915881],[4.8836432,52.3916087],[4.885734,52.392531],[4.8854046,52.3927353],[4.8851825,52.392914],[4.8848155,52.3932719],[4.8846749,52.3934595],[4.8846484,52.3934473],[4.8840193,52.3938924],[4.8836627,52.3936976],[4.8819192,52.3949763],[4.8825966,52.3953566],[4.8820102,52.3958193],[4.8812072,52.3954238],[4.880701,52.3957849],[4.8804868,52.39567],[4.8801941,52.3955685],[4.879901,52.3955176],[4.8796072,52.3955024],[4.8793132,52.3955181],[4.8790188,52.395567],[4.8786578,52.3956807]]]},"properties":{"SELECTIE":8354,"LABEL":"8354-10025"}},{"id":744,"type":"Feature","geometry":{"type":"Polygon","coordinates":[[[4.8781087,52.346877],[4.8771558,52.346839],[4.8770667,52.3467727],[4.8767667,52.344771],[4.8784888,52.3448334],[4.8787402,52.3449595],[4.8784207,52.3451529],[4.8775593,52.3456067],[4.8773424,52.3457855],[4.8773242,52.3459652],[4.8774089,52.3461453],[4.8777007,52.346506],[4.8781087,52.346877]]]},"properties":{"SELECTIE":8354,"LABEL":"8354-10025"}},{"id":745,"type":"Feature","geometry":{"type":"Polygon","coordinates":[[[4.8785553,52.3418935],[4.8782914,52.3445199],[4.8769303,52.3445141],[4.8768343,52.3444967],[4.8770332,52.3423824],[4.877281,52.3421907],[4.8778132,52.3418649],[4.8785553,52.3418935]]]},"properties":{"SELECTIE":8354,"LABEL":"8354-10025"}},{"id":746,"type":"Feature","geometry":{"type":"Polygon","coordinates":[[[4.8790584,52.3508032],[4.8787984,52.3502988],[4.877404,52.3490343],[4.8771032,52.3470181],[4.8783071,52.3470642],[4.8783978,52.3471638],[4.8785064,52.3472285],[4.8786896,52.3473006],[4.8792752,52.3474307],[4.8798605,52.3475854],[4.8801529,52.3476835],[4.880445,52.347806],[4.8806755,52.3479567],[4.8808433,52.3481373],[4.8810248,52.3484419],[4.8811668,52.3488576],[4.8811737,52.3490374],[4.8810589,52.3492167],[4.8807721,52.3493952],[4.8800585,52.3497517],[4.8797595,52.3499302],[4.8795277,52.3501089],[4.8793368,52.3502879],[4.8792081,52.350467],[4.8791059,52.3506464],[4.8790584,52.3508032]]]},"properties":{"SELECTIE":8354,"LABEL":"8354-10025"}},{"id":747,"type":"Feature","geometry":{"type":"Polygon","coordinates":[[[4.8783318,52.3514459],[4.8788578,52.35135],[4.8790409,52.3514307],[4.8789348,52.3515389],[4.8786414,52.351518],[4.8783318,52.3514459]]]},"properties":{"SELECTIE":8354,"LABEL":"8354-10025"}},{"id":748,"type":"Feature","geometry":{"type":"Polygon","coordinates":[[[4.8834947,52.3831767],[4.8822297,52.383901],[4.8818653,52.383871],[4.8816601,52.3837481],[4.8806751,52.3821116],[4.8797808,52.3818578],[4.8798776,52.3817056],[4.8803523,52.381697],[4.8809404,52.3816496],[4.8812337,52.3816881],[4.8813383,52.3817531],[4.8814611,52.3819333],[4.8815282,52.3826527],[4.8815731,52.3828326],[4.8816813,52.3830128],[4.881805,52.3831189],[4.8820979,52.3831991],[4.8823913,52.3832124],[4.8834947,52.3831767]]]},"properties":{"SELECTIE":8354,"LABEL":"8354-10025"}},{"id":749,"type":"Feature","geometry":{"type":"Polygon","coordinates":[[[4.8821725,52.3841791],[4.8839867,52.3831657],[4.8844485,52.3831335],[4.8847431,52.3830669],[4.8850383,52.3829316],[4.8852936,52.3826686],[4.8853766,52.3824893],[4.8854016,52.3823754],[4.887657,52.3811154],[4.8879955,52.3811727],[4.8881402,52.3812426],[4.888273,52.3814229],[4.8884286,52.3819629],[4.8885714,52.3822068],[4.8886828,52.3823234],[4.8889081,52.3825042],[4.8891542,52.3826234],[4.8893871,52.3826863],[4.8867431,52.3839891],[4.8852247,52.3848936],[4.8838619,52.3855234],[4.8831435,52.3857782],[4.8829331,52.3851734],[4.8825333,52.384938],[4.8821963,52.3846743],[4.8822858,52.3844534],[4.8822832,52.3842737],[4.8821725,52.3841791]]]},"properties":{"SELECTIE":8354,"LABEL":"8354-10025"}},{"id":750,"type":"Feature","geometry":{"type":"Polygon","coordinates":[[[4.8829539,52.3638484],[4.8828597,52.3636046],[4.8828287,52.3634247],[4.8828617,52.363245],[4.8830346,52.3630661],[4.8832082,52.3629837],[4.8835029,52.3628918],[4.883797,52.3628538],[4.8846778,52.3628471],[4.8852656,52.3628037],[4.8855593,52.3628007],[4.885818,52.3628981],[4.8855568,52.3630283],[4.884968,52.3631601],[4.8847785,52.3632532],[4.8846725,52.3633164],[4.8845482,52.363432],[4.8844737,52.3636115],[4.8845375,52.3637914],[4.8848128,52.3639724],[4.8853478,52.3641544],[4.8855145,52.3641941],[4.8844774,52.3648855],[4.8843214,52.3648609],[4.8832328,52.36437],[4.8835484,52.3641161],[4.8829539,52.3638484]]]},"properties":{"SELECTIE":8354,"LABEL":"8354-10025"}},{"id":751,"type":"Feature","geometry":{"type":"Polygon","coordinates":[[[4.8831229,52.3644353],[4.8842884,52.365004],[4.8840929,52.3651394],[4.8837689,52.3650468],[4.8834112,52.3648652],[4.8832393,52.3646847],[4.8831229,52.3644353]]]},"properties":{"SELECTIE":8354,"LABEL":"8354-10025"}},{"id":752,"type":"Feature","geometry":{"type":"Polygon","coordinates":[[[4.8840913,52.3869978],[4.8838892,52.3866376],[4.883452,52.3860474],[4.8846938,52.3855934],[4.8855968,52.3851898],[4.8857109,52.386485],[4.8855859,52.3864679],[4.8852921,52.3864683],[4.8849979,52.3864995],[4.8847035,52.3865587],[4.8844087,52.386663],[4.8842105,52.3867984],[4.8840913,52.3869978]]]},"properties":{"SELECTIE":8354,"LABEL":"8354-10025"}},{"id":753,"type":"Feature","geometry":{"type":"Polygon","coordinates":[[[4.8844007,52.3652392],[4.8845645,52.3651313],[4.8862309,52.3659213],[4.8859032,52.3661089],[4.8854263,52.3657725],[4.8849419,52.3654733],[4.8846498,52.3653296],[4.8844007,52.3652392]]]},"properties":{"SELECTIE":8354,"LABEL":"8354-10025"}},{"id":754,"type":"Feature","geometry":{"type":"Polygon","coordinates":[[[4.8872637,52.3653284],[4.8864258,52.3658092],[4.8861984,52.3657909],[4.8847694,52.3651057],[4.884728,52.3649967],[4.8858302,52.3642752],[4.8864217,52.3644371],[4.8866574,52.3645194],[4.8869908,52.3647006],[4.8871472,52.364881],[4.8872115,52.365061],[4.8872637,52.3653284]]]},"properties":{"SELECTIE":8354,"LABEL":"8354-10025"}},{"id":755,"type":"Feature","geometry":{"type":"Polygon","coordinates":[[[4.8852964,52.3472803],[4.8853582,52.3470779],[4.8854974,52.3468987],[4.8857408,52.3467027],[4.8860334,52.346541],[4.8863309,52.3464311],[4.8866251,52.3463734],[4.8875063,52.3463005],[4.8883867,52.3463122],[4.8886808,52.3462714],[4.8889756,52.3461504],[4.8893363,52.3458364],[4.8895688,52.3455972],[4.8898635,52.3454939],[4.8901562,52.3455811],[4.8903281,52.3456608],[4.8907712,52.3458026],[4.8909135,52.3469486],[4.8867778,52.3471522],[4.8866475,52.3472196],[4.8852964,52.3472803]]]},"properties":{"SELECTIE":8354,"LABEL":"8354-10025"}},{"id":756,"type":"Feature","geometry":{"type":"Polygon","coordinates":[[[4.8868869,52.3901648],[4.8860996,52.3902688],[4.8859309,52.3902357],[4.8857508,52.3902673],[4.884883,52.3884916],[4.8849684,52.3884143],[4.885221,52.3883758],[4.8855575,52.3889941],[4.885848,52.3892729],[4.8863888,52.3896836],[4.8865977,52.3898642],[4.8868869,52.3901648]]]},"properties":{"SELECTIE":8354,"LABEL":"8354-10025"}},{"id":757,"type":"Feature","geometry":{"type":"Polygon","coordinates":[[[4.8851404,52.3729488],[4.8853683,52.3727826],[4.8860787,52.3724261],[4.8862536,52.3722471],[4.8862133,52.3720671],[4.885625,52.3713457],[4.8853795,52.3709852],[4.8852978,52.370805],[4.8852479,52.3706251],[4.8852403,52.3704453],[4.8853384,52.3702659],[4.885754,52.3700879],[4.8860651,52.3700237],[4.8866847,52.3699515],[4.8870192,52.3733444],[4.8866415,52.3733907],[4.8862659,52.3734806],[4.8855617,52.3738255],[4.8853042,52.3736811],[4.8851961,52.3735426],[4.8851404,52.3729488]]]},"properties":{"SELECTIE":8354,"LABEL":"8354-10025"}},{"id":758,"type":"Feature","geometry":{"type":"Polygon","coordinates":[[[4.885424,52.3820721],[4.8854188,52.3817703],[4.8855028,52.381591],[4.8856422,52.381479],[4.8857657,52.3814123],[4.8859375,52.3813475],[4.8862321,52.3812643],[4.8865267,52.3812014],[4.8870703,52.3811293],[4.885424,52.3820721]]]},"properties":{"SELECTIE":8354,"LABEL":"8354-10025"}},{"id":759,"type":"Feature","geometry":{"type":"Polygon","coordinates":[[[4.8874597,52.3905463],[4.886211,52.390709],[4.8861698,52.3906183],[4.8856627,52.3905838],[4.8856002,52.390506],[4.8860669,52.3903592],[4.8869633,52.3902413],[4.8873033,52.3904907],[4.8874597,52.3905463]]]},"properties":{"SELECTIE":8354,"LABEL":"8354-10025"}},{"id":760,"type":"Feature","geometry":{"type":"Polygon","coordinates":[[[4.8858599,52.3739474],[4.8860969,52.3737964],[4.8864282,52.3736417],[4.8867493,52.3735613],[4.8870342,52.3735318],[4.887075,52.3740506],[4.8917562,52.3791518],[4.8900655,52.3795601],[4.8900171,52.379508],[4.8902701,52.3792743],[4.8903419,52.3790948],[4.8902398,52.3789147],[4.8900781,52.3788195],[4.8897854,52.3787265],[4.8894922,52.3786876],[4.8892482,52.3786779],[4.8866886,52.3759144],[4.8871762,52.3756832],[4.8873908,52.3754874],[4.8874813,52.375308],[4.88751,52.3751284],[4.8874955,52.3749486],[4.8874353,52.3747686],[4.8873045,52.3745883],[4.887036,52.3744074],[4.8866053,52.3742195],[4.8858599,52.3739474]]]},"properties":{"SELECTIE":8354,"LABEL":"8354-10025"}},{"id":761,"type":"Feature","geometry":{"type":"Polygon","coordinates":[[[4.8895475,52.3481751],[4.8870239,52.3483028],[4.8867654,52.3482563],[4.8865723,52.3481536],[4.8864077,52.3479944],[4.886347,52.3476317],[4.8910011,52.3473794],[4.8910338,52.3477928],[4.8907203,52.3476292],[4.8904277,52.3475472],[4.8901341,52.3475453],[4.8899452,52.3476364],[4.8898385,52.3477328],[4.889687,52.3479949],[4.8895475,52.3481751]]]},"properties":{"SELECTIE":8354,"LABEL":"8354-10025"}},{"id":762,"type":"Feature","geometry":{"type":"Polygon","coordinates":[[[4.8861811,52.3662813],[4.8865529,52.3660683],[4.8875735,52.3665562],[4.8872791,52.3665265],[4.8869855,52.3665151],[4.8866926,52.3664653],[4.8863998,52.3663822],[4.8861811,52.3662813]]]},"properties":{"SELECTIE":8354,"LABEL":"8354-10025"}},{"id":763,"type":"Feature","geometry":{"type":"Polygon","coordinates":[[[4.886568,52.3491901],[4.8865492,52.348923],[4.8866393,52.3487612],[4.8869505,52.3485839],[4.8875163,52.3485324],[4.8893102,52.3484484],[4.8892337,52.3485322],[4.8889885,52.348711],[4.8886518,52.3488546],[4.8883576,52.3489192],[4.8880636,52.3489556],[4.8877699,52.3489721],[4.8869519,52.3490619],[4.8868877,52.349115],[4.8865932,52.3491999],[4.886568,52.3491901]]]},"properties":{"SELECTIE":8354,"LABEL":"8354-10025"}},{"id":764,"type":"Feature","geometry":{"type":"MultiPolygon","coordinates":[[[[4.8882047,52.3863714],[4.8881481,52.3867268],[4.8863308,52.386648],[4.8861802,52.3850047],[4.8877229,52.3841122],[4.8878286,52.3841062],[4.8879127,52.3841518],[4.8882047,52.3863714]],[[4.8877254,52.3857347],[4.8876738,52.3855547],[4.8873598,52.3854605],[4.887066,52.3854681],[4.8868303,52.3855512],[4.8868885,52.3857311],[4.8870623,52.3857994],[4.8873555,52.3858479],[4.8876496,52.3858203],[4.8877254,52.3857347]]]]},"properties":{"SELECTIE":8354,"LABEL":"8354-10025"}},{"id":765,"type":"Feature","geometry":{"type":"Polygon","coordinates":[[[4.8886795,52.3786107],[4.8883193,52.3784894],[4.8880272,52.3783517],[4.8872729,52.3778236],[4.8871125,52.3776433],[4.8869128,52.3772829],[4.8866479,52.3765627],[4.8865803,52.3764291],[4.886402,52.3762022],[4.8864163,52.3761206],[4.8886795,52.3786107]]]},"properties":{"SELECTIE":8354,"LABEL":"8354-10025"}},{"id":766,"type":"Feature","geometry":{"type":"Polygon","coordinates":[[[4.8893734,52.3659992],[4.8882579,52.3666332],[4.8879977,52.3666282],[4.886767,52.3660442],[4.8867172,52.3659547],[4.8873593,52.3655962],[4.88758,52.3658875],[4.8878715,52.3660819],[4.8881645,52.3661239],[4.8884584,52.366108],[4.8893734,52.3659992]]]},"properties":{"SELECTIE":8354,"LABEL":"8354-10025"}},{"id":767,"type":"Feature","geometry":{"type":"Polygon","coordinates":[[[4.8903332,52.3882217],[4.8902666,52.3882309],[4.8899729,52.3882188],[4.8896797,52.3881728],[4.8893868,52.388087],[4.888991,52.387897],[4.8885113,52.3875632],[4.8882189,52.3874559],[4.8879245,52.3875009],[4.8876298,52.3875868],[4.8873355,52.3876379],[4.8870412,52.3876642],[4.8867485,52.387585],[4.8867,52.3875278],[4.8866805,52.3873481],[4.8867215,52.3869934],[4.8870033,52.387],[4.8870024,52.3870777],[4.8896535,52.3872635],[4.8898552,52.3871867],[4.8899191,52.3871352],[4.8901519,52.3871104],[4.8903332,52.3882217]]]},"properties":{"SELECTIE":8354,"LABEL":"8354-10025"}},{"id":768,"type":"Feature","geometry":{"type":"Polygon","coordinates":[[[4.8870294,52.3698915],[4.887242,52.3698198],[4.8873432,52.3697352],[4.8874801,52.3695559],[4.8876787,52.3690884],[4.8882397,52.3720388],[4.8880983,52.3720264],[4.8878045,52.3720405],[4.8875997,52.3720729],[4.8875101,52.3721041],[4.8872543,52.3722412],[4.8870294,52.3698915]]]},"properties":{"SELECTIE":8354,"LABEL":"8354-10025"}},{"id":769,"type":"Feature","geometry":{"type":"Polygon","coordinates":[[[4.8883645,52.3725365],[4.8885813,52.3731607],[4.8873531,52.373275],[4.8872597,52.3722983],[4.8873277,52.3724313],[4.8875057,52.3724899],[4.8877987,52.3725567],[4.8880922,52.3725758],[4.8883645,52.3725365]]]},"properties":{"SELECTIE":8354,"LABEL":"8354-10025"}},{"id":770,"type":"Feature","geometry":{"type":"Polygon","coordinates":[[[4.8938097,52.3788275],[4.8921759,52.3791538],[4.8874344,52.3739983],[4.8873591,52.3735091],[4.8886696,52.3733701],[4.8890677,52.3744923],[4.8892887,52.3747115],[4.8893139,52.3747765],[4.8895119,52.3749571],[4.8895717,52.3749813],[4.8938097,52.3788275]]]},"properties":{"SELECTIE":8354,"LABEL":"8354-10025"}},{"id":771,"type":"Feature","geometry":{"type":"Polygon","coordinates":[[[4.8886898,52.3722107],[4.8880102,52.3687663],[4.8885919,52.3683061],[4.8890102,52.3685272],[4.8891617,52.3689142],[4.8891963,52.3692959],[4.8892943,52.3696016],[4.8897524,52.3704525],[4.89015,52.3711219],[4.8904086,52.371681],[4.8904112,52.3721579],[4.8902841,52.3730731],[4.8890209,52.3731395],[4.8887188,52.3722921],[4.8887385,52.3722575],[4.8886898,52.3722107]]]},"properties":{"SELECTIE":8354,"LABEL":"8354-10025"}},{"id":772,"type":"Feature","geometry":{"type":"Polygon","coordinates":[[[4.8881983,52.3669639],[4.8883172,52.366896],[4.8884748,52.3669347],[4.8886724,52.3669932],[4.8894617,52.3672783],[4.8892135,52.3674737],[4.8882915,52.3681231],[4.8884474,52.3679423],[4.8885507,52.367763],[4.8885849,52.3675833],[4.8885456,52.3674034],[4.888436,52.3672232],[4.8881983,52.3669639]]]},"properties":{"SELECTIE":8354,"LABEL":"8354-10025"}},{"id":773,"type":"Feature","geometry":{"type":"Polygon","coordinates":[[[4.8903963,52.386995],[4.8896246,52.3870111],[4.8892354,52.3868413],[4.8888024,52.3867942],[4.8887081,52.3867227],[4.8884152,52.3845808],[4.8881735,52.384444],[4.8881801,52.3838619],[4.8880225,52.3837772],[4.8889797,52.3832444],[4.8895629,52.3830722],[4.8897966,52.3829697],[4.8902089,52.3829586],[4.8902434,52.3836571],[4.8902107,52.3837346],[4.8903449,52.3849769],[4.8902914,52.3850413],[4.8902383,52.3850606],[4.8902756,52.385494],[4.8902122,52.3855002],[4.8903963,52.386995]]]},"properties":{"SELECTIE":8354,"LABEL":"8354-10025"}},{"id":774,"type":"Feature","geometry":{"type":"Polygon","coordinates":[[[4.8931702,52.3667739],[4.8918135,52.3667814],[4.8900184,52.3670231],[4.889746,52.3671268],[4.8885935,52.3667461],[4.8900105,52.3659357],[4.89081,52.3658783],[4.891104,52.3658447],[4.8913985,52.3657758],[4.8916934,52.3656575],[4.8922048,52.3653639],[4.8926797,52.3652988],[4.8928682,52.3656756],[4.8931702,52.3667739]]]},"properties":{"SELECTIE":8354,"LABEL":"8354-10025"}},{"id":775,"type":"Feature","geometry":{"type":"Polygon","coordinates":[[[4.8921819,52.3898998],[4.8907292,52.3931468],[4.8898747,52.392988],[4.8911006,52.3901863],[4.8910063,52.3901083],[4.8908266,52.3901075],[4.8886376,52.3903929],[4.8890697,52.3901676],[4.8894846,52.3899096],[4.8910425,52.389701],[4.8921819,52.3898998]]]},"properties":{"SELECTIE":8354,"LABEL":"8354-10025"}},{"id":776,"type":"Feature","geometry":{"type":"Polygon","coordinates":[[[4.8924217,52.3707479],[4.8926385,52.3715579],[4.8926869,52.3721478],[4.8927915,52.3726481],[4.8922131,52.3726681],[4.8913967,52.3726647],[4.8909118,52.3725392],[4.8909523,52.3713656],[4.8906552,52.370859],[4.8903643,52.3706162],[4.8896139,52.3696247],[4.889444,52.3692365],[4.8894657,52.368922],[4.8889953,52.3683304],[4.8890061,52.3681845],[4.8899226,52.3674583],[4.8900793,52.3673916],[4.8903094,52.3673251],[4.8909892,52.3672325],[4.8917149,52.3671569],[4.8925687,52.3671042],[4.8931355,52.3672695],[4.8932901,52.3674105],[4.8924201,52.368092],[4.892114,52.3683883],[4.8918047,52.3689768],[4.8918039,52.369061],[4.8919366,52.3694883],[4.8920562,52.3697788],[4.8918597,52.3699339],[4.8917494,52.3701131],[4.8917118,52.3702927],[4.8917637,52.3704727],[4.892011,52.3706535],[4.8922243,52.3707174],[4.8924217,52.3707479]]]},"properties":{"SELECTIE":8354,"LABEL":"8354-10025"}},{"id":777,"type":"Feature","geometry":{"type":"Polygon","coordinates":[[[4.8894749,52.3742366],[4.8890962,52.3733686],[4.8903442,52.3732689],[4.8906183,52.3738423],[4.8904272,52.3738648],[4.8901327,52.3739409],[4.8898379,52.374042],[4.8895425,52.3741877],[4.8894749,52.3742366]]]},"properties":{"SELECTIE":8354,"LABEL":"8354-10025"}},{"id":778,"type":"Feature","geometry":{"type":"Polygon","coordinates":[[[4.8927257,52.381196],[4.8925168,52.3810812],[4.8921108,52.380923],[4.8918176,52.3808656],[4.891524,52.3808615],[4.8912321,52.3808971],[4.8909352,52.3809676],[4.8903453,52.381186],[4.8900513,52.3812166],[4.8897589,52.3810963],[4.8897253,52.3810695],[4.8896315,52.3808894],[4.8896325,52.3803501],[4.8896976,52.3799674],[4.8900078,52.3797923],[4.8916888,52.3793863],[4.8938764,52.3789251],[4.8947064,52.3795822],[4.8945223,52.3797252],[4.894535,52.3802124],[4.8944662,52.3804278],[4.8940442,52.380728],[4.8927257,52.381196]]]},"properties":{"SELECTIE":8354,"LABEL":"8354-10025"}},{"id":779,"type":"Feature","geometry":{"type":"Polygon","coordinates":[[[4.8911239,52.3889247],[4.8915263,52.3889852],[4.8914275,52.3893016],[4.8910977,52.3894943],[4.8906095,52.3896733],[4.8896716,52.3897972],[4.8901581,52.3895197],[4.8908448,52.3890773],[4.8911239,52.3889247]]]},"properties":{"SELECTIE":8354,"LABEL":"8354-10025"}},{"id":780,"type":"Feature","geometry":{"type":"Polygon","coordinates":[[[4.8902314,52.3750934],[4.8907074,52.3750756],[4.8910015,52.375028],[4.8912415,52.3749643],[4.8914388,52.37483],[4.8918954,52.3753263],[4.8926537,52.375816],[4.8933726,52.376314],[4.8933106,52.3764109],[4.8931431,52.37659],[4.8928737,52.3767686],[4.8925632,52.3769471],[4.8924321,52.377105],[4.8902314,52.3750934]]]},"properties":{"SELECTIE":8354,"LABEL":"8354-10025"}},{"id":781,"type":"Feature","geometry":{"type":"MultiPolygon","coordinates":[[[[4.8910932,52.3443518],[4.891176,52.344121],[4.891178,52.3439512],[4.8929366,52.3421238],[4.8931778,52.3420455],[4.8936771,52.3420589],[4.9030326,52.3455745],[4.9027097,52.3463433],[4.8951924,52.3467367],[4.8952694,52.3465802],[4.8952774,52.3464004],[4.8952314,52.3462204],[4.8951385,52.3460412],[4.8948498,52.3457912],[4.8946531,52.3456789],[4.8944018,52.345498],[4.894204,52.3453175],[4.8939693,52.3451382],[4.8936844,52.3450177],[4.8930988,52.344883],[4.8925142,52.3446671],[4.8919294,52.3444758],[4.8916365,52.3444155],[4.8910932,52.3443518]],[[4.8986082,52.3451559],[4.8986724,52.3451408],[4.8989675,52.3450097],[4.8992186,52.344799],[4.8993073,52.3446195],[4.8993003,52.3444397],[4.8991678,52.3442595],[4.898977,52.3441484],[4.8986844,52.3440574],[4.898391,52.3440446],[4.8980969,52.3441111],[4.8978668,52.3442541],[4.8977304,52.3444332],[4.8976656,52.3446128],[4.8976433,52.3447925],[4.8976907,52.3449724],[4.8977924,52.3450935],[4.8979061,52.3451531],[4.8980848,52.3452078],[4.8983784,52.3452061],[4.8986082,52.3451559]]]]},"properties":{"SELECTIE":8354,"LABEL":"8354-10025"}},{"id":782,"type":"Feature","geometry":{"type":"Polygon","coordinates":[[[4.8942087,52.3467882],[4.8912743,52.3469416],[4.8911432,52.3459043],[4.8916187,52.3460134],[4.8919117,52.3460575],[4.8922051,52.3460817],[4.8924985,52.3460871],[4.8933791,52.3460662],[4.893672,52.3461312],[4.8937903,52.3462146],[4.8942087,52.3467882]]]},"properties":{"SELECTIE":8354,"LABEL":"8354-10025"}},{"id":783,"type":"Feature","geometry":{"type":"Polygon","coordinates":[[[4.8914037,52.3507612],[4.891211,52.3505179],[4.8911356,52.3503377],[4.8911029,52.3501579],[4.8911055,52.3499781],[4.8911482,52.3497986],[4.891286,52.3495679],[4.8914318,52.3506147],[4.8914037,52.3507612]]]},"properties":{"SELECTIE":8354,"LABEL":"8354-10025"}},{"id":784,"type":"Feature","geometry":{"type":"Polygon","coordinates":[[[4.8910731,52.3738659],[4.8910532,52.3738156],[4.8911535,52.3736769],[4.8914008,52.3736477],[4.8920729,52.3736203],[4.8922609,52.3735848],[4.8930146,52.373328],[4.8938289,52.3738452],[4.8952668,52.3750106],[4.8947301,52.3753383],[4.8937592,52.3758735],[4.8935804,52.3760166],[4.8922445,52.375066],[4.8915409,52.3743235],[4.8915182,52.3742464],[4.8914124,52.3740663],[4.8913071,52.3739715],[4.8910731,52.3738659]]]},"properties":{"SELECTIE":8354,"LABEL":"8354-10025"}},{"id":785,"type":"Feature","geometry":{"type":"Polygon","coordinates":[[[4.8914422,52.348038],[4.891362,52.3473498],[4.9022978,52.3468174],[4.9031488,52.3467868],[4.9037585,52.3468347],[4.9040366,52.3467791],[4.9042634,52.3463269],[4.9050207,52.3464207],[4.9040502,52.3489198],[4.8992304,52.3482658],[4.8962393,52.3478118],[4.8914937,52.3480723],[4.8914422,52.348038]]]},"properties":{"SELECTIE":8354,"LABEL":"8354-10025"}},{"id":786,"type":"Feature","geometry":{"type":"Polygon","coordinates":[[[4.8915754,52.3492287],[4.8918274,52.3489026],[4.8919021,52.3487232],[4.891906,52.3485434],[4.8918243,52.3483634],[4.8917879,52.3483248],[4.8962602,52.3480945],[4.9039653,52.3491583],[4.9034927,52.3504183],[4.9027277,52.3500746],[4.9024353,52.3499898],[4.9021417,52.3499796],[4.9018477,52.3500418],[4.9015531,52.3501301],[4.9009638,52.3503413],[4.9006685,52.3504974],[4.9003732,52.350738],[4.899802,52.3512724],[4.8994854,52.3514531],[4.8991889,52.3515717],[4.8986,52.3517479],[4.8983058,52.3518002],[4.8980121,52.3518179],[4.8977188,52.3517998],[4.8965461,52.3516709],[4.8962529,52.3516241],[4.89596,52.3515574],[4.8950821,52.3513338],[4.8944956,52.351268],[4.8939086,52.3512663],[4.8936147,52.3513018],[4.8933204,52.3513645],[4.8927314,52.3515385],[4.8924371,52.351593],[4.8921439,52.3515647],[4.8919437,52.3514197],[4.8918532,52.3513227],[4.8916182,52.3509975],[4.8917356,52.3505343],[4.8915754,52.3492287]]]},"properties":{"SELECTIE":8354,"LABEL":"8354-10025"}},{"id":787,"type":"Feature","geometry":{"type":"Polygon","coordinates":[[[4.8916632,52.3869673],[4.8912097,52.3832473],[4.8927004,52.3832082],[4.8930274,52.3832613],[4.8928612,52.3839655],[4.8929097,52.3843473],[4.8931672,52.3849564],[4.8932059,52.3852864],[4.8931497,52.38559],[4.8925297,52.3869684],[4.8920438,52.3869295],[4.8917499,52.3869463],[4.8916632,52.3869673]]]},"properties":{"SELECTIE":8354,"LABEL":"8354-10025"}},{"id":788,"type":"Feature","geometry":{"type":"MultiPolygon","coordinates":[[[[4.8926579,52.3696745],[4.8925178,52.3691645],[4.8928257,52.3685847],[4.8942706,52.3673639],[4.8943856,52.3673493],[4.8943478,52.3674277],[4.8943457,52.3676074],[4.8944214,52.3677875],[4.8945753,52.3679678],[4.8948576,52.3681488],[4.8951883,52.3682697],[4.895481,52.3683408],[4.8957743,52.3683736],[4.8961431,52.3683762],[4.8961418,52.368497],[4.8995384,52.3720622],[4.9005952,52.3732655],[4.9008397,52.3737397],[4.9004148,52.3736741],[4.8998279,52.3736304],[4.8995346,52.3735841],[4.8992422,52.3734791],[4.8989501,52.373331],[4.8986577,52.3732109],[4.8983649,52.3731339],[4.8980717,52.3730946],[4.8977779,52.3730958],[4.8974838,52.3731439],[4.8968943,52.3733233],[4.8965992,52.3734647],[4.8964664,52.373548],[4.896303,52.373693],[4.8961205,52.3739061],[4.8960054,52.3740882],[4.8958614,52.3743937],[4.8952223,52.3739813],[4.8957822,52.373753],[4.8944501,52.3729266],[4.893825,52.372223],[4.8933725,52.3722765],[4.8929533,52.37075],[4.8931053,52.3707297],[4.8933169,52.3706589],[4.8934002,52.3706131],[4.8935458,52.3704802],[4.8936138,52.3703007],[4.8935699,52.3701206],[4.8933834,52.3699402],[4.8931156,52.3697985],[4.8928231,52.3696973],[4.8926579,52.3696745]],[[4.8969802,52.3712134],[4.8972125,52.3710955],[4.8972865,52.3710348],[4.8973643,52.3708554],[4.8973034,52.3706754],[4.8972181,52.3706043],[4.8969254,52.3705113],[4.8966316,52.3705113],[4.8963375,52.3705687],[4.8960452,52.3706702],[4.895818,52.3708491],[4.8957556,52.3710285],[4.8959307,52.371209],[4.8960364,52.3712421],[4.8963296,52.3712829],[4.8966232,52.3712758],[4.8969802,52.3712134]]]]},"properties":{"SELECTIE":8354,"LABEL":"8354-10025"}},{"id":789,"type":"Feature","geometry":{"type":"Polygon","coordinates":[[[4.8981091,52.3404256],[4.8935555,52.3406498],[4.8931322,52.3373889],[4.8941368,52.3373547],[4.8943549,52.3374749],[4.8949757,52.3379508],[4.8952842,52.3381318],[4.8957633,52.3383135],[4.8961058,52.3383715],[4.896399,52.3383834],[4.8972802,52.3383153],[4.8975737,52.3383088],[4.897867,52.3383233],[4.8981599,52.338363],[4.8984524,52.3384602],[4.898744,52.3386385],[4.898913,52.3388658],[4.8989608,52.3390458],[4.898942,52.3392255],[4.898858,52.3394049],[4.8984317,52.3399405],[4.8981091,52.3404256]]]},"properties":{"SELECTIE":8354,"LABEL":"8354-10025"}},{"id":790,"type":"Feature","geometry":{"type":"Polygon","coordinates":[[[4.8945109,52.3671693],[4.8939389,52.3672072],[4.8934364,52.3666801],[4.8929968,52.3652652],[4.8930149,52.3652633],[4.8931656,52.365299],[4.8937503,52.3655281],[4.8943669,52.3658099],[4.8949185,52.3660955],[4.8952113,52.3661825],[4.8955051,52.3661665],[4.8958219,52.3660211],[4.895777,52.3663015],[4.8972626,52.3663524],[4.8997313,52.3662199],[4.9004183,52.36632],[4.900193,52.3665913],[4.8990133,52.3669947],[4.8975935,52.3670732],[4.8971268,52.367149],[4.8962136,52.367062],[4.8957911,52.3668567],[4.8954986,52.366762],[4.8952048,52.3667698],[4.89491,52.366882],[4.8946099,52.3670681],[4.8945109,52.3671693]]]},"properties":{"SELECTIE":8354,"LABEL":"8354-10025"}},{"id":791,"type":"Feature","geometry":{"type":"Polygon","coordinates":[[[4.8930592,52.3776779],[4.8933212,52.377731],[4.8936146,52.3777572],[4.8939084,52.3777529],[4.8944964,52.3776909],[4.894793,52.3776743],[4.8950839,52.3777],[4.8953768,52.3777666],[4.8968691,52.3782458],[4.8965711,52.3784921],[4.8953379,52.3791897],[4.8952688,52.3792866],[4.8950543,52.3793968],[4.8941494,52.3786744],[4.8930592,52.3776779]]]},"properties":{"SELECTIE":8354,"LABEL":"8354-10025"}},{"id":792,"type":"Feature","geometry":{"type":"Polygon","coordinates":[[[4.9064797,52.3425327],[4.9051445,52.3461111],[4.9043257,52.3460173],[4.9044911,52.3456394],[4.9042648,52.3454327],[4.9038219,52.3453733],[4.8948936,52.3421595],[4.8948392,52.3422252],[4.8936883,52.3417925],[4.89355,52.3409359],[4.8979694,52.3407235],[4.8978368,52.3410694],[4.8977658,52.3411979],[4.8975338,52.3413761],[4.896952,52.3414662],[4.8966578,52.3415381],[4.8963491,52.3417313],[4.896324,52.3419109],[4.8963595,52.3419654],[4.8964803,52.3420914],[4.8966508,52.3421747],[4.8969436,52.3422283],[4.8972377,52.3421804],[4.8973936,52.3420951],[4.8978293,52.3417456],[4.8981238,52.3416466],[4.8984173,52.341654],[4.8995897,52.3417913],[4.8998832,52.3417974],[4.9007645,52.3417229],[4.9016443,52.3417768],[4.9022312,52.3417828],[4.9026464,52.3417572],[4.9027658,52.3417385],[4.9028186,52.3417342],[4.9031128,52.3416846],[4.903437,52.3415807],[4.9036551,52.3414017],[4.9034047,52.3412223],[4.9031184,52.3411619],[4.9028258,52.3410771],[4.9025337,52.3409443],[4.9020923,52.3406764],[4.9019191,52.3405334],[4.9061612,52.3403292],[4.9070606,52.3404151],[4.9072203,52.3405475],[4.9067986,52.341678],[4.9067228,52.3415941],[4.9066644,52.3415504],[4.9066362,52.3415235],[4.906571,52.3414806],[4.9064809,52.3414133],[4.9063448,52.3413316],[4.906053,52.3412311],[4.9057593,52.3411945],[4.9054658,52.3411971],[4.9051743,52.3412293],[4.9048776,52.3413208],[4.9046988,52.3414061],[4.9046926,52.3415858],[4.9047702,52.3417658],[4.9050179,52.3421263],[4.905218,52.3423069],[4.9054524,52.3424419],[4.9057449,52.3425258],[4.9060381,52.3425527],[4.9064797,52.3425327]]]},"properties":{"SELECTIE":8354,"LABEL":"8354-10025"}},{"id":793,"type":"Feature","geometry":{"type":"Polygon","coordinates":[[[4.8947351,52.385393],[4.8946587,52.3854965],[4.8935715,52.3852013],[4.8940914,52.3845268],[4.8941147,52.3846828],[4.8941903,52.3848629],[4.8943254,52.3850433],[4.8947351,52.385393]]]},"properties":{"SELECTIE":8354,"LABEL":"8354-10025"}},{"id":794,"type":"Feature","geometry":{"type":"Polygon","coordinates":[[[4.8974786,52.3651844],[4.8976879,52.3652262],[4.897422,52.3659303],[4.8961811,52.3657753],[4.8966417,52.3654599],[4.896983,52.365291],[4.8972775,52.3652091],[4.8974786,52.3651844]]]},"properties":{"SELECTIE":8354,"LABEL":"8354-10025"}},{"id":795,"type":"Feature","geometry":{"type":"Polygon","coordinates":[[[4.896974,52.3676866],[4.8972827,52.3677092],[4.8982027,52.3676119],[4.9002476,52.369434],[4.9005172,52.3693277],[4.9008347,52.3695628],[4.9005923,52.3700042],[4.9003537,52.3720002],[4.8999808,52.3720998],[4.8964806,52.368341],[4.8966561,52.3682993],[4.8969618,52.3681575],[4.8970603,52.3679781],[4.8970304,52.3677982],[4.896974,52.3676866]]]},"properties":{"SELECTIE":8354,"LABEL":"8354-10025"}},{"id":796,"type":"Feature","geometry":{"type":"Polygon","coordinates":[[[4.9005791,52.365779],[4.9003696,52.3662191],[4.8988372,52.3659769],[4.8987123,52.3658625],[4.8988892,52.3654768],[4.9005791,52.365779]]]},"properties":{"SELECTIE":8354,"LABEL":"8354-10025"}},{"id":797,"type":"Feature","geometry":{"type":"Polygon","coordinates":[[[4.9009115,52.3651384],[4.9006913,52.3655757],[4.8988341,52.3652158],[4.8993331,52.3652032],[4.9002146,52.3651424],[4.9009115,52.3651384]]]},"properties":{"SELECTIE":8354,"LABEL":"8354-10025"}},{"id":798,"type":"Feature","geometry":{"type":"Polygon","coordinates":[[[4.8995957,52.3937392],[4.9009044,52.3932454],[4.9015519,52.3919006],[4.9032585,52.3922014],[4.9024517,52.393616],[4.9016566,52.3940719],[4.9003429,52.3945688],[4.9000724,52.394414],[4.8998458,52.3942334],[4.8997014,52.394053],[4.8996182,52.3938729],[4.8995957,52.3937392]]]},"properties":{"SELECTIE":8354,"LABEL":"8354-10025"}},{"id":799,"type":"Feature","geometry":{"type":"Polygon","coordinates":[[[4.9013631,52.3747539],[4.9021595,52.3762973],[4.9021719,52.3765465],[4.9019133,52.3767575],[4.9019732,52.3768039],[4.9008143,52.3766516],[4.8999129,52.3763897],[4.899875,52.376414],[4.9003932,52.3756447],[4.9004969,52.3755419],[4.9009682,52.3751844],[4.901167,52.3750054],[4.9013631,52.3747539]]]},"properties":{"SELECTIE":8354,"LABEL":"8354-10025"}},{"id":800,"type":"Feature","geometry":{"type":"Polygon","coordinates":[[[4.9014154,52.3740055],[4.9004863,52.3721398],[4.9007,52.3705545],[4.9007764,52.3701693],[4.9010815,52.3696523],[4.9016143,52.3700273],[4.9014573,52.3702099],[4.9057632,52.3720792],[4.903187,52.3735032],[4.902662,52.3743164],[4.9031634,52.3756835],[4.9031194,52.3759234],[4.9025172,52.3762178],[4.9015143,52.374204],[4.9015169,52.374108],[4.9014154,52.3740055]]]},"properties":{"SELECTIE":8354,"LABEL":"8354-10025"}},{"id":801,"type":"Feature","geometry":{"type":"Polygon","coordinates":[[[4.9036711,52.3684822],[4.9010417,52.3695377],[4.9005778,52.3691118],[4.9032073,52.3680439],[4.9036711,52.3684822]]]},"properties":{"SELECTIE":8354,"LABEL":"8354-10025"}},{"id":802,"type":"Feature","geometry":{"type":"Polygon","coordinates":[[[4.9045766,52.3665874],[4.9039947,52.3675758],[4.9037434,52.3676084],[4.9036141,52.367662],[4.9034915,52.3677483],[4.9034418,52.3678801],[4.9032111,52.367823],[4.9028098,52.3675911],[4.9019715,52.366812],[4.901568,52.3664845],[4.9017759,52.3664853],[4.9017798,52.3661259],[4.9020735,52.3661271],[4.9020736,52.3661153],[4.9045766,52.3665874]]]},"properties":{"SELECTIE":8354,"LABEL":"8354-10025"}},{"id":803,"type":"Feature","geometry":{"type":"Polygon","coordinates":[[[4.9076835,52.3711264],[4.9071639,52.3714465],[4.9064165,52.37181],[4.902336,52.3701187],[4.9025756,52.3699175],[4.9029189,52.3696914],[4.9032922,52.3695222],[4.9037899,52.3693348],[4.9074179,52.3708725],[4.9072927,52.370992],[4.9076835,52.3711264]]]},"properties":{"SELECTIE":8354,"LABEL":"8354-10025"}},{"id":804,"type":"Feature","geometry":{"type":"Polygon","coordinates":[[[4.9058024,52.3646487],[4.9057009,52.3648336],[4.9055001,52.365059],[4.9025503,52.3644731],[4.9028619,52.363876],[4.9031654,52.3638119],[4.903458,52.3639019],[4.90404,52.3643842],[4.9043327,52.3644759],[4.9046265,52.3644654],[4.9049175,52.3644151],[4.9052142,52.3644094],[4.9055069,52.3645027],[4.9056742,52.3645981],[4.9058024,52.3646487]]]},"properties":{"SELECTIE":8354,"LABEL":"8354-10025"}},{"id":805,"type":"Feature","geometry":{"type":"Polygon","coordinates":[[[4.9049436,52.396937],[4.9039778,52.3972785],[4.9028199,52.3960841],[4.9029218,52.3960441],[4.9031079,52.3960654],[4.9034309,52.3960455],[4.9037232,52.395867],[4.9037261,52.3957328],[4.9049436,52.396937]]]},"properties":{"SELECTIE":8354,"LABEL":"8354-10025"}},{"id":806,"type":"Feature","geometry":{"type":"Polygon","coordinates":[[[4.9053649,52.3652817],[4.9047531,52.3663129],[4.9034979,52.3660835],[4.9040342,52.3650213],[4.9053649,52.3652817]]]},"properties":{"SELECTIE":8354,"LABEL":"8354-10025"}},{"id":807,"type":"Feature","geometry":{"type":"Polygon","coordinates":[[[4.9038081,52.3505699],[4.9043504,52.349208],[4.9096044,52.3499463],[4.9089602,52.3512199],[4.9084057,52.3521139],[4.9082828,52.3521318],[4.9079893,52.3521288],[4.9071096,52.3520432],[4.9065233,52.3519628],[4.9059387,52.3518357],[4.905471,52.3516551],[4.905186,52.3514742],[4.9047698,52.3511133],[4.9044804,52.3509309],[4.9038081,52.3505699]]]},"properties":{"SELECTIE":8354,"LABEL":"8354-10025"}},{"id":808,"type":"Feature","geometry":{"type":"Polygon","coordinates":[[[4.9035001,52.3850281],[4.9035808,52.3850633],[4.9044423,52.3843919],[4.9058946,52.3850238],[4.906363,52.3853252],[4.9069229,52.386204],[4.9069365,52.3865851],[4.9059147,52.3886248],[4.9055379,52.3887407],[4.9054046,52.3888045],[4.9046176,52.3886659],[4.904805,52.3885015],[4.904971,52.3883225],[4.9050825,52.3881432],[4.9051411,52.3879637],[4.9051609,52.387784],[4.9051504,52.3876778],[4.9051529,52.3876042],[4.9051354,52.3875235],[4.9051257,52.3874243],[4.9050772,52.3872539],[4.9050363,52.3870645],[4.9049711,52.386881],[4.9048732,52.3867043],[4.9046815,52.3864523],[4.9043905,52.3862057],[4.9038075,52.3857742],[4.9037124,52.3856211],[4.9035001,52.3850281]]]},"properties":{"SELECTIE":8354,"LABEL":"8354-10025"}},{"id":809,"type":"Feature","geometry":{"type":"Polygon","coordinates":[[[4.9074897,52.3728129],[4.9060457,52.3736412],[4.904728,52.374347],[4.903876,52.3737588],[4.9064107,52.3723472],[4.9074897,52.3728129]]]},"properties":{"SELECTIE":8354,"LABEL":"8354-10025"}},{"id":810,"type":"Feature","geometry":{"type":"Polygon","coordinates":[[[4.9105277,52.3716371],[4.9079368,52.3725303],[4.9069507,52.372065],[4.9069203,52.3720144],[4.9077522,52.3714552],[4.9086037,52.37101],[4.903989,52.3690764],[4.9046008,52.3688198],[4.9080864,52.3701422],[4.9089182,52.3705626],[4.9105277,52.3716371]]]},"properties":{"SELECTIE":8354,"LABEL":"8354-10025"}},{"id":811,"type":"Feature","geometry":{"type":"Polygon","coordinates":[[[4.9107352,52.3757902],[4.9106508,52.3762417],[4.9104312,52.3765953],[4.9085465,52.376532],[4.9076494,52.3765214],[4.9061822,52.3767241],[4.9053062,52.3768665],[4.9040651,52.3771465],[4.9040468,52.3767571],[4.9053693,52.376276],[4.9078414,52.3755631],[4.908947,52.375213],[4.9093678,52.3751521],[4.9098445,52.3751749],[4.9101952,52.3752945],[4.9106241,52.3755605],[4.9107352,52.3757902]]]},"properties":{"SELECTIE":8354,"LABEL":"8354-10025"}},{"id":812,"type":"Feature","geometry":{"type":"Polygon","coordinates":[[[4.9113809,52.3474323],[4.9111327,52.3478016],[4.9106653,52.3481857],[4.9102246,52.3484913],[4.9100418,52.3487426],[4.9096713,52.3497022],[4.9044303,52.348972],[4.9053579,52.3464784],[4.9103998,52.347181],[4.9106813,52.3474568],[4.910974,52.3475313],[4.9112687,52.3474201],[4.9113436,52.3473647],[4.9113539,52.3473136],[4.9113809,52.3474323]]]},"properties":{"SELECTIE":8354,"LABEL":"8354-10025"}},{"id":813,"type":"Feature","geometry":{"type":"Polygon","coordinates":[[[4.9065689,52.3955236],[4.90535,52.395979],[4.9059655,52.3965626],[4.9053409,52.3968137],[4.9040932,52.3956041],[4.9059854,52.3948754],[4.9065689,52.3955236]]]},"properties":{"SELECTIE":8354,"LABEL":"8354-10025"}},{"id":814,"type":"Feature","geometry":{"type":"Polygon","coordinates":[[[4.9056211,52.3939152],[4.9053479,52.3940194],[4.9044572,52.393159],[4.9068251,52.391958],[4.9079705,52.3930188],[4.9072195,52.3933053],[4.90696,52.3930767],[4.9068256,52.3930036],[4.906668,52.3929263],[4.906375,52.3928488],[4.9060815,52.392817],[4.9057875,52.3928255],[4.9054933,52.3928696],[4.9050166,52.3929961],[4.9049033,52.3930937],[4.9048619,52.3931753],[4.9048838,52.3933552],[4.9050087,52.3935354],[4.9052248,52.3937161],[4.9056211,52.3939152]]]},"properties":{"SELECTIE":8354,"LABEL":"8354-10025"}},{"id":815,"type":"Feature","geometry":{"type":"Polygon","coordinates":[[[4.9082269,52.3658405],[4.9072499,52.3662232],[4.9068697,52.3663145],[4.9057823,52.3663797],[4.9055035,52.3664482],[4.9050367,52.3663767],[4.9056798,52.3653427],[4.9082269,52.3658405]]]},"properties":{"SELECTIE":8354,"LABEL":"8354-10025"}},{"id":816,"type":"Feature","geometry":{"type":"Polygon","coordinates":[[[4.9101774,52.3769556],[4.9099795,52.3774206],[4.9052483,52.3780131],[4.9049906,52.3776785],[4.9055606,52.3774791],[4.9072778,52.3772916],[4.9099958,52.376948],[4.9101774,52.3769556]]]},"properties":{"SELECTIE":8354,"LABEL":"8354-10025"}},{"id":817,"type":"Feature","geometry":{"type":"Polygon","coordinates":[[[4.90968,52.3697392],[4.9092967,52.3695308],[4.908616,52.3700901],[4.9051862,52.3688463],[4.9058457,52.3683214],[4.9052896,52.3680755],[4.907003,52.3674908],[4.9097949,52.3693517],[4.9097062,52.3694676],[4.9096677,52.3696473],[4.90968,52.3697392]]]},"properties":{"SELECTIE":8354,"LABEL":"8354-10025"}},{"id":818,"type":"Feature","geometry":{"type":"Polygon","coordinates":[[[4.9104148,52.3468895],[4.9061904,52.3463295],[4.9054392,52.3461947],[4.9068362,52.3425101],[4.9069191,52.3425049],[4.9072116,52.3425929],[4.9072551,52.3426746],[4.9075029,52.3427939],[4.9076741,52.3428561],[4.9083818,52.3429331],[4.9086741,52.3430462],[4.9089649,52.3432943],[4.9091949,52.3435813],[4.9093916,52.3437618],[4.9097242,52.3439429],[4.9101307,52.344056],[4.9104239,52.3440865],[4.9107174,52.3440835],[4.9110113,52.3440457],[4.9113058,52.3439595],[4.9116011,52.3437706],[4.9117355,52.3435915],[4.9118287,52.3434121],[4.9119737,52.3430531],[4.9120689,52.3426941],[4.9121482,52.3425146],[4.9122797,52.3423354],[4.9124072,52.3422317],[4.9126947,52.3425778],[4.912957,52.3431879],[4.912898,52.3436815],[4.9120402,52.3459826],[4.9116398,52.3469687],[4.9115049,52.347034],[4.9111812,52.3469911],[4.9109808,52.3468909],[4.9106882,52.3468143],[4.9106144,52.3468226],[4.9104148,52.3468895]]]},"properties":{"SELECTIE":8354,"LABEL":"8354-10025"}},{"id":819,"type":"Feature","geometry":{"type":"Polygon","coordinates":[[[4.9067668,52.3673392],[4.9056202,52.3677456],[4.9052267,52.3672964],[4.9061634,52.3669728],[4.9064856,52.3671467],[4.9067668,52.3673392]]]},"properties":{"SELECTIE":8354,"LABEL":"8354-10025"}},{"id":820,"type":"Feature","geometry":{"type":"Polygon","coordinates":[[[4.905319,52.3594986],[4.9057658,52.3595635],[4.9065696,52.3597939],[4.9076003,52.3605706],[4.9080591,52.3606814],[4.9078467,52.3610271],[4.9078092,52.3610452],[4.9055756,52.3605844],[4.9054754,52.3602832],[4.9053945,52.3597437],[4.905319,52.3594986]]]},"properties":{"SELECTIE":8354,"LABEL":"8354-10025"}},{"id":821,"type":"Feature","geometry":{"type":"Polygon","coordinates":[[[4.9102887,52.3570263],[4.9087394,52.3595382],[4.9057528,52.3588494],[4.9062465,52.3577359],[4.906657,52.3577715],[4.9076334,52.3579197],[4.9079269,52.3579182],[4.9082214,52.3578323],[4.9087111,52.3576],[4.9095987,52.3572441],[4.9102887,52.3570263]]]},"properties":{"SELECTIE":8354,"LABEL":"8354-10025"}},{"id":822,"type":"Feature","geometry":{"type":"Polygon","coordinates":[[[4.9074396,52.3611981],[4.9073041,52.3612351],[4.9070099,52.361277],[4.9067163,52.3612793],[4.9064231,52.3612343],[4.9061308,52.3611213],[4.9059385,52.3610041],[4.9057462,52.3608367],[4.9074396,52.3611981]]]},"properties":{"SELECTIE":8354,"LABEL":"8354-10025"}},{"id":823,"type":"Feature","geometry":{"type":"Polygon","coordinates":[[[4.9056451,52.3971373],[4.9054945,52.3969886],[4.9061946,52.3967119],[4.9056451,52.3971373]]]},"properties":{"SELECTIE":8354,"LABEL":"8354-10025"}},{"id":824,"type":"Feature","geometry":{"type":"Polygon","coordinates":[[[4.9096024,52.3654228],[4.9087617,52.3656829],[4.9058513,52.3651205],[4.9060769,52.3647417],[4.9063846,52.3647926],[4.9066782,52.3648017],[4.906972,52.3647856],[4.9072663,52.3647328],[4.9075608,52.3646447],[4.9078555,52.364531],[4.90815,52.3644558],[4.9084365,52.3644293],[4.9087374,52.3644482],[4.9090303,52.3645071],[4.909324,52.3646113],[4.9094871,52.3647933],[4.9096024,52.3654228]]]},"properties":{"SELECTIE":8354,"LABEL":"8354-10025"}},{"id":825,"type":"Feature","geometry":{"type":"Polygon","coordinates":[[[4.9104451,52.3897845],[4.9083105,52.3867551],[4.9070504,52.3851155],[4.9065669,52.3847089],[4.9064726,52.3845081],[4.9064312,52.383863],[4.9067652,52.3839201],[4.9070589,52.3839423],[4.9075128,52.3839469],[4.9082586,52.3842804],[4.9086634,52.3847424],[4.9088957,52.3849231],[4.9092006,52.3851041],[4.9096537,52.3853155],[4.909597,52.3853497],[4.9092241,52.3853994],[4.9090946,52.385503],[4.9095159,52.3857346],[4.90977,52.3859831],[4.9099405,52.3862509],[4.9103031,52.3865747],[4.910667,52.3867607],[4.9112622,52.3869635],[4.9110601,52.3872299],[4.9127171,52.3878141],[4.9129738,52.3879191],[4.9125942,52.3882535],[4.9122278,52.3885315],[4.9117062,52.3888608],[4.9110232,52.3892457],[4.9107631,52.3894243],[4.9105663,52.3896034],[4.9104451,52.3897845]]]},"properties":{"SELECTIE":8354,"LABEL":"8354-10025"}},{"id":826,"type":"Feature","geometry":{"type":"Polygon","coordinates":[[[4.9064685,52.3885804],[4.90692,52.387715],[4.9073902,52.38674],[4.9079185,52.3865837],[4.9104027,52.3900347],[4.9104119,52.390142],[4.9104853,52.390322],[4.910607,52.3905022],[4.9109811,52.3909318],[4.9109801,52.3910248],[4.910804,52.3910804],[4.9098782,52.3908977],[4.9092011,52.3908899],[4.9086822,52.3909492],[4.9081539,52.3911106],[4.9075826,52.3913692],[4.907179,52.3916028],[4.906881,52.3913255],[4.9067249,52.3911512],[4.9069819,52.3910677],[4.9072769,52.3909396],[4.9075725,52.3907773],[4.9079744,52.3904916],[4.9081527,52.3903126],[4.9082867,52.3901334],[4.9083609,52.389954],[4.9083776,52.3897742],[4.9083304,52.3895944],[4.9082108,52.389414],[4.9080252,52.3892336],[4.9077695,52.3890528],[4.9073001,52.3887974],[4.907003,52.3886906],[4.9067146,52.3886101],[4.9064685,52.3885804]]]},"properties":{"SELECTIE":8354,"LABEL":"8354-10025"}},{"id":827,"type":"Feature","geometry":{"type":"Polygon","coordinates":[[[4.9070222,52.3420197],[4.9076109,52.3404667],[4.9084698,52.340569],[4.9095161,52.3407542],[4.9097818,52.3408426],[4.9092808,52.3412038],[4.9085776,52.3416014],[4.9083605,52.3417804],[4.9080979,52.3420498],[4.9078027,52.3422175],[4.9075081,52.3423138],[4.907456,52.342316],[4.9072139,52.3423803],[4.9070222,52.3420197]]]},"properties":{"SELECTIE":8354,"LABEL":"8354-10025"}},{"id":828,"type":"Feature","geometry":{"type":"Polygon","coordinates":[[[4.9112147,52.3917521],[4.9083776,52.392835],[4.9072777,52.3917413],[4.9074886,52.391558],[4.907943,52.3912939],[4.908371,52.3911269],[4.9087733,52.3910262],[4.9092923,52.3909721],[4.9099521,52.3910054],[4.911128,52.3912607],[4.9112147,52.3917521]]]},"properties":{"SELECTIE":8354,"LABEL":"8354-10025"}},{"id":829,"type":"Feature","geometry":{"type":"Polygon","coordinates":[[[4.9109889,52.3665914],[4.9093754,52.3671446],[4.9084772,52.3660657],[4.9096971,52.3656563],[4.9100041,52.3662334],[4.9101822,52.3664143],[4.9104766,52.3665575],[4.9107699,52.3665952],[4.9109889,52.3665914]]]},"properties":{"SELECTIE":8354,"LABEL":"8354-10025"}},{"id":830,"type":"Feature","geometry":{"type":"Polygon","coordinates":[[[4.9103647,52.3691402],[4.910337,52.3691203],[4.9108385,52.3687959],[4.9093872,52.3673207],[4.9117043,52.3665391],[4.9117976,52.3665345],[4.9136155,52.3684859],[4.9112614,52.3692583],[4.9107425,52.3691492],[4.910449,52.3691319],[4.9103647,52.3691402]]]},"properties":{"SELECTIE":8354,"LABEL":"8354-10025"}},{"id":831,"type":"Feature","geometry":{"type":"Polygon","coordinates":[[[4.9100451,52.3816712],[4.9108545,52.3816219],[4.910904,52.3812779],[4.9110654,52.3812152],[4.9115367,52.3811749],[4.9140091,52.3829977],[4.9134581,52.3829674],[4.9124128,52.3829985],[4.911286,52.3831344],[4.9104824,52.3831101],[4.9095992,52.3829608],[4.9096023,52.3827689],[4.9099247,52.3822309],[4.9100048,52.3820516],[4.9100496,52.3818719],[4.9100451,52.3816712]]]},"properties":{"SELECTIE":8354,"LABEL":"8354-10025"}},{"id":832,"type":"Feature","geometry":{"type":"Polygon","coordinates":[[[4.9105609,52.363107],[4.9105036,52.3629998],[4.9101064,52.3626387],[4.9099479,52.3624583],[4.9098855,52.3622783],[4.9099373,52.3620836],[4.9100971,52.3619196],[4.9103301,52.3617983],[4.9124328,52.3622394],[4.9124658,52.3622886],[4.9125771,52.3623315],[4.912781,52.3623123],[4.9157639,52.3629381],[4.9156916,52.3630205],[4.9156456,52.3632044],[4.9110143,52.3622601],[4.9105609,52.363107]]]},"properties":{"SELECTIE":8354,"LABEL":"8354-10025"}},{"id":833,"type":"Feature","geometry":{"type":"Polygon","coordinates":[[[4.9113656,52.3712839],[4.911131,52.3713602],[4.9099482,52.370561],[4.9102004,52.3704076],[4.9104799,52.3705493],[4.9107818,52.3707302],[4.9113656,52.3712839]]]},"properties":{"SELECTIE":8354,"LABEL":"8354-10025"}},{"id":834,"type":"Feature","geometry":{"type":"Polygon","coordinates":[[[4.9111503,52.3556242],[4.9108906,52.3553115],[4.9106001,52.3550349],[4.9105002,52.3549109],[4.9104022,52.3547308],[4.91034,52.3545508],[4.9103315,52.3543709],[4.9104016,52.3541915],[4.9106122,52.3539073],[4.9107143,52.3538333],[4.9109075,52.3537491],[4.911201,52.3537463],[4.911494,52.353798],[4.9121322,52.3539414],[4.911583,52.3549113],[4.9111503,52.3556242]]]},"properties":{"SELECTIE":8354,"LABEL":"8354-10025"}},{"id":835,"type":"Feature","geometry":{"type":"Polygon","coordinates":[[[4.910252,52.3640832],[4.9102663,52.3638976],[4.9105673,52.3633979],[4.9107964,52.3641591],[4.9107004,52.3641682],[4.9102801,52.3640884],[4.910252,52.3640832]]]},"properties":{"SELECTIE":8354,"LABEL":"8354-10025"}},{"id":836,"type":"Feature","geometry":{"type":"Polygon","coordinates":[[[4.9101565,52.3982299],[4.9101685,52.3982098],[4.9107156,52.3983184],[4.9111782,52.3979761],[4.9112238,52.3980543],[4.9113133,52.3981253],[4.9116068,52.3981598],[4.9121944,52.3981672],[4.9124884,52.3981507],[4.9125837,52.3981655],[4.9122018,52.3984841],[4.9113074,52.3991086],[4.911221,52.3991981],[4.9110085,52.3991547],[4.9107158,52.399041],[4.9104254,52.3987137],[4.9102368,52.3984098],[4.9101565,52.3982299]]]},"properties":{"SELECTIE":8354,"LABEL":"8354-10025"}},{"id":837,"type":"Feature","geometry":{"type":"Polygon","coordinates":[[[4.9107052,52.3616099],[4.9108239,52.3615408],[4.9109833,52.361384],[4.9110579,52.3612045],[4.9110397,52.3610365],[4.9114403,52.3612848],[4.9116621,52.3613674],[4.9121195,52.3613887],[4.91273,52.361506],[4.9127102,52.3615707],[4.9124186,52.3619707],[4.9107052,52.3616099]]]},"properties":{"SELECTIE":8354,"LABEL":"8354-10025"}},{"id":838,"type":"Feature","geometry":{"type":"MultiPolygon","coordinates":[[[[4.9115007,52.399238],[4.9119849,52.3988978],[4.9128684,52.398219],[4.9136617,52.3983452],[4.9139558,52.39833],[4.914196,52.3982459],[4.9142513,52.3981738],[4.9142915,52.3980664],[4.9142534,52.3979825],[4.9141525,52.3978862],[4.9139611,52.3978216],[4.9133178,52.397745],[4.9135134,52.3975388],[4.9141236,52.3966071],[4.9143259,52.3959852],[4.9143709,52.3957762],[4.9151597,52.3956456],[4.9166326,52.3953083],[4.9169269,52.3952612],[4.9179745,52.395145],[4.9180393,52.3953372],[4.9183969,52.3960652],[4.9177392,52.3977951],[4.9171061,52.3984153],[4.9177454,52.3986193],[4.917478,52.3987077],[4.9172974,52.3987975],[4.9170315,52.3989761],[4.9169022,52.3991554],[4.9168597,52.3993349],[4.9168921,52.3995148],[4.9169912,52.399695],[4.9171719,52.3998663],[4.9174644,52.3999914],[4.9177581,52.400014],[4.9180527,52.3999465],[4.9181749,52.3998794],[4.9183484,52.3997787],[4.9186425,52.3995209],[4.919083,52.3990422],[4.9196297,52.3992157],[4.9200853,52.3993291],[4.9205126,52.3996503],[4.9212729,52.3992166],[4.9218219,52.3995737],[4.9216076,52.3997742],[4.9202785,52.40029],[4.9201064,52.4002612],[4.9198126,52.4002496],[4.9195182,52.4003047],[4.919218,52.4004219],[4.9186336,52.4005924],[4.9183392,52.4006439],[4.918045,52.4006749],[4.917751,52.4006917],[4.9171632,52.4006933],[4.9165758,52.400663],[4.9156949,52.400593],[4.9153457,52.4005872],[4.9151068,52.4006327],[4.9150054,52.4007656],[4.9148238,52.4009447],[4.9145136,52.4011438],[4.9140605,52.4013011],[4.913924,52.4013267],[4.91363,52.401335],[4.9133324,52.4012985],[4.9130435,52.401204],[4.9128537,52.4011166],[4.9126591,52.400936],[4.9126314,52.4007561],[4.9127556,52.4006585],[4.9129719,52.4005778],[4.9130504,52.4005635],[4.9133446,52.4005306],[4.9139327,52.4004937],[4.9148145,52.4004713],[4.9150437,52.4004063],[4.9151097,52.4003558],[4.9151609,52.4002271],[4.9151584,52.4000473],[4.9150372,52.399867],[4.9146997,52.399686],[4.9139465,52.3995016],[4.9133566,52.3994045],[4.9127698,52.3993303],[4.9118888,52.3992765],[4.9115007,52.399238]],[[4.9171998,52.3972306],[4.9174541,52.3971803],[4.9178553,52.3970021],[4.9179479,52.3968228],[4.917825,52.3966426],[4.917538,52.3964617],[4.9172095,52.3963214],[4.9170614,52.3962799],[4.9169164,52.3962483],[4.9166225,52.3962517],[4.9165109,52.3962778],[4.9163277,52.3963364],[4.9160982,52.396456],[4.9159256,52.396635],[4.9158749,52.3968145],[4.9159065,52.3969944],[4.9160238,52.3971746],[4.9163174,52.397318],[4.916611,52.3973274],[4.9171998,52.3972306]]]]},"properties":{"SELECTIE":8354,"LABEL":"8354-10025"}},{"id":839,"type":"Feature","geometry":{"type":"Polygon","coordinates":[[[4.9119745,52.3694505],[4.9186812,52.3671116],[4.9186644,52.3671666],[4.9183543,52.3675249],[4.9183322,52.3677045],[4.9183889,52.3678865],[4.9185341,52.3680648],[4.9186817,52.3681631],[4.9189753,52.3681611],[4.9192697,52.3681046],[4.9195643,52.3680082],[4.9196884,52.3678897],[4.9197563,52.3677102],[4.9197097,52.3675302],[4.9195714,52.3673192],[4.919355,52.3671693],[4.9192805,52.3670692],[4.9191057,52.3669886],[4.9191046,52.366964],[4.922576,52.3657532],[4.9238706,52.366629],[4.9229925,52.3667126],[4.923532,52.3672735],[4.9186905,52.3689015],[4.9187486,52.3690106],[4.9160473,52.3700085],[4.9159293,52.3699427],[4.9137558,52.3706177],[4.9135406,52.3702021],[4.9133779,52.3700174],[4.9131257,52.3698409],[4.9127922,52.3696974],[4.9119745,52.3694505]]]},"properties":{"SELECTIE":8354,"LABEL":"8354-10025"}},{"id":840,"type":"Feature","geometry":{"type":"Polygon","coordinates":[[[4.9120393,52.397181],[4.912555,52.3963776],[4.9121731,52.396291],[4.9123605,52.39585],[4.9127166,52.3959152],[4.9127344,52.3958349],[4.9131006,52.3958607],[4.9140814,52.3958085],[4.9140205,52.3960322],[4.9137701,52.3966806],[4.9134596,52.3972328],[4.9130817,52.3976855],[4.9124959,52.3974482],[4.9122042,52.3972517],[4.9120393,52.397181]]]},"properties":{"SELECTIE":8354,"LABEL":"8354-10025"}},{"id":841,"type":"Feature","geometry":{"type":"Polygon","coordinates":[[[4.9128971,52.3949738],[4.9128356,52.3945423],[4.9122971,52.394455],[4.9123797,52.3943206],[4.9125301,52.3942575],[4.9126874,52.3941543],[4.9131085,52.3942454],[4.9136134,52.3942313],[4.9139051,52.394149],[4.9134861,52.3944684],[4.9128971,52.3949738]]]},"properties":{"SELECTIE":8354,"LABEL":"8354-10025"}},{"id":842,"type":"Feature","geometry":{"type":"Polygon","coordinates":[[[4.9173553,52.3845161],[4.9159087,52.3836237],[4.9124899,52.3811717],[4.9125034,52.380975],[4.9193385,52.3817961],[4.9183388,52.385123],[4.9181715,52.3850197],[4.9182319,52.3849603],[4.9183425,52.384781],[4.9182501,52.3846009],[4.917922,52.3845074],[4.9176283,52.3844927],[4.9173553,52.3845161]]]},"properties":{"SELECTIE":8354,"LABEL":"8354-10025"}},{"id":843,"type":"Feature","geometry":{"type":"Polygon","coordinates":[[[4.9126485,52.3831625],[4.9136166,52.3831859],[4.9143621,52.3832732],[4.9152892,52.3835649],[4.9159398,52.3839329],[4.9169032,52.3846197],[4.9167451,52.3846681],[4.9164956,52.3847736],[4.9162312,52.3849523],[4.9160522,52.3851315],[4.9159426,52.3853108],[4.9159152,52.3854904],[4.9160146,52.3856705],[4.916146,52.3857662],[4.9164385,52.3858864],[4.9167317,52.3859392],[4.917026,52.3858965],[4.9170907,52.3858546],[4.9173212,52.3857571],[4.9176172,52.3855404],[4.9178835,52.3852968],[4.9180031,52.3853746],[4.9185175,52.3855945],[4.9190899,52.3857724],[4.9196418,52.3858596],[4.9197284,52.3864043],[4.9197355,52.386584],[4.91966,52.3868307],[4.9193639,52.3871273],[4.9190695,52.3871154],[4.9181911,52.3868243],[4.9178983,52.3867403],[4.9176051,52.3866786],[4.9170179,52.3866495],[4.9167239,52.3866768],[4.9164008,52.3867506],[4.9156628,52.386828],[4.914605,52.3863589],[4.913908,52.3860189],[4.9134086,52.3856585],[4.9137983,52.3855383],[4.9139312,52.3854825],[4.9140947,52.3853045],[4.9140873,52.3851237],[4.9139929,52.3849435],[4.9129399,52.3833877],[4.9126485,52.3831625]]]},"properties":{"SELECTIE":8354,"LABEL":"8354-10025"}},{"id":844,"type":"Feature","geometry":{"type":"Polygon","coordinates":[[[4.913314,52.3391637],[4.913412,52.3391043],[4.9134177,52.3385651],[4.913713,52.3383866],[4.9137169,52.3380271],[4.9140121,52.3378485],[4.9140141,52.3376687],[4.9143095,52.3374902],[4.9143114,52.3373104],[4.9149021,52.3369533],[4.9151956,52.3369545],[4.9154908,52.3367759],[4.9154927,52.3365962],[4.9155819,52.3365422],[4.9168741,52.3368617],[4.9169914,52.3373211],[4.9170859,52.3375012],[4.9172605,52.3376817],[4.9181155,52.33832],[4.9183873,52.3385848],[4.9185183,52.3387652],[4.9186938,52.3391408],[4.9187965,52.3393054],[4.9189845,52.339484],[4.9192294,52.3396666],[4.9193104,52.3398468],[4.9192729,52.3398945],[4.9189785,52.3399782],[4.918686,52.3398947],[4.9183938,52.3397751],[4.9181011,52.3396872],[4.9178083,52.3396411],[4.9175151,52.3396158],[4.9169284,52.3395936],[4.9163413,52.3395925],[4.9160478,52.339599],[4.9154689,52.3396519],[4.9151672,52.3396242],[4.9145804,52.3395995],[4.9144475,52.3396261],[4.913314,52.3391637]]]},"properties":{"SELECTIE":8354,"LABEL":"8354-10025"}},{"id":845,"type":"Feature","geometry":{"type":"Polygon","coordinates":[[[4.913422,52.3929572],[4.913882,52.3936062],[4.9140063,52.3939917],[4.9135683,52.3941275],[4.9132853,52.3941538],[4.9131186,52.3941414],[4.9128098,52.3940645],[4.913088,52.3937476],[4.9131901,52.3935684],[4.9133452,52.3932095],[4.913422,52.3929572]]]},"properties":{"SELECTIE":8354,"LABEL":"8354-10025"}},{"id":846,"type":"Feature","geometry":{"type":"Polygon","coordinates":[[[4.9132317,52.362142],[4.9134609,52.3620647],[4.9137549,52.3620221],[4.9140487,52.3620183],[4.9147914,52.3620603],[4.9145689,52.3624235],[4.9132317,52.362142]]]},"properties":{"SELECTIE":8354,"LABEL":"8354-10025"}},{"id":847,"type":"Feature","geometry":{"type":"Polygon","coordinates":[[[4.9164729,52.3472075],[4.9161539,52.3477189],[4.91378,52.347392],[4.9145596,52.3458373],[4.9150003,52.345932],[4.9150929,52.3466556],[4.9153112,52.3468412],[4.9156766,52.3469312],[4.9158841,52.3470234],[4.9162618,52.3471137],[4.9164729,52.3472075]]]},"properties":{"SELECTIE":8354,"LABEL":"8354-10025"}},{"id":848,"type":"Feature","geometry":{"type":"Polygon","coordinates":[[[4.9151357,52.345358],[4.9147318,52.3452747],[4.914612,52.3455019],[4.9143781,52.3454291],[4.9139796,52.3451818],[4.914718,52.3438067],[4.9148583,52.3437029],[4.914856,52.3439634],[4.9149224,52.3441435],[4.9152742,52.3446841],[4.9153118,52.344864],[4.9153006,52.3450437],[4.9152328,52.3452232],[4.9151357,52.345358]]]},"properties":{"SELECTIE":8354,"LABEL":"8354-10025"}},{"id":849,"type":"Feature","geometry":{"type":"Polygon","coordinates":[[[4.9135839,52.3926662],[4.9137837,52.3924922],[4.9140886,52.3923136],[4.9146093,52.392136],[4.9149037,52.3920895],[4.9151979,52.3920633],[4.9163737,52.3919977],[4.9169619,52.3919463],[4.9171133,52.3919153],[4.9172105,52.3922523],[4.9172174,52.3928352],[4.9173451,52.3930252],[4.9166541,52.3932684],[4.9148864,52.3937217],[4.9145916,52.3938129],[4.9142987,52.3939282],[4.9141822,52.3935656],[4.9135839,52.3926662]]]},"properties":{"SELECTIE":8354,"LABEL":"8354-10025"}},{"id":850,"type":"Feature","geometry":{"type":"Polygon","coordinates":[[[4.9246753,52.3569821],[4.9222206,52.3563138],[4.918438,52.3550935],[4.9182949,52.3552014],[4.9172169,52.3548388],[4.9164584,52.3544449],[4.9158243,52.3540406],[4.9152626,52.3534844],[4.9148445,52.3527661],[4.9147267,52.3521683],[4.9147894,52.3512781],[4.9148975,52.3511157],[4.9155904,52.350999],[4.9162851,52.3507086],[4.9168213,52.3503088],[4.9188681,52.3512254],[4.9188413,52.3513491],[4.9188709,52.351529],[4.918937,52.3517089],[4.9193746,52.3524298],[4.9194637,52.3526098],[4.9194921,52.3527897],[4.91939,52.3531488],[4.9194219,52.3533296],[4.919717,52.3534894],[4.9200101,52.3535299],[4.9203274,52.353512],[4.9205982,52.3534282],[4.9207668,52.3533339],[4.9208949,52.3531386],[4.9209577,52.3529752],[4.921089,52.352796],[4.9215261,52.3524156],[4.9272282,52.3549686],[4.92704,52.3550146],[4.9267856,52.355155],[4.9267447,52.3551932],[4.9266333,52.3553342],[4.9265502,52.3555136],[4.9264965,52.3556931],[4.9264929,52.3558728],[4.926736,52.3560204],[4.9270296,52.356015],[4.9273238,52.3559688],[4.9276566,52.3558773],[4.9278157,52.3557989],[4.9266593,52.3575799],[4.9259009,52.3573487],[4.9259436,52.357129],[4.9260722,52.35677],[4.9261,52.3565904],[4.9260652,52.3564104],[4.9258527,52.3562701],[4.9255594,52.3562475],[4.9252656,52.3562791],[4.9249708,52.3563891],[4.9248073,52.3565853],[4.924725,52.3567648],[4.9246753,52.3569821]]]},"properties":{"SELECTIE":8354,"LABEL":"8354-10025"}},{"id":851,"type":"Feature","geometry":{"type":"Polygon","coordinates":[[[4.9148063,52.3639413],[4.9156558,52.3636561],[4.9156339,52.3637393],[4.915497,52.3638811],[4.9154059,52.3639181],[4.9152023,52.3639686],[4.9149088,52.3639592],[4.9148063,52.3639413]]]},"properties":{"SELECTIE":8354,"LABEL":"8354-10025"}},{"id":852,"type":"Feature","geometry":{"type":"Polygon","coordinates":[[[4.9160148,52.3627286],[4.9148339,52.3624766],[4.9150844,52.3620603],[4.91545,52.3620277],[4.9155625,52.3620642],[4.9159376,52.3621443],[4.9163219,52.3622075],[4.9170027,52.3622504],[4.9164734,52.3624844],[4.9161133,52.3626628],[4.9160148,52.3627286]]]},"properties":{"SELECTIE":8354,"LABEL":"8354-10025"}},{"id":853,"type":"Feature","geometry":{"type":"Polygon","coordinates":[[[4.9243311,52.3718824],[4.9262728,52.3731979],[4.9260831,52.3735853],[4.9236668,52.3738884],[4.918181,52.3704586],[4.9175912,52.3706456],[4.9193273,52.3717412],[4.9196199,52.3718749],[4.9201151,52.3718674],[4.923188,52.3738297],[4.9227983,52.3741216],[4.9229172,52.374586],[4.9212129,52.3748444],[4.9210181,52.3742472],[4.9207116,52.3739715],[4.9173611,52.3719134],[4.9169764,52.371732],[4.9157123,52.3713388],[4.9162758,52.3707161],[4.925232,52.367665],[4.9285349,52.3696789],[4.9280592,52.370052],[4.9274679,52.3704269],[4.9271729,52.3705609],[4.926575,52.3707911],[4.9262878,52.3709483],[4.9259914,52.3712099],[4.9259039,52.3713293],[4.9256978,52.371688],[4.9256482,52.3719345],[4.924251,52.3710587],[4.9242311,52.371042],[4.9242074,52.3710313],[4.9215026,52.3693356],[4.9210363,52.369561],[4.9226652,52.3705803],[4.9226327,52.3707317],[4.922939,52.3709393],[4.9227635,52.3709806],[4.9223673,52.3711357],[4.9220834,52.3713143],[4.9219089,52.3714934],[4.9217915,52.3716727],[4.9217186,52.3718521],[4.9217112,52.3720319],[4.9217895,52.372212],[4.9220133,52.3723926],[4.9224562,52.3725719],[4.9227461,52.3726369],[4.9230395,52.372661],[4.9233334,52.3726358],[4.923628,52.372549],[4.9239235,52.372384],[4.9242203,52.3720819],[4.9243311,52.3718824]]]},"properties":{"SELECTIE":8354,"LABEL":"8354-10025"}},{"id":854,"type":"Feature","geometry":{"type":"Polygon","coordinates":[[[4.9174173,52.3610796],[4.9175796,52.361093],[4.9174232,52.3617467],[4.9165134,52.3617088],[4.9167637,52.3615868],[4.9170678,52.3614082],[4.9173103,52.3612295],[4.9174173,52.3610796]]]},"properties":{"SELECTIE":8354,"LABEL":"8354-10025"}},{"id":855,"type":"Feature","geometry":{"type":"Polygon","coordinates":[[[4.9190983,52.3508429],[4.9171248,52.3499351],[4.9182832,52.3490184],[4.9189257,52.3486384],[4.9197636,52.3490501],[4.9201435,52.3491972],[4.9206414,52.3493277],[4.9209341,52.34938],[4.9212275,52.3494049],[4.9215208,52.3494208],[4.9224013,52.3494321],[4.922988,52.3494645],[4.9232812,52.3495049],[4.9235626,52.3495711],[4.9238663,52.3496842],[4.9239959,52.3497515],[4.9240907,52.3498144],[4.9241581,52.3498534],[4.9242097,52.3498932],[4.924269,52.3499324],[4.9244955,52.350113],[4.9247409,52.3502567],[4.9248384,52.3502941],[4.9250557,52.3503438],[4.9265975,52.351286],[4.9261599,52.3513778],[4.9254513,52.3515547],[4.9250313,52.3517329],[4.9249343,52.3519123],[4.9250014,52.3520922],[4.9251085,52.3522725],[4.9252669,52.3524528],[4.9255966,52.3526672],[4.9258892,52.3527608],[4.9261822,52.3527996],[4.9264759,52.3527993],[4.9267698,52.3527657],[4.927064,52.3527036],[4.9272461,52.3526403],[4.9276012,52.3524618],[4.9280487,52.3521729],[4.9304743,52.353655],[4.9282716,52.3550618],[4.9218441,52.3521059],[4.9220828,52.3518305],[4.9222484,52.351722],[4.9223788,52.3515905],[4.9224681,52.3515431],[4.9225836,52.3513638],[4.9225152,52.3511837],[4.9223652,52.3510035],[4.9221976,52.350823],[4.9219593,52.3506424],[4.9216103,52.3504612],[4.9212176,52.3503452],[4.9209248,52.3502836],[4.9209065,52.350282],[4.9208898,52.3502786],[4.9203381,52.3502311],[4.9200445,52.350243],[4.9198992,52.3502747],[4.9197502,52.3503255],[4.9195078,52.350453],[4.9192884,52.3506319],[4.9190983,52.3508429]]]},"properties":{"SELECTIE":8354,"LABEL":"8354-10025"}},{"id":856,"type":"Feature","geometry":{"type":"Polygon","coordinates":[[[4.9185152,52.3880928],[4.9187687,52.3877796],[4.918926,52.3876593],[4.9190653,52.3875202],[4.9192154,52.3874807],[4.9193603,52.3873901],[4.9194675,52.3874817],[4.9196525,52.3875507],[4.9199435,52.3878164],[4.9200826,52.3880234],[4.9201733,52.3882035],[4.9202254,52.3883835],[4.9202242,52.3885632],[4.9201397,52.388813],[4.9185152,52.3880928]]]},"properties":{"SELECTIE":8354,"LABEL":"8354-10025"}},{"id":857,"type":"Feature","geometry":{"type":"Polygon","coordinates":[[[4.9193375,52.3444345],[4.919523,52.3439502],[4.9198721,52.3434687],[4.920306,52.3432677],[4.9204112,52.3432785],[4.9207052,52.3432337],[4.9208994,52.3430886],[4.9210319,52.3429314],[4.9255478,52.3408393],[4.927172,52.3418201],[4.9270128,52.3419512],[4.9300909,52.3438055],[4.9300858,52.3442942],[4.9295511,52.3446478],[4.9292298,52.3448393],[4.9289226,52.3449173],[4.9283787,52.345095],[4.9283074,52.3452745],[4.9283671,52.3453381],[4.9277344,52.3456594],[4.9270008,52.3458847],[4.9267098,52.3457333],[4.9267201,52.3452683],[4.9268852,52.34455],[4.9269068,52.3443704],[4.9268483,52.3441903],[4.9265667,52.3440282],[4.9262735,52.3439935],[4.9259799,52.3440095],[4.925686,52.3440492],[4.9253919,52.3441092],[4.9248032,52.3442692],[4.9241153,52.3445391],[4.9233311,52.3448998],[4.9230996,52.3450745],[4.9230507,52.3452541],[4.923131,52.3454341],[4.9232901,52.3456145],[4.9235408,52.3458264],[4.9216364,52.3458265],[4.921166,52.3456062],[4.9200963,52.3453197],[4.9199078,52.3452417],[4.9198043,52.3451714],[4.9196937,52.3450611],[4.9195755,52.344881],[4.9195155,52.3447268],[4.9193375,52.3444345]]]},"properties":{"SELECTIE":8354,"LABEL":"8354-10025"}},{"id":858,"type":"Feature","geometry":{"type":"Polygon","coordinates":[[[4.921579,52.3636503],[4.9218766,52.3637049],[4.9248394,52.365512],[4.9261893,52.3662787],[4.9250594,52.3668914],[4.9239828,52.3663676],[4.9215086,52.3648637],[4.9215687,52.3646615],[4.9215935,52.3644818],[4.9215657,52.3639425],[4.921579,52.3636503]]]},"properties":{"SELECTIE":8354,"LABEL":"8354-10025"}},{"id":859,"type":"Feature","geometry":{"type":"Polygon","coordinates":[[[4.924334,52.3407938],[4.9244829,52.3408368],[4.9219269,52.3420243],[4.9222126,52.3416557],[4.9224853,52.3413997],[4.9226532,52.341298],[4.9227804,52.3412411],[4.9230748,52.3411527],[4.923663,52.3410227],[4.9239574,52.3409386],[4.924334,52.3407938]]]},"properties":{"SELECTIE":8354,"LABEL":"8354-10025"}},{"id":860,"type":"Feature","geometry":{"type":"Polygon","coordinates":[[[4.9221777,52.3460832],[4.9239011,52.3460836],[4.9240057,52.3461566],[4.9249732,52.3466923],[4.9251467,52.3475484],[4.9238944,52.3469781],[4.9221777,52.3460832]]]},"properties":{"SELECTIE":8354,"LABEL":"8354-10025"}},{"id":861,"type":"Feature","geometry":{"type":"Polygon","coordinates":[[[4.9281182,52.3793097],[4.9247948,52.3798945],[4.9222622,52.3796481],[4.9220288,52.3791393],[4.9310561,52.3775591],[4.9309796,52.3776401],[4.9306152,52.3778174],[4.9300324,52.3780623],[4.9294419,52.3783456],[4.9289577,52.3785311],[4.9285556,52.3787091],[4.928305,52.3788881],[4.9282611,52.378937],[4.9281801,52.3790674],[4.9281182,52.3793097]]]},"properties":{"SELECTIE":8354,"LABEL":"8354-10025"}},{"id":862,"type":"Feature","geometry":{"type":"Polygon","coordinates":[[[4.9312276,52.3659538],[4.927249,52.3658479],[4.9267596,52.3657441],[4.924918,52.3648361],[4.9232717,52.3638439],[4.9237652,52.3626673],[4.9242276,52.3618135],[4.9253091,52.3601464],[4.9255316,52.3601133],[4.9307466,52.3614309],[4.9308081,52.361754],[4.9308105,52.362417],[4.9306574,52.3638044],[4.9306321,52.3644672],[4.9306923,52.364915],[4.9307999,52.3652554],[4.9309719,52.36563],[4.9312276,52.3659538]]]},"properties":{"SELECTIE":8354,"LABEL":"8354-10025"}},{"id":863,"type":"Feature","geometry":{"type":"Polygon","coordinates":[[[4.9230359,52.3965238],[4.9230389,52.3956765],[4.9229709,52.3955166],[4.9233636,52.3954009],[4.9240526,52.39526],[4.9247948,52.3962111],[4.9245562,52.3962439],[4.9243469,52.3963086],[4.9236724,52.3964632],[4.9233782,52.3965066],[4.9230359,52.3965238]]]},"properties":{"SELECTIE":8354,"LABEL":"8354-10025"}},{"id":864,"type":"Feature","geometry":{"type":"Polygon","coordinates":[[[4.9242748,52.3395202],[4.9239753,52.3392084],[4.9238795,52.338966],[4.9238865,52.3387862],[4.9239392,52.3386067],[4.9239828,52.3385039],[4.9242514,52.3380686],[4.9243322,52.3378892],[4.9242979,52.3377093],[4.9241734,52.3375291],[4.9240539,52.3374006],[4.9247041,52.3366353],[4.9263785,52.3371433],[4.9242748,52.3395202]]]},"properties":{"SELECTIE":8354,"LABEL":"8354-10025"}},{"id":865,"type":"Feature","geometry":{"type":"Polygon","coordinates":[[[4.9283114,52.3941875],[4.9251196,52.3949711],[4.9249561,52.3949009],[4.9246172,52.3946832],[4.9245443,52.3943969],[4.924272,52.3938703],[4.9240991,52.3934831],[4.9242433,52.392887],[4.9245905,52.3929675],[4.924841,52.393075],[4.9248827,52.393113],[4.925007,52.3932554],[4.9250698,52.3934355],[4.925128,52.3937952],[4.9251681,52.3939166],[4.9251759,52.3939281],[4.9251928,52.3939751],[4.925329,52.3941554],[4.9254586,52.3942457],[4.9257511,52.3943652],[4.9260445,52.3944097],[4.9263384,52.3944033],[4.9266325,52.3943698],[4.9267551,52.3943407],[4.926927,52.3942956],[4.9272221,52.3941885],[4.9278125,52.3939257],[4.9280833,52.3938431],[4.9283114,52.3941875]]]},"properties":{"SELECTIE":8354,"LABEL":"8354-10025"}},{"id":866,"type":"Feature","geometry":{"type":"Polygon","coordinates":[[[4.9249095,52.3909466],[4.9248213,52.3908581],[4.9248612,52.3906574],[4.9258908,52.3907947],[4.9249095,52.3909466]]]},"properties":{"SELECTIE":8354,"LABEL":"8354-10025"}},{"id":867,"type":"Feature","geometry":{"type":"Polygon","coordinates":[[[4.9291929,52.3876511],[4.9274817,52.3883138],[4.9267795,52.3884517],[4.9259642,52.3884344],[4.9255631,52.3883556],[4.9255295,52.3882851],[4.9249394,52.3875943],[4.9275734,52.3865743],[4.9284687,52.3872734],[4.9287604,52.3874723],[4.9290529,52.3876141],[4.9291929,52.3876511]]]},"properties":{"SELECTIE":8354,"LABEL":"8354-10025"}},{"id":868,"type":"Feature","geometry":{"type":"Polygon","coordinates":[[[4.9253227,52.3758037],[4.9283242,52.3753226],[4.9283441,52.375473],[4.9284336,52.3756531],[4.9287054,52.3759835],[4.9257636,52.3764895],[4.9256453,52.3763577],[4.9253227,52.3758037]]]},"properties":{"SELECTIE":8354,"LABEL":"8354-10025"}},{"id":869,"type":"Feature","geometry":{"type":"Polygon","coordinates":[[[4.9304548,52.3611722],[4.9256058,52.3599794],[4.9255395,52.359929],[4.9255321,52.3598807],[4.9258143,52.3594429],[4.9260647,52.359646],[4.9264039,52.3597368],[4.9266971,52.359782],[4.9272839,52.3598266],[4.927577,52.3598651],[4.928456,52.3600438],[4.9287491,52.3600841],[4.9290426,52.3601035],[4.9293363,52.3600953],[4.9297742,52.3600358],[4.9301853,52.3606025],[4.9304548,52.3611722]]]},"properties":{"SELECTIE":8354,"LABEL":"8354-10025"}},{"id":870,"type":"Feature","geometry":{"type":"Polygon","coordinates":[[[4.9287001,52.3695334],[4.9256717,52.3676601],[4.9257738,52.3673161],[4.9318929,52.3673741],[4.9323639,52.3680735],[4.9327774,52.368919],[4.932898,52.369505],[4.9328477,52.3702971],[4.9326878,52.3708045],[4.9325158,52.371248],[4.9325049,52.3709952],[4.9324567,52.3707694],[4.9321695,52.3701443],[4.9320129,52.3699148],[4.9318624,52.3697345],[4.9316547,52.3695539],[4.9313965,52.3693732],[4.9310596,52.3691921],[4.9307123,52.3690578],[4.9304194,52.3689781],[4.9301262,52.3689345],[4.9298327,52.3689335],[4.9295384,52.3689882],[4.9292434,52.3691197],[4.9289477,52.3693246],[4.9287001,52.3695334]]]},"properties":{"SELECTIE":8354,"LABEL":"8354-10025"}},{"id":871,"type":"Feature","geometry":{"type":"Polygon","coordinates":[[[4.925963,52.3578587],[4.9264433,52.3579946],[4.926282,52.3582531],[4.9261796,52.3582084],[4.9261268,52.358153],[4.9260377,52.3580282],[4.925963,52.3578587]]]},"properties":{"SELECTIE":8354,"LABEL":"8354-10025"}},{"id":872,"type":"Feature","geometry":{"type":"Polygon","coordinates":[[[4.9265414,52.3583148],[4.9267003,52.3580683],[4.927213,52.3582585],[4.9267123,52.3583173],[4.9265414,52.3583148]]]},"properties":{"SELECTIE":8354,"LABEL":"8354-10025"}},{"id":873,"type":"Feature","geometry":{"type":"Polygon","coordinates":[[[4.9315135,52.3664216],[4.9308059,52.3663578],[4.9278973,52.3663324],[4.9274128,52.3662975],[4.9267911,52.3661396],[4.9269464,52.3660037],[4.9270777,52.3659711],[4.9312858,52.3660957],[4.9315135,52.3664216]]]},"properties":{"SELECTIE":8354,"LABEL":"8354-10025"}},{"id":874,"type":"Feature","geometry":{"type":"Polygon","coordinates":[[[4.9319221,52.3670969],[4.9272513,52.3670412],[4.9270752,52.3669462],[4.9270151,52.3667953],[4.9270778,52.366706],[4.9317103,52.3667334],[4.9319221,52.3670969]]]},"properties":{"SELECTIE":8354,"LABEL":"8354-10025"}},{"id":875,"type":"Feature","geometry":{"type":"MultiPolygon","coordinates":[[[[4.9301893,52.3586988],[4.9305646,52.3580282],[4.9272138,52.3572668],[4.9283601,52.3554401],[4.9297651,52.3561431],[4.9365387,52.3576005],[4.9365144,52.3576659],[4.9346917,52.3583348],[4.9337525,52.3584982],[4.9335243,52.3587517],[4.9333797,52.3589619],[4.9328302,52.3593085],[4.9326046,52.3593222],[4.9318973,52.3600099],[4.9306782,52.3596637],[4.9306493,52.3596372],[4.930769,52.3594844],[4.9308284,52.359305],[4.9308016,52.359125],[4.9306711,52.3589448],[4.9303732,52.3587639],[4.9301893,52.3586988]],[[4.92995,52.3575115],[4.9300364,52.3573246],[4.9299772,52.3571446],[4.9297594,52.356964],[4.9296625,52.3569167],[4.9293699,52.3568342],[4.9290764,52.3568281],[4.9287821,52.3568959],[4.9286493,52.3569597],[4.9284606,52.3571388],[4.9284658,52.3573185],[4.9287055,52.3574992],[4.9287757,52.3575253],[4.9290685,52.3575888],[4.9293618,52.3576158],[4.9296555,52.3576024],[4.92995,52.3575115]]]]},"properties":{"SELECTIE":8354,"LABEL":"8354-10025"}},{"id":876,"type":"Feature","geometry":{"type":"Polygon","coordinates":[[[4.9274892,52.3910525],[4.9297945,52.3912562],[4.9316633,52.3913561],[4.9330652,52.3913692],[4.9331955,52.3909292],[4.9332408,52.3913099],[4.9333926,52.3920294],[4.9335094,52.3922097],[4.9337057,52.3922824],[4.9339989,52.3923397],[4.934879,52.3924765],[4.9357588,52.3926321],[4.9360523,52.3926685],[4.936346,52.3926808],[4.9366399,52.3926683],[4.936934,52.3926323],[4.9372284,52.392572],[4.9381129,52.3922835],[4.9392911,52.3919893],[4.9395875,52.3918753],[4.9398189,52.3916944],[4.9398886,52.3915148],[4.9399349,52.3909758],[4.9399822,52.3907962],[4.9400945,52.3906169],[4.9401873,52.3905217],[4.9404818,52.390447],[4.9406032,52.3904674],[4.9407901,52.3907647],[4.9412292,52.3906887],[4.9414406,52.3908018],[4.9416519,52.3909582],[4.941773,52.3911624],[4.9417709,52.3913422],[4.9416861,52.3915216],[4.9413551,52.3919333],[4.9402423,52.3924784],[4.938275,52.393057],[4.9381052,52.3930388],[4.9378114,52.3930401],[4.936635,52.3931474],[4.9360472,52.3931725],[4.9357535,52.3931598],[4.9345795,52.3930327],[4.9342857,52.3930253],[4.9339916,52.3930558],[4.9336971,52.3931277],[4.933402,52.3932428],[4.9322685,52.3938227],[4.9319256,52.3939657],[4.9316307,52.3940636],[4.9313361,52.3941363],[4.9307476,52.3942241],[4.9298657,52.3942628],[4.9292776,52.3943135],[4.9289832,52.394367],[4.9286646,52.3944519],[4.928514,52.3941573],[4.9282758,52.3938044],[4.9286958,52.3937463],[4.9289896,52.3937397],[4.9301643,52.3938031],[4.9304581,52.3938046],[4.9307521,52.3937877],[4.9310464,52.3937474],[4.9313408,52.3936802],[4.9316358,52.3935739],[4.9318743,52.3934617],[4.9321416,52.393283],[4.9323242,52.393104],[4.932449,52.3929246],[4.932466,52.3927449],[4.9322142,52.3925642],[4.9317146,52.3923826],[4.931356,52.3922015],[4.9310642,52.3920114],[4.9307715,52.3919013],[4.9304775,52.3919215],[4.9301832,52.3919661],[4.9298891,52.3919877],[4.9295953,52.391991],[4.9293016,52.3919757],[4.9290082,52.3919372],[4.9285637,52.3918312],[4.9281314,52.3916466],[4.9278983,52.3914692],[4.9274892,52.3910525]]]},"properties":{"SELECTIE":8354,"LABEL":"8354-10025"}},{"id":877,"type":"Feature","geometry":{"type":"Polygon","coordinates":[[[4.9313077,52.3725028],[4.9311511,52.3726202],[4.9301098,52.3731086],[4.9291472,52.3734458],[4.9283256,52.3736129],[4.928238,52.373558],[4.9286111,52.3734808],[4.9289864,52.3733185],[4.9292558,52.3731397],[4.9294325,52.3729607],[4.9295248,52.3727812],[4.9295357,52.3726016],[4.929386,52.3724212],[4.9292101,52.3723409],[4.9291048,52.3722404],[4.9289189,52.372116],[4.9287362,52.3718795],[4.9286812,52.3716996],[4.9287435,52.37152],[4.9289261,52.3714031],[4.9292198,52.3714006],[4.9295127,52.3714862],[4.9298043,52.3716909],[4.9299183,52.371884],[4.9299441,52.3720639],[4.9299382,52.3722436],[4.9300263,52.3724237],[4.9300901,52.3724541],[4.9303829,52.3725257],[4.9306765,52.3725447],[4.9309702,52.3725416],[4.9313077,52.3725028]]]},"properties":{"SELECTIE":8354,"LABEL":"8354-10025"}},{"id":878,"type":"Feature","geometry":{"type":"MultiPolygon","coordinates":[[[[4.9369263,52.35748],[4.9301154,52.3560168],[4.9284753,52.3552578],[4.9351493,52.351007],[4.938246,52.3528563],[4.9382329,52.3528621],[4.9380397,52.353041],[4.9382245,52.3532215],[4.9385065,52.3532861],[4.9387998,52.3533205],[4.9390222,52.3533198],[4.940902,52.3544422],[4.9409112,52.3547536],[4.9390093,52.3560028],[4.9396454,52.3564777],[4.9378497,52.3572275],[4.9375865,52.3571855],[4.9372928,52.3571995],[4.936998,52.3573265],[4.9369263,52.35748]],[[4.9360072,52.3537524],[4.9361535,52.3537346],[4.9364479,52.3536627],[4.9367424,52.3535609],[4.937074,52.3533969],[4.937279,52.353218],[4.9372027,52.3530379],[4.9367498,52.3528518],[4.9364567,52.3527989],[4.9361632,52.3527856],[4.9358696,52.3528043],[4.9356226,52.3528522],[4.9352802,52.3530084],[4.9350936,52.3532096],[4.9350524,52.3533892],[4.935116,52.3535692],[4.9352733,52.3536957],[4.9354614,52.3537503],[4.9355661,52.3537675],[4.9358596,52.3537701],[4.9360072,52.3537524]],[[4.9341959,52.3551835],[4.934389,52.3550045],[4.9344535,52.3548251],[4.9344574,52.3546452],[4.934418,52.3544653],[4.9343853,52.3544098],[4.934231,52.3542849],[4.9340935,52.3542408],[4.9338002,52.3542266],[4.9332125,52.3542664],[4.9329186,52.3543078],[4.9326243,52.3543812],[4.9324164,52.3544576],[4.932202,52.3546366],[4.9321398,52.3548162],[4.9323245,52.3550026],[4.9334957,52.3552811],[4.9337891,52.3552995],[4.9340833,52.3552421],[4.9341959,52.3551835]]]]},"properties":{"SELECTIE":8354,"LABEL":"8354-10025"}},{"id":879,"type":"Feature","geometry":{"type":"Polygon","coordinates":[[[4.9309494,52.3459526],[4.9310658,52.3457151],[4.9337456,52.3440039],[4.939943,52.3477287],[4.939376,52.3480846],[4.939147,52.3479955],[4.9388535,52.3479945],[4.9385593,52.3480566],[4.9379705,52.3482376],[4.9373818,52.3483946],[4.9370877,52.3484605],[4.9365419,52.3485416],[4.9362056,52.3486069],[4.9360011,52.3487192],[4.9359099,52.3488192],[4.9358692,52.3488985],[4.9358237,52.3490782],[4.9358203,52.3492578],[4.9358591,52.3494378],[4.9359492,52.3496178],[4.9360957,52.3497982],[4.9363346,52.3499931],[4.9351677,52.3507254],[4.9350994,52.3507168],[4.931986,52.3489491],[4.9320934,52.3488841],[4.9320953,52.3487044],[4.9326859,52.3483471],[4.9326896,52.3479877],[4.9318147,52.347445],[4.9318201,52.3469058],[4.9312368,52.346544],[4.9309433,52.3465428],[4.9309494,52.3459526]]]},"properties":{"SELECTIE":8354,"LABEL":"8354-10025"}},{"id":880,"type":"Feature","geometry":{"type":"MultiPolygon","coordinates":[[[[4.9395785,52.3617457],[4.9394343,52.3621352],[4.939341,52.3660346],[4.9318268,52.36594],[4.9315844,52.3653573],[4.9314089,52.3645701],[4.9313659,52.3635124],[4.9314929,52.3627064],[4.9318033,52.3619013],[4.9321221,52.3613605],[4.932727,52.3613165],[4.9364954,52.361278],[4.9395785,52.3617457]],[[4.9344746,52.3627342],[4.9344662,52.3625544],[4.9340774,52.3623731],[4.9340108,52.3623601],[4.9339236,52.3623726],[4.9338191,52.3625519],[4.9340074,52.362687],[4.9343005,52.3627458],[4.9344746,52.3627342]],[[4.9340803,52.3650694],[4.9342754,52.3648904],[4.9343249,52.3647108],[4.9342961,52.364531],[4.9341782,52.3643508],[4.9339921,52.3642019],[4.9336999,52.3640598],[4.9334069,52.3639905],[4.9331131,52.3640107],[4.93291,52.3641662],[4.9327946,52.3643455],[4.9327713,52.3645252],[4.93281,52.3647051],[4.93295,52.3648854],[4.933103,52.3650034],[4.9333955,52.3651187],[4.9336886,52.3651558],[4.9339828,52.3651157],[4.9340803,52.3650694]]]]},"properties":{"SELECTIE":8354,"LABEL":"8354-10025"}},{"id":881,"type":"Feature","geometry":{"type":"Polygon","coordinates":[[[4.9352409,52.3610884],[4.932278,52.3611068],[4.9331207,52.360217],[4.9341012,52.3594268],[4.9351612,52.3587929],[4.9366185,52.3581649],[4.9361457,52.3589657],[4.9360138,52.359145],[4.935803,52.3593482],[4.9352114,52.3597789],[4.9349155,52.3600406],[4.9347063,52.3603983],[4.9346452,52.3605779],[4.9346979,52.3607577],[4.9349068,52.3609369],[4.9352409,52.3610884]]]},"properties":{"SELECTIE":8354,"LABEL":"8354-10025"}},{"id":882,"type":"Feature","geometry":{"type":"Polygon","coordinates":[[[4.9336397,52.3670969],[4.9324738,52.3670859],[4.9322506,52.3667347],[4.9336321,52.3667863],[4.9336397,52.3670969]]]},"properties":{"SELECTIE":8354,"LABEL":"8354-10025"}},{"id":883,"type":"Feature","geometry":{"type":"Polygon","coordinates":[[[4.9393476,52.3664378],[4.9340575,52.3663781],[4.9341235,52.3662594],[4.9343619,52.3661677],[4.9393394,52.3661866],[4.9393476,52.3664378]]]},"properties":{"SELECTIE":8354,"LABEL":"8354-10025"}},{"id":884,"type":"Feature","geometry":{"type":"Polygon","coordinates":[[[4.9384937,52.3527475],[4.9353912,52.3509099],[4.9366058,52.3501408],[4.9367764,52.3502062],[4.9370693,52.3502802],[4.9376553,52.3503873],[4.9382414,52.3504669],[4.9385351,52.3504607],[4.9388292,52.3503995],[4.9391238,52.3502987],[4.9394163,52.3501699],[4.9396697,52.3499914],[4.9397144,52.3499324],[4.939788,52.3498122],[4.9398805,52.3494531],[4.9398849,52.3489138],[4.9398555,52.3487339],[4.9397295,52.348451],[4.9395834,52.3482551],[4.9409147,52.3474302],[4.9410719,52.34766],[4.9413687,52.3480206],[4.9415935,52.3482011],[4.9417855,52.3483134],[4.9420776,52.348449],[4.9423703,52.3485319],[4.9426636,52.3485592],[4.9429573,52.3485427],[4.943453,52.3484562],[4.944257,52.3489321],[4.9434038,52.3495013],[4.9453262,52.3506837],[4.9453585,52.351271],[4.9453086,52.3516303],[4.9451968,52.3519895],[4.9451778,52.3521691],[4.9452244,52.3523491],[4.9453262,52.3525291],[4.9455568,52.3527808],[4.946407,52.3534743],[4.9436604,52.354612],[4.9434857,52.3544286],[4.9433158,52.3541395],[4.9431569,52.3537794],[4.9430471,52.3534194],[4.9429614,52.3532394],[4.9429109,52.3531837],[4.9426184,52.3530825],[4.9423245,52.353118],[4.94203,52.3532051],[4.9417351,52.3533379],[4.9414399,52.3535079],[4.9413146,52.3535927],[4.9412137,52.3536809],[4.9411441,52.3537343],[4.941131,52.3537533],[4.9411101,52.3537717],[4.9409956,52.353951],[4.9409276,52.3541889],[4.939389,52.3532778],[4.9395531,52.3532266],[4.9397766,52.3530476],[4.9398119,52.3528681],[4.9396865,52.3527314],[4.9396145,52.3526875],[4.9393938,52.3526357],[4.9391003,52.3526299],[4.9388065,52.3526586],[4.9384937,52.3527475]]]},"properties":{"SELECTIE":8354,"LABEL":"8354-10025"}},{"id":885,"type":"Feature","geometry":{"type":"Polygon","coordinates":[[[4.9401638,52.3602615],[4.9396951,52.361532],[4.9367258,52.3611124],[4.9369599,52.3610778],[4.9372534,52.3610841],[4.9381329,52.3612084],[4.9384265,52.3612244],[4.9387203,52.3612187],[4.9390141,52.3611901],[4.9392785,52.3611346],[4.9396201,52.3609562],[4.9397778,52.360777],[4.9399011,52.3605773],[4.9401638,52.3602615]]]},"properties":{"SELECTIE":8354,"LABEL":"8354-10025"}},{"id":886,"type":"Feature","geometry":{"type":"Polygon","coordinates":[[[4.9385127,52.3931055],[4.9403666,52.3925471],[4.9412614,52.3921188],[4.9412345,52.392239],[4.9412532,52.3924187],[4.9413982,52.3927788],[4.9415086,52.392959],[4.9416303,52.3931066],[4.9419223,52.3932873],[4.9422155,52.3933638],[4.9425088,52.3933986],[4.9440216,52.3934451],[4.9402739,52.3945526],[4.9397596,52.3943904],[4.9394092,52.3942093],[4.9391196,52.3940286],[4.9389225,52.393848],[4.9388047,52.3936678],[4.9387291,52.3934878],[4.9386903,52.3932981],[4.938585,52.3931278],[4.9385127,52.3931055]]]},"properties":{"SELECTIE":8354,"LABEL":"8354-10025"}},{"id":887,"type":"Feature","geometry":{"type":"Polygon","coordinates":[[[4.9390784,52.3581717],[4.940802,52.3585308],[4.9403825,52.3596682],[4.940208,52.3592498],[4.9400335,52.3589804],[4.9399182,52.3588741],[4.9398001,52.3587997],[4.9394333,52.3586187],[4.9393343,52.3585474],[4.9392115,52.3584381],[4.9390994,52.3582579],[4.9390784,52.3581717]]]},"properties":{"SELECTIE":8354,"LABEL":"8354-10025"}},{"id":888,"type":"Feature","geometry":{"type":"Polygon","coordinates":[[[4.9412275,52.3556197],[4.9400414,52.3561108],[4.9395589,52.3559112],[4.9409492,52.3550093],[4.9410738,52.3553893],[4.9411264,52.3554922],[4.9412275,52.3556197]]]},"properties":{"SELECTIE":8354,"LABEL":"8354-10025"}},{"id":889,"type":"Feature","geometry":{"type":"Polygon","coordinates":[[[4.9395922,52.3676012],[4.939597,52.367417],[4.9417638,52.3674419],[4.9415919,52.3676423],[4.9413455,52.3677932],[4.9413232,52.3677992],[4.9412965,52.3678147],[4.9410022,52.3678846],[4.9407084,52.3678931],[4.9404151,52.3678473],[4.9398297,52.3676614],[4.9395922,52.3676012]]]},"properties":{"SELECTIE":8354,"LABEL":"8354-10025"}},{"id":890,"type":"Feature","geometry":{"type":"Polygon","coordinates":[[[4.9414028,52.3664496],[4.9396176,52.3664389],[4.9396093,52.3661877],[4.9412449,52.3661972],[4.9414028,52.3664496]]]},"properties":{"SELECTIE":8354,"LABEL":"8354-10025"}},{"id":891,"type":"Feature","geometry":{"type":"Polygon","coordinates":[[[4.9412023,52.3660444],[4.9396108,52.3660356],[4.9397155,52.3620767],[4.9398048,52.3617796],[4.9457239,52.3626016],[4.9461114,52.3627419],[4.9469255,52.3645803],[4.9463181,52.3648348],[4.9460237,52.3649129],[4.9457295,52.3649701],[4.9454357,52.3649861],[4.9452845,52.3649319],[4.9451434,52.3648588],[4.9450661,52.3647514],[4.9445502,52.3643899],[4.9442686,52.3642373],[4.9439763,52.3641038],[4.9433512,52.3638463],[4.943277,52.3636661],[4.9433332,52.3633069],[4.9433119,52.363127],[4.9432278,52.362947],[4.9431081,52.3628464],[4.9429661,52.3627662],[4.9428157,52.3627128],[4.9425227,52.3626557],[4.9422294,52.3626233],[4.9419357,52.3626436],[4.9416405,52.3627735],[4.9415677,52.3629408],[4.9415975,52.3631207],[4.9416365,52.3631833],[4.9417652,52.363301],[4.9423161,52.3636626],[4.9425279,52.3638432],[4.9426855,52.3640234],[4.9426797,52.364383],[4.9425717,52.3647421],[4.9424819,52.3649214],[4.9423488,52.3651007],[4.9421108,52.3652796],[4.9414854,52.3656367],[4.9412521,52.3658155],[4.9411908,52.3659951],[4.9412023,52.3660444]]]},"properties":{"SELECTIE":8354,"LABEL":"8354-10025"}},{"id":892,"type":"Feature","geometry":{"type":"Polygon","coordinates":[[[4.9458692,52.3623916],[4.9399148,52.3615612],[4.941045,52.3585459],[4.9439412,52.3584531],[4.9446173,52.3587033],[4.9448718,52.358779],[4.9458692,52.3623916]]]},"properties":{"SELECTIE":8354,"LABEL":"8354-10025"}},{"id":893,"type":"Feature","geometry":{"type":"Polygon","coordinates":[[[4.9431704,52.3581779],[4.9412291,52.3582575],[4.9413001,52.3579396],[4.9412578,52.357649],[4.9408112,52.3571354],[4.941486,52.3571015],[4.941387,52.357188],[4.9412779,52.3573674],[4.9413089,52.3575472],[4.9415312,52.3577278],[4.9420429,52.3579095],[4.9431704,52.3581779]]]},"properties":{"SELECTIE":8354,"LABEL":"8354-10025"}},{"id":894,"type":"Feature","geometry":{"type":"Polygon","coordinates":[[[4.9431077,52.3939655],[4.9430806,52.3939317],[4.9439938,52.3936566],[4.9441997,52.3936507],[4.944344,52.3938311],[4.9436795,52.3938693],[4.9433852,52.3939071],[4.9431077,52.3939655]]]},"properties":{"SELECTIE":8354,"LABEL":"8354-10025"}},{"id":895,"type":"Feature","geometry":{"type":"Polygon","coordinates":[[[4.9446679,52.3938102],[4.9445143,52.3936188],[4.9445151,52.3935393],[4.9470996,52.3927547],[4.9466252,52.3931101],[4.9465796,52.3931402],[4.9465561,52.3931576],[4.9463294,52.3933048],[4.946034,52.3934637],[4.945739,52.393587],[4.9454443,52.3936798],[4.9451497,52.3937526],[4.9446679,52.3938102]]]},"properties":{"SELECTIE":8354,"LABEL":"8354-10025"}},{"id":896,"type":"Feature","geometry":{"type":"Polygon","coordinates":[[[4.9462553,52.392785],[4.9464658,52.392618],[4.9466537,52.392439],[4.9467985,52.3922597],[4.9469011,52.3920804],[4.9470556,52.3915416],[4.9472327,52.3911109],[4.9473127,52.3910034],[4.9475296,52.3907913],[4.9478247,52.390657],[4.9481191,52.3905919],[4.9487077,52.3905036],[4.9490023,52.3904105],[4.9493932,52.3902442],[4.9508337,52.3905404],[4.9500518,52.3910135],[4.9496693,52.3911918],[4.9492874,52.3913185],[4.9484057,52.3915489],[4.9481084,52.3916827],[4.9478122,52.3919298],[4.9474237,52.3924396],[4.9462553,52.392785]]]},"properties":{"SELECTIE":8354,"LABEL":"8354-10025"}},{"id":897,"type":"Feature","geometry":{"type":"Polygon","coordinates":[[[4.9471786,52.386692],[4.9478087,52.3861921],[4.949482,52.3862277],[4.9487447,52.3867504],[4.9484495,52.3868953],[4.948155,52.3869625],[4.9478614,52.3869591],[4.9475682,52.3868884],[4.9471786,52.386692]]]},"properties":{"SELECTIE":8354,"LABEL":"8354-10025"}},{"id":898,"type":"Feature","geometry":{"type":"Polygon","coordinates":[[[4.950936,52.3897307],[4.9512301,52.389798],[4.950894,52.3904318],[4.9495904,52.3901606],[4.9502464,52.3899357],[4.950936,52.3897307]]]},"properties":{"SELECTIE":8354,"LABEL":"8354-10025"}},{"id":899,"type":"Feature","geometry":{"type":"Polygon","coordinates":[[[4.9549495,52.3877356],[4.9541214,52.387505],[4.9540784,52.3874651],[4.9542176,52.387226],[4.9550185,52.3870612],[4.956492,52.3874059],[4.9560828,52.3874011],[4.9556971,52.3874391],[4.9551996,52.3875918],[4.9549495,52.3877356]]]},"properties":{"SELECTIE":8354,"LABEL":"8354-10025"}},{"id":900,"type":"Feature","geometry":{"type":"Polygon","coordinates":[[[4.961697,52.3842607],[4.961868,52.3841916],[4.9617345,52.3840829],[4.9618491,52.3838663],[4.9619941,52.3836874],[4.9622902,52.3834258],[4.9625853,52.3832651],[4.962838,52.3832105],[4.9632717,52.3835667],[4.9637389,52.3833514],[4.9641242,52.383515],[4.9644632,52.3836959],[4.9647944,52.3839069],[4.9639707,52.3852732],[4.9637746,52.3853785],[4.9620889,52.385019],[4.9618916,52.3847652],[4.9617813,52.3845851],[4.9617085,52.3844051],[4.961697,52.3842607]]]},"properties":{"SELECTIE":8354,"LABEL":"8354-10025"}},{"id":901,"type":"Feature","geometry":{"type":"Polygon","coordinates":[[[4.9188843,52.3768176],[4.9196021,52.3767078],[4.9197628,52.377069],[4.9199734,52.3774176],[4.9199858,52.3774811],[4.9189751,52.3776544],[4.918876,52.3775931],[4.9188843,52.3768176]]]},"properties":{"SELECTIE":6683,"LABEL":"6683-7519"}},{"id":902,"type":"Feature","geometry":{"type":"Polygon","coordinates":[[[4.9894342,52.3545996],[4.9910634,52.3535392],[4.9913358,52.353591],[4.9918664,52.3537719],[4.9922723,52.3539972],[4.9906328,52.3547231],[4.9898666,52.354634],[4.9894342,52.3545996]]]},"properties":{"SELECTIE":5013,"LABEL":"5013-5848"}},{"id":903,"type":"Feature","geometry":{"type":"Polygon","coordinates":[[[4.9925894,52.3542698],[4.9926385,52.3543138],[4.9927455,52.3544938],[4.992765,52.3546737],[4.9926881,52.3548531],[4.992545,52.3550325],[4.9925048,52.3550587],[4.992211,52.3551028],[4.991918,52.3550359],[4.9914408,52.3548839],[4.9925894,52.3542698]]]},"properties":{"SELECTIE":5013,"LABEL":"5013-5848"}},{"id":904,"type":"Feature","geometry":{"type":"MultiPolygon","coordinates":[[[[4.9798729,52.2897111],[4.9798196,52.2926207],[4.9746586,52.2927585],[4.9676562,52.2911357],[4.9697526,52.288512],[4.9728179,52.2894654],[4.9735739,52.2886402],[4.9756395,52.289303],[4.9791551,52.2892743],[4.9798729,52.2897111]],[[4.9737981,52.2907969],[4.9740204,52.2907365],[4.9740996,52.2906181],[4.9740772,52.2904383],[4.9739563,52.2902581],[4.9737343,52.2900776],[4.9734413,52.2899561],[4.9731489,52.2898755],[4.9728601,52.2898948],[4.9727818,52.2900743],[4.9728923,52.2902544],[4.9731426,52.2905464],[4.973434,52.2907309],[4.9737266,52.2908047],[4.9737981,52.2907969]]]]},"properties":{"SELECTIE":5013,"LABEL":"5013-5848"}},{"id":905,"type":"Feature","geometry":{"type":"Polygon","coordinates":[[[4.9651229,52.29453],[4.9657473,52.2944579],[4.9667462,52.294497],[4.967094,52.2945537],[4.966949,52.2945419],[4.9666506,52.2945463],[4.9663622,52.2945943],[4.9659491,52.2947237],[4.965774,52.2948028],[4.9654812,52.2947582],[4.9651229,52.29453]]]},"properties":{"SELECTIE":5013,"LABEL":"5013-5848"}},{"id":906,"type":"Feature","geometry":{"type":"MultiPolygon","coordinates":[[[[4.9709863,52.2949189],[4.9653602,52.2940525],[4.965892,52.2929533],[4.9670075,52.2913591],[4.9743911,52.293081],[4.9743912,52.2935449],[4.973993,52.293695],[4.9736985,52.2938326],[4.9726149,52.2943878],[4.9722244,52.294566],[4.9716375,52.2947845],[4.9713435,52.294864],[4.9709863,52.2949189]],[[4.9684329,52.2926203],[4.9685559,52.292576],[4.9685669,52.2923963],[4.9684355,52.2923482],[4.9681421,52.2923649],[4.9680972,52.2923947],[4.9680641,52.2925743],[4.9681398,52.2926267],[4.9684329,52.2926203]]]]},"properties":{"SELECTIE":5013,"LABEL":"5013-5848"}},{"id":907,"type":"Feature","geometry":{"type":"Polygon","coordinates":[[[4.9748974,52.2933788],[4.9748972,52.2931582],[4.9763872,52.2931032],[4.9760501,52.2931344],[4.9757566,52.2931789],[4.9751692,52.2932987],[4.9748974,52.2933788]]]},"properties":{"SELECTIE":5013,"LABEL":"5013-5848"}},{"id":908,"type":"Feature","geometry":{"type":"Polygon","coordinates":[[[4.9786086,52.2930212],[4.9810539,52.2929309],[4.987511,52.2930771],[4.9881182,52.2932034],[4.9884768,52.2935776],[4.988842,52.2948307],[4.988991,52.2959887],[4.9889717,52.2961987],[4.9876319,52.2961966],[4.9877509,52.2960602],[4.9878209,52.295878],[4.9878407,52.2956983],[4.9878186,52.2955185],[4.9877567,52.2953386],[4.9876349,52.2951584],[4.9874667,52.2949902],[4.9871751,52.29482],[4.9868827,52.294725],[4.9865901,52.2946684],[4.9857115,52.2945674],[4.9855992,52.2945577],[4.9854187,52.2945374],[4.9853061,52.2945321],[4.9851257,52.2945164],[4.9848324,52.2945098],[4.9845392,52.2945254],[4.9842455,52.2945788],[4.9841606,52.2946074],[4.9839513,52.294693],[4.9838019,52.294786],[4.9836561,52.2949283],[4.9836514,52.2949385],[4.9836252,52.294965],[4.9835566,52.2951446],[4.9835704,52.2953243],[4.9836519,52.2954989],[4.9838144,52.2956848],[4.9839414,52.2957902],[4.9845734,52.2961917],[4.9819061,52.2961875],[4.981595,52.2959135],[4.9815068,52.2958566],[4.9813241,52.2956762],[4.9812567,52.2954963],[4.9813332,52.295137],[4.9813455,52.2949572],[4.9812524,52.2947773],[4.9809103,52.2945962],[4.9804355,52.2944656],[4.9801432,52.2943667],[4.9798525,52.294231],[4.9796024,52.2940525],[4.9794789,52.2938724],[4.9793702,52.2935125],[4.9792733,52.2933067],[4.9790661,52.293152],[4.9786086,52.2930212]]]},"properties":{"SELECTIE":5013,"LABEL":"5013-5848"}},{"id":909,"type":"Feature","geometry":{"type":"Polygon","coordinates":[[[4.9819979,52.3011825],[4.9818973,52.3008911],[4.981667,52.300351],[4.9816351,52.3001712],[4.9816573,52.2999915],[4.9817428,52.2998119],[4.9820291,52.2994535],[4.9821434,52.2992741],[4.9823076,52.2989151],[4.982497,52.298017],[4.9825563,52.297478],[4.9825419,52.2972981],[4.9824263,52.2969383],[4.9823374,52.2967582],[4.9821635,52.2964937],[4.9859893,52.2965273],[4.9865733,52.2965473],[4.9867543,52.2965341],[4.9890437,52.2965594],[4.9889153,52.3012242],[4.9886314,52.3012225],[4.9885919,52.3009138],[4.9885412,52.3007338],[4.988432,52.3005537],[4.9882975,52.3004325],[4.9882091,52.3003732],[4.9880057,52.3002816],[4.9877131,52.3002076],[4.9874203,52.3001744],[4.9871271,52.3001663],[4.9868338,52.3001813],[4.9865403,52.3002197],[4.9862464,52.3002929],[4.9859522,52.3004025],[4.9856584,52.3005456],[4.9853599,52.3007224],[4.984638,52.3011985],[4.9819979,52.3011825]]]},"properties":{"SELECTIE":5013,"LABEL":"5013-5848"}},{"id":910,"type":"Feature","geometry":{"type":"Polygon","coordinates":[[[4.9948837,52.2944061],[4.9896521,52.2943946],[4.988907,52.2930958],[4.9887745,52.2929863],[4.9885086,52.2928489],[4.9881426,52.2927248],[4.987509,52.2926544],[4.9820812,52.2924109],[4.9822287,52.2908763],[4.9853322,52.2909619],[4.9906343,52.2903828],[4.9908801,52.2906755],[4.9910619,52.2908558],[4.9912903,52.2910364],[4.9916046,52.2912171],[4.9920851,52.2913985],[4.9924815,52.2914891],[4.9930671,52.2915788],[4.9935688,52.2916298],[4.9939477,52.2930086],[4.9938052,52.2932018],[4.9937222,52.2933812],[4.9937036,52.2935609],[4.9937527,52.2937408],[4.9938818,52.293921],[4.9940952,52.2941015],[4.9942169,52.2941733],[4.9945088,52.2943099],[4.9948837,52.2944061]]]},"properties":{"SELECTIE":5013,"LABEL":"5013-5848"}},{"id":911,"type":"Feature","geometry":{"type":"Polygon","coordinates":[[[4.9906289,52.3013711],[4.9896566,52.3013742],[4.9897392,52.2983657],[4.9922652,52.2983798],[4.9918969,52.2991273],[4.9918512,52.2993069],[4.9918547,52.2994867],[4.9919351,52.2996667],[4.9921623,52.2998472],[4.9924067,52.2999548],[4.9926992,52.3000323],[4.9929921,52.3000742],[4.9932852,52.3000885],[4.9941648,52.3000754],[4.994751,52.3000952],[4.9950438,52.3001435],[4.9952933,52.3002171],[4.9955803,52.3003977],[4.9957075,52.300578],[4.9957676,52.3007579],[4.9958433,52.3013541],[4.9910873,52.3013696],[4.9910769,52.3012816],[4.9909301,52.3011431],[4.9906361,52.3012399],[4.9906151,52.30128],[4.9906289,52.3013711]]]},"properties":{"SELECTIE":5013,"LABEL":"5013-5848"}},{"id":912,"type":"Feature","geometry":{"type":"Polygon","coordinates":[[[4.9897292,52.2969878],[4.9900868,52.2970601],[4.9903797,52.2970996],[4.9909655,52.2971539],[4.9912587,52.2971605],[4.9915414,52.2971487],[4.9918454,52.297104],[4.9922104,52.2969712],[4.9924916,52.2967925],[4.992923,52.296475],[4.9969666,52.2964999],[4.9969633,52.2967191],[4.9959539,52.2966818],[4.9958215,52.2966814],[4.9956606,52.2966761],[4.9955288,52.2966803],[4.9953675,52.2966797],[4.9952475,52.2966894],[4.9950741,52.2966949],[4.9947806,52.2967268],[4.9944871,52.2967803],[4.994193,52.296863],[4.9938989,52.296984],[4.9936036,52.2971555],[4.9930138,52.2976112],[4.9926466,52.2978715],[4.9924615,52.2980507],[4.9923876,52.2981639],[4.9897189,52.2981474],[4.9897292,52.2969878]]]},"properties":{"SELECTIE":5013,"LABEL":"5013-5848"}},{"id":913,"type":"Feature","geometry":{"type":"Polygon","coordinates":[[[4.9935582,52.2947643],[4.9956798,52.2947762],[4.9956616,52.2955031],[4.995517,52.2953644],[4.9948614,52.2951825],[4.9945019,52.2951002],[4.9939173,52.2949059],[4.9935582,52.2947643]]]},"properties":{"SELECTIE":5013,"LABEL":"5013-5848"}},{"id":914,"type":"Feature","geometry":{"type":"Polygon","coordinates":[[[4.9956601,52.2955622],[4.9956456,52.2961339],[4.9935887,52.2961199],[4.9939076,52.2959938],[4.9944953,52.2958407],[4.9952494,52.2957231],[4.9956601,52.2955622]]]},"properties":{"SELECTIE":5013,"LABEL":"5013-5848"}},{"id":915,"type":"Feature","geometry":{"type":"Polygon","coordinates":[[[5.0275157,52.314624],[5.027591,52.3111779],[5.0277933,52.3112457],[5.0280869,52.3112078],[5.0286745,52.3110765],[5.0289685,52.310985],[5.0292625,52.3108785],[5.0295511,52.3107499],[5.0298297,52.3105721],[5.0299926,52.3103929],[5.0300018,52.3103472],[5.0326208,52.3103384],[5.0330372,52.3107615],[5.0331903,52.3109417],[5.0332975,52.3111218],[5.0333499,52.3113016],[5.0333244,52.3114813],[5.033187,52.3116607],[5.0326767,52.3120187],[5.0325257,52.3121979],[5.0323522,52.312557],[5.0320881,52.3129157],[5.0317225,52.3132741],[5.0310785,52.3138114],[5.0310001,52.3138861],[5.0308766,52.3139905],[5.030702,52.3141696],[5.0306069,52.3143493],[5.030588,52.3145289],[5.0306212,52.3147088],[5.0309201,52.3155423],[5.0306265,52.315498],[5.0307431,52.3152268],[5.0295725,52.3150393],[5.0290594,52.3161814],[5.0289271,52.3161288],[5.0286064,52.315961],[5.0285187,52.3157809],[5.0286463,52.3156016],[5.0289338,52.3154252],[5.0291393,52.3152437],[5.0292131,52.3150641],[5.0291453,52.3148841],[5.0289815,52.3147039],[5.0289388,52.314671],[5.0286465,52.3145602],[5.0283534,52.3145326],[5.0280599,52.3145481],[5.0275157,52.314624]]]},"properties":{"SELECTIE":4177,"LABEL":"4177-5013"}},{"id":916,"type":"Feature","geometry":{"type":"Polygon","coordinates":[[[5.0290583,52.3080281],[5.0291047,52.3079578],[5.0305823,52.3079112],[5.0306712,52.3080581],[5.0307508,52.3081379],[5.0311341,52.3084189],[5.0316261,52.3087314],[5.0319172,52.3089775],[5.0320271,52.3091406],[5.0321083,52.3093207],[5.0322677,52.3098604],[5.0323708,52.3100405],[5.0324867,52.3101878],[5.0300207,52.3101918],[5.0299597,52.3100332],[5.0296087,52.3094929],[5.0293176,52.3091325],[5.0290668,52.3087706],[5.0290583,52.3080281]]]},"properties":{"SELECTIE":4177,"LABEL":"4177-5013"}},{"id":917,"type":"Feature","geometry":{"type":"Polygon","coordinates":[[[5.0438513,52.296303],[5.0438828,52.2962641],[5.0461366,52.2967525],[5.0460812,52.2968003],[5.0454998,52.2969157],[5.0452066,52.2969342],[5.0449135,52.2969194],[5.0446206,52.2968705],[5.0443296,52.296772],[5.0440726,52.2965934],[5.0439142,52.2964132],[5.0438513,52.296303]]]},"properties":{"SELECTIE":4177,"LABEL":"4177-5013"}},{"id":918,"type":"Feature","geometry":{"type":"Polygon","coordinates":[[[5.0499509,52.3180009],[5.0499569,52.3178211],[5.0500305,52.3176401],[5.0501705,52.3174622],[5.050317,52.3173203],[5.0509512,52.317176],[5.0512733,52.3172978],[5.0511663,52.3174651],[5.0511784,52.3176448],[5.0514106,52.3178253],[5.0519451,52.3180064],[5.0520844,52.3180357],[5.0523775,52.3180651],[5.0526708,52.3180444],[5.0528048,52.3180089],[5.052965,52.3179362],[5.053136,52.3178076],[5.0538347,52.3181227],[5.0535491,52.3182871],[5.0533543,52.31837],[5.0529611,52.3184672],[5.0526674,52.3185035],[5.052374,52.3185172],[5.0517877,52.3184911],[5.0506154,52.3183478],[5.0503226,52.3182705],[5.0501151,52.3181811],[5.0500304,52.3181081],[5.0499509,52.3180009]]]},"properties":{"SELECTIE":4177,"LABEL":"4177-5013"}},{"id":919,"type":"Feature","geometry":{"type":"Polygon","coordinates":[[[5.0225587,52.3093228],[5.0228951,52.3076153],[5.0269399,52.3079714],[5.0269394,52.3080468],[5.0272311,52.3082275],[5.027625,52.3082286],[5.0275433,52.3095961],[5.0274936,52.3096663],[5.0274434,52.3098459],[5.0273979,52.3102505],[5.0257756,52.3102769],[5.0257288,52.3100205],[5.02563,52.3098403],[5.0254569,52.3096609],[5.025168,52.3094852],[5.0248757,52.309382],[5.0245829,52.3093321],[5.0242895,52.3093207],[5.0234094,52.3093684],[5.0231162,52.3093689],[5.0225587,52.3093228]]]},"properties":{"SELECTIE":4177,"LABEL":"4177-5013"}},{"id":920,"type":"Feature","geometry":{"type":"Polygon","coordinates":[[[4.8691374,52.3266049],[4.8691935,52.3254443],[4.8692393,52.3254382],[4.8692588,52.325382],[4.8692844,52.3254384],[4.8695511,52.3254787],[4.8698434,52.3255714],[4.870137,52.3255572],[4.8703294,52.325443],[4.8701405,52.325256],[4.8698474,52.3252326],[4.8695887,52.32526],[4.8695534,52.3252833],[4.8694328,52.3252594],[4.8692603,52.3252476],[4.8692056,52.3251927],[4.8692578,52.3241157],[4.8698592,52.3242039],[4.8707384,52.3242865],[4.8710312,52.3243398],[4.8713236,52.3244318],[4.8721988,52.3248451],[4.8724822,52.3249138],[4.8727844,52.3249381],[4.873078,52.32492],[4.8733721,52.3248542],[4.8736596,52.3247352],[4.8739282,52.3245598],[4.8739561,52.3245299],[4.8740966,52.3243809],[4.8741944,52.3242015],[4.8742414,52.3240219],[4.8743203,52.323483],[4.8744855,52.3231243],[4.8746116,52.3229591],[4.876101,52.3229864],[4.8763045,52.3234916],[4.8764141,52.3236718],[4.8766113,52.3238057],[4.8769039,52.3238726],[4.8771968,52.3238549],[4.8774919,52.3237611],[4.8776587,52.3236772],[4.8777872,52.3235818],[4.8778711,52.3234984],[4.8779579,52.3233189],[4.8780214,52.3230216],[4.8818328,52.3230912],[4.8822609,52.323517],[4.8824758,52.3236988],[4.8833504,52.3245335],[4.8836435,52.3247778],[4.8839328,52.3249126],[4.8845191,52.3249414],[4.8853992,52.3249423],[4.8856924,52.3249599],[4.8859854,52.3249968],[4.886278,52.3250637],[4.8865703,52.3251628],[4.8874458,52.325573],[4.8877562,52.3256974],[4.8880302,52.3257846],[4.8886153,52.3259229],[4.8889082,52.3259704],[4.889568,52.3260454],[4.8895423,52.3265964],[4.8886084,52.326545],[4.8884131,52.3265429],[4.888315,52.3265383],[4.8882164,52.3265408],[4.8880217,52.3265387],[4.8877282,52.3265534],[4.8874273,52.3265942],[4.8871399,52.3266866],[4.8868448,52.3268309],[4.8865495,52.3270054],[4.886386,52.3271296],[4.8862533,52.3272613],[4.8862234,52.3273087],[4.8861815,52.3274883],[4.8862112,52.3276682],[4.886248,52.3277363],[4.8864395,52.3279082],[4.8852105,52.3279004],[4.8850789,52.3273042],[4.8849908,52.3271238],[4.8848512,52.3269435],[4.884439,52.3265821],[4.884274,52.3264018],[4.8840395,52.3260412],[4.8839228,52.3257829],[4.8836615,52.3253206],[4.8836352,52.3252887],[4.8833432,52.3251631],[4.8830501,52.3251473],[4.8827564,52.3251613],[4.882169,52.325233],[4.8815808,52.3253538],[4.8806979,52.3255957],[4.8804032,52.3257127],[4.880165,52.3258449],[4.8795162,52.3263142],[4.8792214,52.3264403],[4.8789277,52.3264724],[4.878635,52.326419],[4.8783431,52.3262882],[4.8777603,52.3259366],[4.8774684,52.325812],[4.8771754,52.325775],[4.8768808,52.325879],[4.8767185,52.3260099],[4.8762879,52.3264178],[4.8759922,52.3266098],[4.8756978,52.3267132],[4.8754037,52.3267658],[4.8748167,52.3267948],[4.8742301,52.3267753],[4.8739372,52.3267447],[4.8736445,52.3266772],[4.87306,52.3264803],[4.8727671,52.3264294],[4.872474,52.3264202],[4.871593,52.3264974],[4.8699427,52.3265198],[4.8698824,52.3265237],[4.8698322,52.3265244],[4.8695387,52.3265452],[4.8692448,52.3265819],[4.8691374,52.3266049]]]},"properties":{"SELECTIE":6683,"LABEL":"6683-7519"}},{"id":921,"type":"Feature","geometry":{"type":"Polygon","coordinates":[[[4.8111854,52.3479993],[4.8112382,52.34782],[4.8114327,52.3476411],[4.8117648,52.3475037],[4.8119118,52.3474637],[4.8123532,52.3473918],[4.8126472,52.3473627],[4.8129408,52.3473522],[4.8135272,52.3474077],[4.8138205,52.3474185],[4.8141146,52.3473787],[4.8144095,52.3472795],[4.8147047,52.347139],[4.8149659,52.3469392],[4.815251,52.3465412],[4.8158778,52.3465403],[4.8158291,52.3495222],[4.8152632,52.3493571],[4.814753,52.3490952],[4.8144736,52.348914],[4.8142642,52.3487334],[4.8138096,52.3482699],[4.8135176,52.3481459],[4.8132239,52.3481659],[4.8123397,52.3484386],[4.8120458,52.3484793],[4.8117525,52.3484627],[4.811436,52.3483602],[4.8112439,52.3481794],[4.8111854,52.3479993]]]},"properties":{"SELECTIE":6683,"LABEL":"6683-7519"}},{"id":922,"type":"Feature","geometry":{"type":"Polygon","coordinates":[[[4.8129097,52.3542992],[4.8129403,52.3541196],[4.8131487,52.3539874],[4.8134454,52.3537462],[4.8137433,52.3534156],[4.8138724,52.3532254],[4.8140298,52.3528665],[4.8140781,52.352687],[4.8142049,52.3517992],[4.814883,52.3518069],[4.8148533,52.3519717],[4.8148795,52.3523314],[4.8151252,52.3530516],[4.8151569,52.3532314],[4.815121,52.353411],[4.814838,52.3539489],[4.8147991,52.3541284],[4.8148328,52.3543084],[4.8149441,52.3544888],[4.8152575,52.3548497],[4.8154833,52.3550712],[4.8156742,52.3552113],[4.8157744,52.3552653],[4.8160666,52.3553597],[4.8163261,52.3553906],[4.8161048,52.3557744],[4.8157683,52.3557275],[4.815476,52.3556359],[4.8151844,52.3554864],[4.814603,52.3550442],[4.8143115,52.3548767],[4.8140197,52.3547431],[4.8133126,52.3544809],[4.8131436,52.3543912],[4.8129097,52.3542992]]]},"properties":{"SELECTIE":6683,"LABEL":"6683-7519"}},{"id":923,"type":"Feature","geometry":{"type":"Polygon","coordinates":[[[4.815812,52.3505699],[4.8158017,52.3511975],[4.8144545,52.351136],[4.8146569,52.3508933],[4.8149524,52.3507045],[4.8152473,52.3505963],[4.8155413,52.3505622],[4.815812,52.3505699]]]},"properties":{"SELECTIE":6683,"LABEL":"6683-7519"}},{"id":924,"type":"Feature","geometry":{"type":"Polygon","coordinates":[[[4.814675,52.3723691],[4.8157156,52.3722608],[4.8161308,52.373189],[4.816292,52.3733693],[4.8164213,52.3734865],[4.8165245,52.3735501],[4.8167131,52.3736337],[4.817006,52.3736883],[4.8173,52.3736705],[4.8175946,52.3736028],[4.8177497,52.373556],[4.8179198,52.3734578],[4.8182209,52.3742298],[4.81729,52.3744472],[4.8169958,52.3744943],[4.8167018,52.3745128],[4.8164084,52.3744903],[4.8161156,52.374412],[4.8158361,52.3742659],[4.8155987,52.3740849],[4.8154197,52.3739044],[4.8151621,52.3735435],[4.8149015,52.3730031],[4.814675,52.3723691]]]},"properties":{"SELECTIE":6683,"LABEL":"6683-7519"}},{"id":925,"type":"Feature","geometry":{"type":"Polygon","coordinates":[[[4.8159262,52.3458651],[4.8159291,52.3463314],[4.815368,52.3463287],[4.8154222,52.3462223],[4.8155729,52.3460434],[4.8159262,52.3458651]]]},"properties":{"SELECTIE":6683,"LABEL":"6683-7519"}},{"id":926,"type":"Feature","geometry":{"type":"Polygon","coordinates":[[[4.8160598,52.3511957],[4.81603,52.3511489],[4.8160528,52.3505893],[4.8164212,52.3506231],[4.8167146,52.3506318],[4.8170085,52.3506054],[4.8172257,52.3505451],[4.8173036,52.3504797],[4.8173833,52.3503661],[4.8173514,52.3501862],[4.8173082,52.3501232],[4.8172109,52.3500058],[4.8170179,52.349867],[4.8167261,52.3497339],[4.816435,52.3496415],[4.8160943,52.3495777],[4.8161554,52.3481254],[4.8162928,52.3482039],[4.8164514,52.3482667],[4.8167444,52.348298],[4.8170385,52.3482584],[4.8173334,52.3481451],[4.8176296,52.3479493],[4.8177304,52.3478512],[4.817889,52.3476722],[4.8179839,52.3474929],[4.8180253,52.3473134],[4.8180291,52.3471336],[4.8180028,52.3469538],[4.8179551,52.3468066],[4.8179421,52.3467664],[4.8179382,52.3467548],[4.8177802,52.3465534],[4.818767,52.346567],[4.8188177,52.3468447],[4.8189109,52.3471378],[4.8192985,52.3480385],[4.8193876,52.3481873],[4.8194192,52.3482189],[4.8196791,52.3483488],[4.8198511,52.3484006],[4.8199716,52.3484287],[4.8202646,52.3484628],[4.8205686,52.3484792],[4.8205086,52.3500951],[4.8199482,52.3502614],[4.8196559,52.35038],[4.8193579,52.3505131],[4.8186517,52.3509115],[4.8182481,52.3510892],[4.8178818,52.3511818],[4.8176819,52.3512066],[4.8163466,52.3511977],[4.8160598,52.3511957]]]},"properties":{"SELECTIE":6683,"LABEL":"6683-7519"}},{"id":927,"type":"Feature","geometry":{"type":"Polygon","coordinates":[[[4.8187117,52.3461945],[4.8164355,52.3461448],[4.8164657,52.3457788],[4.8170706,52.3457516],[4.8176577,52.3457498],[4.817951,52.3457641],[4.818244,52.3458049],[4.8184737,52.3458775],[4.8185361,52.3459146],[4.8186702,52.3460582],[4.8187117,52.3461945]]]},"properties":{"SELECTIE":6683,"LABEL":"6683-7519"}},{"id":928,"type":"Feature","geometry":{"type":"Polygon","coordinates":[[[4.8185668,52.374167],[4.8179145,52.3725324],[4.8206652,52.3721298],[4.8205424,52.3724909],[4.8203453,52.3728495],[4.8203051,52.3730289],[4.8203579,52.373209],[4.8205345,52.3733617],[4.820827,52.373453],[4.8211203,52.3734862],[4.8222671,52.3734961],[4.8225116,52.3740087],[4.8272048,52.3732997],[4.8290933,52.3718513],[4.8293618,52.372036],[4.8296549,52.3720972],[4.8299491,52.3720522],[4.8305386,52.3718887],[4.8308329,52.3718334],[4.831127,52.3717999],[4.8313223,52.3717994],[4.8315287,52.3723532],[4.8302763,52.3725575],[4.8283754,52.3740869],[4.8220534,52.3750697],[4.8206344,52.3744686],[4.8201323,52.3742865],[4.819936,52.3742304],[4.8196433,52.3741658],[4.81935,52.3741289],[4.8190565,52.3741206],[4.8187624,52.3741392],[4.8185668,52.374167]]]},"properties":{"SELECTIE":6683,"LABEL":"6683-7519"}},{"id":929,"type":"Feature","geometry":{"type":"Polygon","coordinates":[[[4.8242435,52.3574283],[4.8188104,52.3574024],[4.8187836,52.3556805],[4.818901,52.3554524],[4.8195887,52.3554315],[4.8199096,52.3554103],[4.8201762,52.3553992],[4.820503,52.3553713],[4.820764,52.3553541],[4.8209019,52.3553372],[4.8210581,52.355324],[4.8211917,52.3553018],[4.8213521,52.3552821],[4.8215048,52.3552497],[4.8216463,52.3552261],[4.8219408,52.3551573],[4.8221817,52.3550627],[4.8221926,52.355056],[4.8222358,52.3550386],[4.8224717,52.3548842],[4.8226569,52.3547054],[4.8228806,52.354347],[4.8231398,52.353809],[4.823287,52.3536298],[4.8234298,52.3534935],[4.8234623,52.3534734],[4.8234872,52.3534511],[4.8237256,52.3533104],[4.8240207,52.3531879],[4.8242851,52.3530953],[4.8251997,52.3528228],[4.8254945,52.3527083],[4.825786,52.3525624],[4.8263814,52.3522227],[4.8266765,52.3520932],[4.8269704,52.3520684],[4.827213,52.3522666],[4.8271615,52.3555146],[4.8266351,52.3553909],[4.8254658,52.354984],[4.8248808,52.3548125],[4.8245879,52.3547618],[4.8242936,52.3548173],[4.8240407,52.3550715],[4.823996,52.3551413],[4.8239278,52.3554305],[4.823965,52.3559699],[4.8240787,52.3565097],[4.8241851,52.3572292],[4.8242435,52.3574283]]]},"properties":{"SELECTIE":6683,"LABEL":"6683-7519"}},{"id":930,"type":"Feature","geometry":{"type":"Polygon","coordinates":[[[4.8188342,52.3585244],[4.8188323,52.3582384],[4.8195254,52.3582436],[4.8192579,52.3583369],[4.8188342,52.3585244]]]},"properties":{"SELECTIE":6683,"LABEL":"6683-7519"}},{"id":931,"type":"Feature","geometry":{"type":"MultiPolygon","coordinates":[[[[4.8211448,52.3782381],[4.8210601,52.3782215],[4.8206793,52.3780638],[4.8204323,52.3778829],[4.8203278,52.3777027],[4.8203476,52.377523],[4.8204435,52.3773437],[4.8206116,52.3771647],[4.8207816,52.3770202],[4.8210779,52.3768211],[4.8213735,52.3766675],[4.8216688,52.3765436],[4.8224801,52.3762749],[4.8228788,52.376097],[4.8230619,52.3759182],[4.8230825,52.3757385],[4.8229402,52.3755581],[4.8226918,52.3753772],[4.8225492,52.3753096],[4.8309831,52.3739838],[4.8306592,52.3745161],[4.8304031,52.3748744],[4.8296089,52.3757572],[4.8294834,52.3759485],[4.8293257,52.3761275],[4.8292191,52.3763068],[4.8293067,52.3764349],[4.8293914,52.3764873],[4.8295992,52.376525],[4.829893,52.3765335],[4.830187,52.3765035],[4.8307767,52.3763265],[4.8313671,52.3760842],[4.8319569,52.3758921],[4.8322513,52.375834],[4.8328395,52.3757719],[4.8341946,52.375706],[4.8344626,52.3763356],[4.8337146,52.3762545],[4.8331277,52.3762165],[4.8328337,52.3762318],[4.8325395,52.3762766],[4.8322448,52.3763577],[4.8319495,52.3764858],[4.8310003,52.3770933],[4.8273221,52.3776732],[4.8274692,52.377377],[4.8276185,52.377198],[4.8278305,52.3770418],[4.8281262,52.3768802],[4.8282329,52.3768414],[4.8282877,52.3766619],[4.8281301,52.3765739],[4.8278614,52.3764801],[4.8275445,52.3764315],[4.8266644,52.3763512],[4.8249052,52.376103],[4.824612,52.3760749],[4.824318,52.3760867],[4.8242733,52.3761036],[4.8241303,52.3762828],[4.8238279,52.3768206],[4.8236945,52.3769997],[4.8234247,52.37718],[4.8231278,52.3773042],[4.8228315,52.3774999],[4.8224701,52.3778926],[4.8222367,52.3780852],[4.8219413,52.3782134],[4.8216469,52.378268],[4.8214252,52.37827],[4.8214006,52.3781982],[4.8211448,52.3782381]],[[4.8269897,52.3753976],[4.8266775,52.3753154],[4.8263839,52.3752975],[4.8262078,52.3753938],[4.8266749,52.3755202],[4.8269695,52.3754504],[4.8269897,52.3753976]]]]},"properties":{"SELECTIE":6683,"LABEL":"6683-7519"}},{"id":932,"type":"Feature","geometry":{"type":"Polygon","coordinates":[[[4.8219686,52.3842644],[4.8219806,52.3840019],[4.8221901,52.3834637],[4.8224749,52.3824478],[4.8225846,52.3822073],[4.822701,52.3820281],[4.8227749,52.3819576],[4.8229179,52.3818493],[4.82334,52.3816716],[4.8239558,52.3814986],[4.8241492,52.3814542],[4.8242505,52.381427],[4.8243738,52.3814025],[4.824545,52.3813632],[4.8246758,52.3813427],[4.8248393,52.3813104],[4.8257223,52.3811791],[4.8260168,52.3811101],[4.8263356,52.3809668],[4.8264816,52.3807877],[4.8264938,52.3807404],[4.8275665,52.3805714],[4.8277806,52.3810195],[4.8278718,52.3811538],[4.8280699,52.3813643],[4.8283621,52.381489],[4.8286553,52.3815298],[4.8289489,52.3815388],[4.8295366,52.3815184],[4.8307135,52.3813728],[4.8315965,52.3812234],[4.8318907,52.3812013],[4.8321841,52.3812195],[4.83277,52.381345],[4.833968,52.3817216],[4.8342792,52.3819028],[4.8344381,52.3820833],[4.8346558,52.3824439],[4.834928,52.3828046],[4.8353113,52.3831659],[4.8359664,52.3837101],[4.8361114,52.3838886],[4.8361942,52.3840688],[4.8362189,52.3842486],[4.8361582,52.3844851],[4.8337499,52.3844318],[4.833907,52.3844007],[4.8342019,52.3843025],[4.8344975,52.3841643],[4.8346221,52.3840614],[4.8346941,52.3838819],[4.8346509,52.383702],[4.8345378,52.3835217],[4.8342154,52.3832195],[4.8336334,52.3827779],[4.8333412,52.3826455],[4.8330477,52.3826324],[4.8327689,52.3827945],[4.8327205,52.3829741],[4.8327072,52.3831537],[4.8327393,52.3836931],[4.8326859,52.3842322],[4.8327319,52.3844023],[4.8327525,52.3844165],[4.8315273,52.3844006],[4.8312648,52.3842705],[4.8309744,52.3840426],[4.8308567,52.3838641],[4.8307772,52.383684],[4.8307404,52.383504],[4.8307598,52.3833244],[4.8309107,52.3829656],[4.8309893,52.3828154],[4.8311636,52.3826072],[4.8312742,52.382428],[4.8313282,52.3822485],[4.8309971,52.3821874],[4.8304101,52.3821381],[4.8298226,52.3821466],[4.8295283,52.3821838],[4.8292338,52.3822463],[4.8289386,52.3823667],[4.8288908,52.382399],[4.828851,52.3824167],[4.8286422,52.3825667],[4.8283448,52.3828555],[4.8279403,52.3833111],[4.8270785,52.3843429],[4.8219686,52.3842644]]]},"properties":{"SELECTIE":6683,"LABEL":"6683-7519"}},{"id":933,"type":"Feature","geometry":{"type":"Polygon","coordinates":[[[4.8237325,52.3582745],[4.8256983,52.3582891],[4.8263036,52.358384],[4.8270201,52.3585369],[4.826839,52.3639593],[4.8242321,52.3639384],[4.8247337,52.3637028],[4.8250474,52.3635246],[4.8252924,52.3633461],[4.825487,52.3631673],[4.8256444,52.3629882],[4.82572,52.3628857],[4.8257836,52.3628091],[4.8260412,52.3624508],[4.8262042,52.3622719],[4.8265522,52.3619583],[4.8265724,52.3619299],[4.8265894,52.3619142],[4.8267117,52.3617351],[4.8267567,52.3615554],[4.826717,52.3613756],[4.8265946,52.3611952],[4.8265621,52.3611641],[4.8262704,52.3610234],[4.8259772,52.3609868],[4.8256832,52.3610207],[4.8253895,52.3610304],[4.8253528,52.3610096],[4.8252474,52.3608293],[4.8252805,52.3606497],[4.8253977,52.3603723],[4.8258071,52.3597534],[4.8258429,52.3595739],[4.8256889,52.3593934],[4.8251203,52.3590868],[4.8250572,52.3590309],[4.824161,52.3584873],[4.8237325,52.3582745]]]},"properties":{"SELECTIE":6683,"LABEL":"6683-7519"}},{"id":934,"type":"Feature","geometry":{"type":"Polygon","coordinates":[[[4.8265221,52.3805193],[4.8264225,52.3798887],[4.8264273,52.3797089],[4.8264598,52.3795294],[4.8266047,52.379169],[4.827408,52.3790384],[4.8272742,52.3793535],[4.827235,52.379533],[4.8272336,52.3797128],[4.8273323,52.3800727],[4.8274653,52.380371],[4.8265221,52.3805193]]]},"properties":{"SELECTIE":6683,"LABEL":"6683-7519"}},{"id":935,"type":"Feature","geometry":{"type":"Polygon","coordinates":[[[4.8271952,52.3647112],[4.8272108,52.3641302],[4.8312415,52.3641685],[4.8306301,52.3645645],[4.8303337,52.3647933],[4.82974,52.3653061],[4.8294442,52.3654746],[4.8291499,52.3655383],[4.8288567,52.3654924],[4.8285648,52.3653625],[4.8282132,52.3651574],[4.8276898,52.3648932],[4.8271952,52.3647112]]]},"properties":{"SELECTIE":6683,"LABEL":"6683-7519"}},{"id":936,"type":"Feature","geometry":{"type":"Polygon","coordinates":[[[4.8317029,52.363896],[4.8272145,52.3638317],[4.8273752,52.3586258],[4.8283526,52.3588768],[4.8289383,52.3589944],[4.8292313,52.359034],[4.8295249,52.3590543],[4.8306989,52.3590786],[4.8312849,52.3591618],[4.8315718,52.3592418],[4.8318698,52.3593518],[4.8320143,52.3594231],[4.8329499,52.3599668],[4.8335018,52.3602578],[4.8334906,52.360782],[4.8324456,52.3602694],[4.831861,52.3600519],[4.8315683,52.3599852],[4.831275,52.3599624],[4.8309809,52.3600073],[4.8306851,52.3601678],[4.8305363,52.360315],[4.8303873,52.3605159],[4.8302885,52.3606733],[4.8301165,52.361032],[4.8299942,52.3613909],[4.8299637,52.3615705],[4.8299627,52.3617504],[4.8300026,52.3619302],[4.8301039,52.3621105],[4.8303032,52.3622912],[4.8303392,52.3623082],[4.8303644,52.3623296],[4.8306565,52.3624594],[4.8309491,52.3625385],[4.8312423,52.3625781],[4.8315358,52.362594],[4.832123,52.362587],[4.8327109,52.3625458],[4.833455,52.3624549],[4.8334241,52.3638983],[4.8332823,52.3638116],[4.8331272,52.3637424],[4.8329899,52.3637064],[4.8326968,52.3636709],[4.832403,52.3636779],[4.8321087,52.3637253],[4.8318138,52.3638381],[4.8317029,52.363896]]]},"properties":{"SELECTIE":6683,"LABEL":"6683-7519"}},{"id":937,"type":"Feature","geometry":{"type":"Polygon","coordinates":[[[4.8275086,52.3555732],[4.8275291,52.3544013],[4.8275494,52.3545488],[4.8276752,52.3547292],[4.8279266,52.3549101],[4.8281078,52.3549925],[4.8283641,52.355092],[4.8283887,52.3550982],[4.8286927,52.3551759],[4.8289857,52.3552267],[4.8292789,52.3552577],[4.8295721,52.3552683],[4.829866,52.3552554],[4.8301602,52.3552089],[4.8304956,52.3551019],[4.8308214,52.3549237],[4.831043,52.3547438],[4.8312069,52.354566],[4.831435,52.3542076],[4.8316441,52.3539265],[4.8319047,52.3536705],[4.8319416,52.3536102],[4.8320798,52.3534915],[4.8322047,52.3533125],[4.8319461,52.3532538],[4.8316538,52.3531456],[4.8314852,52.3529496],[4.8314122,52.3527694],[4.8314268,52.3525897],[4.831509,52.3522306],[4.8314901,52.3520508],[4.831462,52.3520137],[4.8337016,52.3520388],[4.8335738,52.357295],[4.8330688,52.3573792],[4.8327744,52.3574442],[4.8324806,52.3574633],[4.8321872,52.3574507],[4.8318943,52.3573959],[4.8315602,52.357264],[4.8308152,52.3567212],[4.830538,52.3565401],[4.83022,52.3563589],[4.8298542,52.3561914],[4.8292977,52.3559951],[4.8286812,52.3558128],[4.8280993,52.3556793],[4.8275086,52.3555732]]]},"properties":{"SELECTIE":6683,"LABEL":"6683-7519"}},{"id":938,"type":"Feature","geometry":{"type":"Polygon","coordinates":[[[4.8275604,52.3542071],[4.8275302,52.3543454],[4.8275546,52.3530523],[4.8276176,52.3532909],[4.8276502,52.3536505],[4.8276037,52.3540098],[4.8275604,52.3542071]]]},"properties":{"SELECTIE":6683,"LABEL":"6683-7519"}},{"id":939,"type":"Feature","geometry":{"type":"MultiPolygon","coordinates":[[[[4.8338515,52.348839],[4.8337914,52.3513624],[4.8276,52.3512835],[4.8276114,52.3509286],[4.8278657,52.3509104],[4.8281599,52.3508502],[4.8283747,52.3507779],[4.8286354,52.3505994],[4.8287203,52.35042],[4.8287133,52.3502403],[4.8286502,52.3500602],[4.8285379,52.3498799],[4.8281768,52.3495073],[4.8276709,52.3490541],[4.8277348,52.3470445],[4.8310815,52.3470765],[4.8315353,52.3475572],[4.8320117,52.3479858],[4.8321151,52.3480991],[4.8323009,52.3483348],[4.8324872,52.3486401],[4.8326387,52.3488206],[4.83288,52.3489707],[4.833173,52.3490182],[4.833467,52.3489774],[4.8338515,52.348839]],[[4.8321333,52.3506158],[4.8322738,52.3505087],[4.8323313,52.3504369],[4.8322479,52.3502568],[4.8319858,52.3500631],[4.8316936,52.3499601],[4.8314006,52.3499068],[4.8311071,52.3499104],[4.8308124,52.3499998],[4.8307174,52.3500699],[4.8306479,52.3502493],[4.8307127,52.3504293],[4.8308059,52.3505157],[4.8310139,52.3506105],[4.831098,52.3506347],[4.8313911,52.3506711],[4.8316847,52.3506756],[4.8319784,52.3506521],[4.8321333,52.3506158]]]]},"properties":{"SELECTIE":6683,"LABEL":"6683-7519"}},{"id":940,"type":"Feature","geometry":{"type":"Polygon","coordinates":[[[4.831541,52.3708473],[4.8315618,52.3707982],[4.8319353,52.3705814],[4.8340677,52.370297],[4.8342494,52.371147],[4.8350361,52.3730504],[4.8348432,52.3730802],[4.8346952,52.3727374],[4.8346407,52.3726459],[4.8345405,52.3725568],[4.8343495,52.3724465],[4.8340563,52.3723948],[4.8337628,52.3723828],[4.8334689,52.3723963],[4.8328809,52.3724503],[4.8325867,52.3724879],[4.832284,52.3725455],[4.8320486,52.3726342],[4.8317062,52.3718104],[4.8320081,52.3717966],[4.8323022,52.3717617],[4.8325966,52.371707],[4.8328078,52.37165],[4.8331834,52.371471],[4.8334016,52.3712933],[4.8334646,52.3711139],[4.8332655,52.3709332],[4.8329009,52.3708537],[4.8326075,52.3708318],[4.8323137,52.3708296],[4.831541,52.3708473]]]},"properties":{"SELECTIE":6683,"LABEL":"6683-7519"}},{"id":941,"type":"Feature","geometry":{"type":"Polygon","coordinates":[[[4.8326095,52.3856967],[4.8325845,52.3861214],[4.831385,52.3860946],[4.8313997,52.3856563],[4.8317756,52.3851649],[4.8323434,52.3851768],[4.8323684,52.3855592],[4.8326095,52.3856967]]]},"properties":{"SELECTIE":6683,"LABEL":"6683-7519"}},{"id":942,"type":"Feature","geometry":{"type":"Polygon","coordinates":[[[4.8337104,52.3687118],[4.8339988,52.3699643],[4.8332337,52.3700304],[4.8324943,52.3699613],[4.8326188,52.3699279],[4.8329138,52.3698099],[4.8331474,52.3696744],[4.8333295,52.3694954],[4.8334431,52.3693161],[4.8337104,52.3687118]]]},"properties":{"SELECTIE":6683,"LABEL":"6683-7519"}},{"id":943,"type":"Feature","geometry":{"type":"Polygon","coordinates":[[[4.8377985,52.3865245],[4.8375743,52.3867665],[4.8372389,52.3870077],[4.8339173,52.3869862],[4.833892,52.3874289],[4.8330143,52.3874279],[4.8330455,52.3861357],[4.8346944,52.3861463],[4.834753,52.3862191],[4.8350519,52.3864011],[4.8353498,52.3864891],[4.8356435,52.3864958],[4.8362319,52.3864311],[4.8368198,52.3864029],[4.8371134,52.3864159],[4.8374067,52.3864504],[4.8377985,52.3865245]]]},"properties":{"SELECTIE":6683,"LABEL":"6683-7519"}},{"id":944,"type":"Feature","geometry":{"type":"Polygon","coordinates":[[[4.8419704,52.3642984],[4.841906,52.3668957],[4.8418075,52.3682985],[4.8416991,52.3691937],[4.8395353,52.3692933],[4.8345517,52.3699569],[4.8342834,52.367995],[4.8341522,52.3667902],[4.8342162,52.3642527],[4.8419704,52.3642984]]]},"properties":{"SELECTIE":6683,"LABEL":"6683-7519"}},{"id":945,"type":"Feature","geometry":{"type":"Polygon","coordinates":[[[4.8359717,52.3639412],[4.8342527,52.3639245],[4.8342373,52.3638646],[4.834295,52.3623569],[4.8344749,52.3623517],[4.8347682,52.362381],[4.8356465,52.3625823],[4.8359395,52.3626363],[4.8362327,52.3626652],[4.8365264,52.3626675],[4.8368202,52.3626479],[4.8377023,52.3625514],[4.8388775,52.3624918],[4.8391713,52.3624652],[4.8394657,52.3624202],[4.8403487,52.3622343],[4.8409377,52.3620869],[4.8411994,52.3619823],[4.8414873,52.3618038],[4.8416875,52.361625],[4.8420224,52.3611791],[4.8420534,52.3614923],[4.841974,52.3639999],[4.8378864,52.36396],[4.8380732,52.3637654],[4.8380372,52.3635855],[4.8376911,52.3634553],[4.8373979,52.3634195],[4.8368103,52.3634459],[4.8355713,52.363574],[4.8354345,52.3637532],[4.8359717,52.3639412]]]},"properties":{"SELECTIE":6683,"LABEL":"6683-7519"}},{"id":946,"type":"Feature","geometry":{"type":"Polygon","coordinates":[[[4.8343412,52.3611527],[4.8343643,52.3605539],[4.8344971,52.3605724],[4.8347907,52.3605659],[4.8350853,52.3605162],[4.8353797,52.3604166],[4.8356749,52.3602909],[4.8359041,52.3601603],[4.8362672,52.3598869],[4.8365094,52.3596238],[4.8366371,52.3594447],[4.8368201,52.359086],[4.8368743,52.3589065],[4.8368874,52.3587268],[4.8368209,52.3585468],[4.8366509,52.3583782],[4.8377249,52.3583792],[4.8378055,52.3585514],[4.8377843,52.358731],[4.8376215,52.3590897],[4.8373573,52.3594481],[4.8370594,52.3598061],[4.8369304,52.3599476],[4.8368983,52.3599851],[4.8368786,52.3600043],[4.8368526,52.360033],[4.8367061,52.3601731],[4.8365555,52.3603206],[4.8365348,52.3603372],[4.8362589,52.3605584],[4.8359629,52.3607493],[4.8356674,52.3609022],[4.8350774,52.3611366],[4.8347829,52.3611929],[4.8344894,52.3611877],[4.8343412,52.3611527]]]},"properties":{"SELECTIE":6683,"LABEL":"6683-7519"}},{"id":947,"type":"Feature","geometry":{"type":"Polygon","coordinates":[[[4.8407615,52.3502129],[4.8407471,52.3513947],[4.8345393,52.3513459],[4.8345703,52.3500304],[4.8346276,52.3500673],[4.8349211,52.3500743],[4.8352152,52.350028],[4.8355098,52.3499278],[4.8355196,52.3499187],[4.8355365,52.3499126],[4.8357174,52.3497338],[4.8356989,52.3495539],[4.8355158,52.3494518],[4.8352229,52.349402],[4.834929,52.3494347],[4.8346341,52.3495344],[4.8345809,52.349575],[4.8346044,52.3485845],[4.8349399,52.3485406],[4.8364089,52.3484503],[4.8378784,52.3482959],[4.8384659,52.3482589],[4.8387599,52.3482239],[4.8390086,52.3481312],[4.8390549,52.3480989],[4.8391275,52.347952],[4.8391251,52.3477722],[4.8390633,52.3475922],[4.8389833,52.3469951],[4.8395778,52.3469989],[4.8396539,52.347124],[4.8399446,52.3473544],[4.8402364,52.3474901],[4.840618,52.3475964],[4.8411039,52.3487987],[4.8417216,52.3501252],[4.8412478,52.3501329],[4.8413803,52.3499591],[4.8414055,52.34976],[4.8413851,52.3495618],[4.8412851,52.3493999],[4.8410961,52.349198],[4.8408042,52.3490585],[4.8405116,52.3489799],[4.8402184,52.3489517],[4.8399971,52.3490345],[4.8399221,52.3491876],[4.8399398,52.3493937],[4.8400127,52.3495739],[4.8401248,52.349754],[4.840298,52.3499347],[4.8404981,52.3500893],[4.8407615,52.3502129]]]},"properties":{"SELECTIE":6683,"LABEL":"6683-7519"}},{"id":948,"type":"Feature","geometry":{"type":"Polygon","coordinates":[[[4.8345532,52.3552833],[4.8345465,52.3520725],[4.8360581,52.3520596],[4.8360725,52.352209],[4.840769,52.3522606],[4.8406363,52.3545347],[4.8392684,52.3545945],[4.8389745,52.354622],[4.8386803,52.3546721],[4.8383151,52.3547788],[4.8378794,52.3549566],[4.8375499,52.3551348],[4.8372037,52.3553734],[4.8361156,52.3563865],[4.8359617,52.3565655],[4.8358461,52.3567447],[4.8357857,52.3569241],[4.8357871,52.3571039],[4.8358635,52.3572841],[4.8360039,52.3574397],[4.8362951,52.3576346],[4.8365554,52.3577544],[4.8351664,52.357654],[4.8345576,52.3573185],[4.8345552,52.3562335],[4.8351415,52.3559617],[4.8354372,52.3557926],[4.8357336,52.3555578],[4.835791,52.3554862],[4.8358527,52.3553067],[4.835819,52.3551268],[4.8357403,52.3550275],[4.835572,52.3549459],[4.835448,52.3549068],[4.8351545,52.3549182],[4.8350816,52.3549436],[4.8348593,52.3550409],[4.8345532,52.3552833]]]},"properties":{"SELECTIE":6683,"LABEL":"6683-7519"}},{"id":949,"type":"Feature","geometry":{"type":"Polygon","coordinates":[[[4.8358654,52.3728684],[4.8356207,52.3729077],[4.8345479,52.3702653],[4.8376102,52.3698119],[4.8398572,52.3695535],[4.8416141,52.3694919],[4.841505,52.3704829],[4.8414227,52.3704317],[4.8405416,52.3704276],[4.8402458,52.370606],[4.8402469,52.3705193],[4.8399528,52.3705479],[4.838741,52.3707788],[4.8367155,52.3710969],[4.8364212,52.3711641],[4.8361261,52.3712782],[4.8358671,52.3714845],[4.835781,52.3716639],[4.8357442,52.3718435],[4.8357482,52.372203],[4.8358654,52.3728684]]]},"properties":{"SELECTIE":6683,"LABEL":"6683-7519"}},{"id":950,"type":"Feature","geometry":{"type":"Polygon","coordinates":[[[4.8349543,52.3733592],[4.8350462,52.3733447],[4.8355386,52.374608],[4.8353219,52.3746435],[4.8353139,52.374358],[4.8352745,52.374178],[4.8349543,52.3733592]]]},"properties":{"SELECTIE":6683,"LABEL":"6683-7519"}},{"id":951,"type":"Feature","geometry":{"type":"Polygon","coordinates":[[[4.838986,52.3758362],[4.836808,52.3761701],[4.8357701,52.3733189],[4.8360237,52.3732729],[4.8361409,52.3734631],[4.8363894,52.3737236],[4.836681,52.3738898],[4.8369736,52.3739836],[4.8375595,52.3740974],[4.8381461,52.3741655],[4.8387331,52.3741959],[4.839614,52.3742165],[4.8399074,52.3742452],[4.8401998,52.3743353],[4.8402699,52.374381],[4.8403619,52.3745611],[4.8403313,52.3747408],[4.8402303,52.37492],[4.8400487,52.3750989],[4.8398953,52.3752126],[4.8392409,52.3756345],[4.838986,52.3758362]]]},"properties":{"SELECTIE":6683,"LABEL":"6683-7519"}},{"id":952,"type":"Feature","geometry":{"type":"Polygon","coordinates":[[[4.8375178,52.3775552],[4.8369995,52.3764695],[4.8386904,52.3761969],[4.8386252,52.3763506],[4.8386049,52.3765303],[4.8387096,52.3770701],[4.8387149,52.3772497],[4.838613,52.3774291],[4.8383981,52.3775405],[4.8381039,52.3775873],[4.8378101,52.3775828],[4.8375178,52.3775552]]]},"properties":{"SELECTIE":6683,"LABEL":"6683-7519"}},{"id":953,"type":"Feature","geometry":{"type":"Polygon","coordinates":[[[4.8425316,52.3502618],[4.841702,52.34851],[4.8415846,52.3480392],[4.8419877,52.3482978],[4.8422139,52.3485055],[4.8423449,52.3486858],[4.8424326,52.3488659],[4.8425439,52.349226],[4.8425889,52.3495857],[4.842583,52.3499452],[4.8425316,52.3502618]]]},"properties":{"SELECTIE":6683,"LABEL":"6683-7519"}},{"id":954,"type":"Feature","geometry":{"type":"Polygon","coordinates":[[[4.8445617,52.3674372],[4.8425231,52.3674001],[4.8426113,52.3643101],[4.8448579,52.3643424],[4.8448022,52.3669299],[4.8446918,52.3672489],[4.8445617,52.3674372]]]},"properties":{"SELECTIE":6683,"LABEL":"6683-7519"}},{"id":955,"type":"Feature","geometry":{"type":"Polygon","coordinates":[[[4.8450254,52.3606399],[4.8448544,52.3640337],[4.8426009,52.3639793],[4.8426877,52.3616079],[4.8427504,52.3606074],[4.8450254,52.3606399]]]},"properties":{"SELECTIE":6683,"LABEL":"6683-7519"}},{"id":956,"type":"Feature","geometry":{"type":"Polygon","coordinates":[[[4.8575753,52.3335843],[4.8577202,52.3335484],[4.8582103,52.3334785],[4.8581918,52.3339688],[4.8580085,52.3339758],[4.8577718,52.3340157],[4.8575741,52.3340803],[4.8575753,52.3335843]]]},"properties":{"SELECTIE":6683,"LABEL":"6683-7519"}},{"id":957,"type":"Feature","geometry":{"type":"Polygon","coordinates":[[[4.8617857,52.3321267],[4.8614186,52.3315155],[4.8612281,52.3311551],[4.8611815,52.3309751],[4.8612137,52.3307956],[4.8613102,52.3306162],[4.8615723,52.3303637],[4.8618682,52.3301544],[4.8626217,52.3297233],[4.8627128,52.3295439],[4.8627128,52.3293642],[4.8626503,52.3288246],[4.8626475,52.3284651],[4.8626649,52.3282854],[4.8627519,52.3279318],[4.868674,52.3279314],[4.8685248,52.3320749],[4.8675416,52.3320823],[4.8676622,52.3317227],[4.8676942,52.3315432],[4.8677013,52.3313634],[4.8676766,52.3311836],[4.8676209,52.3310036],[4.8675729,52.3309137],[4.8675383,52.3308234],[4.8674395,52.3306624],[4.8674355,52.330656],[4.8674277,52.3306432],[4.8672777,52.3304628],[4.8670819,52.3302822],[4.8668565,52.3301213],[4.866838,52.3301113],[4.8668238,52.3301013],[4.8667606,52.3300692],[4.8665649,52.3299627],[4.8664712,52.3299221],[4.866273,52.329836],[4.8659819,52.3297369],[4.8656883,52.3296499],[4.8653957,52.3295918],[4.8651025,52.3295579],[4.8648094,52.3295423],[4.8646519,52.3295466],[4.864516,52.3295433],[4.8642224,52.3295585],[4.8639286,52.3295961],[4.8636345,52.329656],[4.8634033,52.3297268],[4.8632405,52.3299058],[4.8632865,52.3300857],[4.8634014,52.330266],[4.8638657,52.3308074],[4.8639646,52.3309874],[4.8640168,52.3311675],[4.8640295,52.3313472],[4.8639961,52.3315269],[4.8639034,52.3317353],[4.8636573,52.3321124],[4.8617857,52.3321267]]]},"properties":{"SELECTIE":6683,"LABEL":"6683-7519"}},{"id":958,"type":"Feature","geometry":{"type":"Polygon","coordinates":[[[4.8686537,52.3272889],[4.868633,52.3277405],[4.8628434,52.3277415],[4.8629576,52.3275677],[4.8631086,52.3273886],[4.8633704,52.3271658],[4.8636657,52.3270081],[4.86396,52.3269295],[4.8642534,52.3269208],[4.8648392,52.3270094],[4.8651322,52.3270301],[4.865426,52.3270072],[4.8657201,52.326935],[4.8658871,52.3268616],[4.8660872,52.3266828],[4.866097,52.326503],[4.8659253,52.3263225],[4.8654369,52.3260713],[4.8645607,52.3257305],[4.8642698,52.325527],[4.8641944,52.3254162],[4.8641137,52.325236],[4.8640908,52.3250562],[4.8641171,52.3248765],[4.864191,52.3246971],[4.8642962,52.3245178],[4.8645791,52.3241719],[4.8648761,52.3238572],[4.8649041,52.3238322],[4.8649335,52.3238016],[4.865056,52.3236968],[4.865139,52.3236228],[4.8651617,52.3236064],[4.8651726,52.3235971],[4.8652001,52.3235787],[4.8653869,52.3234441],[4.8654683,52.3233996],[4.8657628,52.3232972],[4.8660564,52.3232815],[4.8663493,52.3233112],[4.8669345,52.3234435],[4.8687993,52.3239989],[4.8687684,52.3247901],[4.8684263,52.324536],[4.868097,52.324373],[4.868068,52.3243635],[4.8680493,52.3243545],[4.8678048,52.3242782],[4.8675121,52.3242233],[4.8672186,52.324231],[4.8669253,52.3243535],[4.8668093,52.3245288],[4.8667765,52.3247085],[4.8667921,52.3248883],[4.866848,52.3250683],[4.8669142,52.3251863],[4.8669585,52.3252485],[4.8671583,52.3254291],[4.8674963,52.3255803],[4.8677891,52.3256327],[4.8680825,52.325633],[4.8683763,52.3255978],[4.8687346,52.3255251],[4.8686776,52.3267687],[4.8685543,52.3268732],[4.86853,52.3270529],[4.8686075,52.327233],[4.8686537,52.3272889]]]},"properties":{"SELECTIE":6683,"LABEL":"6683-7519"}},{"id":959,"type":"Feature","geometry":{"type":"Polygon","coordinates":[[[4.8690844,52.3328187],[4.8690622,52.3292877],[4.8742182,52.329279],[4.8745485,52.3294159],[4.8747267,52.3295964],[4.8748053,52.3297765],[4.8748257,52.3299564],[4.8747773,52.3301345],[4.8746992,52.3303153],[4.8745435,52.3304944],[4.8742642,52.3306729],[4.8736363,52.3310298],[4.8732993,52.3311668],[4.8730049,52.3312493],[4.8721231,52.3313779],[4.8718288,52.3314632],[4.8715339,52.331588],[4.8705156,52.3320947],[4.8703532,52.3322008],[4.8700437,52.3324522],[4.8697616,52.3326019],[4.869467,52.3327092],[4.8690844,52.3328187]]]},"properties":{"SELECTIE":6683,"LABEL":"6683-7519"}},{"id":960,"type":"Feature","geometry":{"type":"Polygon","coordinates":[[[4.876096,52.3344557],[4.8761784,52.3342762],[4.8764334,52.3340977],[4.8764704,52.3340808],[4.8764934,52.3340654],[4.8770834,52.3338027],[4.877378,52.3337093],[4.877672,52.3336519],[4.8779655,52.3336466],[4.8782583,52.3336921],[4.8785509,52.333766],[4.8788438,52.3338122],[4.8791375,52.3337954],[4.8792369,52.3337501],[4.8792694,52.3337131],[4.879267,52.3339215],[4.8789995,52.3343657],[4.8784888,52.3348707],[4.8767822,52.3348769],[4.8765791,52.3348173],[4.8762218,52.3346359],[4.876096,52.3344557]]]},"properties":{"SELECTIE":6683,"LABEL":"6683-7519"}},{"id":961,"type":"Feature","geometry":{"type":"Polygon","coordinates":[[[4.8792748,52.3332458],[4.8792447,52.333211],[4.8791446,52.3331629],[4.8788156,52.3330293],[4.8785603,52.3329482],[4.8782686,52.3327991],[4.8779781,52.3325512],[4.8776813,52.3321257],[4.8774031,52.3315102],[4.8771142,52.3311075],[4.8770375,52.3310445],[4.8769062,52.3308641],[4.8768612,52.3306841],[4.8769594,52.3305048],[4.8772112,52.3303262],[4.8776677,52.3301484],[4.8785953,52.3298757],[4.8793161,52.3296283],[4.8792748,52.3332458]]]},"properties":{"SELECTIE":6683,"LABEL":"6683-7519"}},{"id":962,"type":"Feature","geometry":{"type":"Polygon","coordinates":[[[4.8773869,52.415538],[4.8777826,52.4153516],[4.8787874,52.4157937],[4.8793726,52.416028],[4.8796654,52.416132],[4.8802516,52.416304],[4.8808381,52.4164203],[4.8824694,52.4166345],[4.8828348,52.4169371],[4.8823599,52.4174489],[4.8820018,52.4174925],[4.8817079,52.417487],[4.8814144,52.4174433],[4.8811213,52.417362],[4.8806642,52.4171612],[4.8796483,52.4166177],[4.8781978,52.4159498],[4.877613,52.4156668],[4.8773869,52.415538]]]},"properties":{"SELECTIE":6683,"LABEL":"6683-7519"}},{"id":963,"type":"Feature","geometry":{"type":"Polygon","coordinates":[[[4.8893885,52.33326],[4.8893415,52.3359683],[4.887017,52.3361441],[4.8818353,52.3361397],[4.8806264,52.3351396],[4.8790737,52.3349352],[4.8794649,52.3342811],[4.879615,52.3335148],[4.8796408,52.32955],[4.8797731,52.329524],[4.8800668,52.3294969],[4.8803601,52.3295034],[4.8806531,52.329543],[4.8809457,52.3296024],[4.8812383,52.3296813],[4.8815914,52.3298056],[4.8819469,52.3299869],[4.8821836,52.3301676],[4.8823411,52.3303481],[4.8824591,52.3305283],[4.8825086,52.3307082],[4.8825031,52.3310677],[4.8825222,52.3312476],[4.882583,52.3314276],[4.8827066,52.3316078],[4.8828754,52.3317884],[4.8829908,52.3319686],[4.8828196,52.3321476],[4.8826765,52.3322059],[4.8821623,52.3325044],[4.881897,52.332683],[4.881675,52.3328617],[4.8815276,52.3330409],[4.8814588,52.3332203],[4.8814956,52.3334003],[4.8816207,52.3335806],[4.8818465,52.3337613],[4.8823619,52.3340805],[4.8826642,52.334304],[4.8829429,52.3345993],[4.8834008,52.3352059],[4.8835935,52.3353865],[4.8838126,52.335539],[4.8841048,52.335655],[4.8843974,52.3357125],[4.8846908,52.3357178],[4.884985,52.3356616],[4.8852797,52.3355404],[4.8862367,52.3350381],[4.8866163,52.3348601],[4.8876398,52.3344347],[4.8878449,52.3343259],[4.8880376,52.334147],[4.888094,52.3339674],[4.8880592,52.3337876],[4.8879562,52.3336073],[4.8878197,52.3334271],[4.8873623,52.3330089],[4.8870711,52.332803],[4.8867795,52.3326476],[4.8860057,52.3323409],[4.8856475,52.3321597],[4.885509,52.3319793],[4.8855707,52.3317997],[4.8860452,52.3312625],[4.8861437,52.3310832],[4.886203,52.3309037],[4.8862278,52.3307241],[4.8862163,52.3305434],[4.8861298,52.3301843],[4.8858008,52.3294493],[4.8894545,52.3294739],[4.8894437,52.3300875],[4.8891551,52.3301345],[4.8888617,52.3301287],[4.8879822,52.3300504],[4.8876879,52.3301525],[4.8875305,52.33037],[4.8874557,52.3305494],[4.8874316,52.3307291],[4.8874531,52.330909],[4.8875231,52.331089],[4.8876702,52.3312708],[4.8879672,52.3314019],[4.8889576,52.3316344],[4.889137,52.3317319],[4.8892447,52.3318153],[4.889333,52.3319954],[4.8893162,52.3321751],[4.8891885,52.3323542],[4.8889496,52.332533],[4.8887954,52.3327121],[4.8888311,52.3328885],[4.8890623,52.3330727],[4.8893885,52.33326]]]},"properties":{"SELECTIE":6683,"LABEL":"6683-7519"}},{"id":964,"type":"Feature","geometry":{"type":"Polygon","coordinates":[[[4.882967,52.4172944],[4.8841374,52.416502],[4.8846597,52.4164205],[4.8849539,52.4164009],[4.8852478,52.4164167],[4.8861275,52.4166095],[4.886385,52.4166139],[4.8860649,52.417076],[4.8858284,52.4170547],[4.8852418,52.4169315],[4.8849485,52.416884],[4.8846546,52.4168821],[4.88436,52.4169207],[4.8839812,52.4169956],[4.882967,52.4172944]]]},"properties":{"SELECTIE":6683,"LABEL":"6683-7519"}},{"id":965,"type":"Feature","geometry":{"type":"Polygon","coordinates":[[[4.8946801,52.4163166],[4.8946451,52.4163671],[4.8940386,52.4162407],[4.8934915,52.4162384],[4.8920655,52.4159971],[4.8918028,52.415934],[4.889476,52.4156207],[4.8890411,52.4155507],[4.8890531,52.415525],[4.8905468,52.4157439],[4.8923088,52.4159064],[4.8931893,52.4160163],[4.8939322,52.4161385],[4.8946801,52.4163166]]]},"properties":{"SELECTIE":6683,"LABEL":"6683-7519"}},{"id":966,"type":"Feature","geometry":{"type":"Polygon","coordinates":[[[4.8931234,52.4074219],[4.8930752,52.4072209],[4.8928899,52.4069725],[4.8929062,52.4068133],[4.893185,52.4064606],[4.8932797,52.4057445],[4.8933543,52.4055324],[4.8954244,52.4046592],[4.8959568,52.4050212],[4.8962495,52.4051248],[4.8965431,52.4051617],[4.8968371,52.4051505],[4.8971314,52.4051059],[4.8977206,52.404975],[4.8980152,52.4049251],[4.8983092,52.404909],[4.898603,52.4049243],[4.8990843,52.4050153],[4.899483,52.4050721],[4.8997767,52.4050955],[4.9000705,52.4051009],[4.9003646,52.405078],[4.9006563,52.4050215],[4.9009543,52.404914],[4.9011087,52.4048438],[4.901364,52.4046651],[4.9014951,52.4044859],[4.901524,52.4043063],[4.9014754,52.4041263],[4.9012609,52.4037519],[4.9009694,52.403523],[4.9006764,52.4034341],[4.9000895,52.4033708],[4.8997961,52.4033205],[4.8994717,52.4032194],[4.8992216,52.4030571],[4.9005188,52.4025098],[4.9018053,52.4039041],[4.9022491,52.4043217],[4.902776,52.4046007],[4.9028792,52.404851],[4.9029058,52.4050309],[4.9028403,52.4052104],[4.9026111,52.4053892],[4.9022427,52.4055675],[4.9018268,52.4057404],[4.9009417,52.4060645],[4.9006468,52.4061505],[4.8997629,52.4063491],[4.8994678,52.4064635],[4.8992279,52.4066336],[4.8990804,52.4068128],[4.8989741,52.4069921],[4.8985716,52.4077741],[4.898383,52.4080681],[4.8982731,52.4081909],[4.8979788,52.4082378],[4.897685,52.4082109],[4.8968044,52.4081071],[4.8956308,52.4079263],[4.8941632,52.4077382],[4.89387,52.4076823],[4.893577,52.4075977],[4.8933156,52.407508],[4.8931234,52.4074219]]]},"properties":{"SELECTIE":6683,"LABEL":"6683-7519"}},{"id":967,"type":"Feature","geometry":{"type":"Polygon","coordinates":[[[4.8982243,52.4203278],[4.8981389,52.4203783],[4.8978439,52.4204661],[4.8975497,52.4204936],[4.8972558,52.4204769],[4.8969624,52.4204341],[4.8960824,52.4202481],[4.8952016,52.4201273],[4.8943202,52.4200756],[4.8931442,52.4200847],[4.8928511,52.420008],[4.8928205,52.4199087],[4.8928209,52.4197289],[4.8928763,52.4194855],[4.8929264,52.4194547],[4.8932816,52.4190903],[4.8930697,52.4189934],[4.8932491,52.4186854],[4.8935043,52.4184324],[4.8937269,52.4185065],[4.8942918,52.4179379],[4.8945773,52.4175783],[4.8944697,52.4177586],[4.8940464,52.4182614],[4.8938919,52.4184751],[4.8937808,52.4186545],[4.8937092,52.4188338],[4.8936851,52.4190135],[4.8937243,52.4191933],[4.8939235,52.419374],[4.8940336,52.4194251],[4.8945094,52.4195563],[4.8963804,52.419888],[4.896674,52.4199305],[4.8969675,52.4199546],[4.8972617,52.4199479],[4.8975563,52.4198877],[4.897852,52.4197408],[4.8980528,52.4195708],[4.8983993,52.4192147],[4.8984263,52.4196347],[4.8982657,52.4201242],[4.8982243,52.4203278]]]},"properties":{"SELECTIE":6683,"LABEL":"6683-7519"}},{"id":968,"type":"Feature","geometry":{"type":"Polygon","coordinates":[[[4.8949532,52.403381],[4.8953231,52.4036717],[4.8937438,52.4044169],[4.8939086,52.404202],[4.894206,52.4038893],[4.8945024,52.4036606],[4.8949532,52.403381]]]},"properties":{"SELECTIE":6683,"LABEL":"6683-7519"}},{"id":969,"type":"Feature","geometry":{"type":"Polygon","coordinates":[[[4.8941839,52.4167659],[4.8945063,52.4167845],[4.8944129,52.4173935],[4.8943125,52.4176582],[4.8937753,52.4180127],[4.8939805,52.4177565],[4.8940955,52.4175772],[4.8941776,52.4173978],[4.8942267,52.4172183],[4.8942437,52.4170386],[4.8942254,52.4168588],[4.8941839,52.4167659]]]},"properties":{"SELECTIE":6683,"LABEL":"6683-7519"}},{"id":970,"type":"Feature","geometry":{"type":"Polygon","coordinates":[[[4.8948171,52.4164186],[4.8949092,52.4165021],[4.8948752,52.4166817],[4.8947206,52.4172204],[4.894602,52.4175194],[4.8946981,52.4165588],[4.8948171,52.4164186]]]},"properties":{"SELECTIE":6683,"LABEL":"6683-7519"}},{"id":971,"type":"Feature","geometry":{"type":"Polygon","coordinates":[[[4.8986136,52.4190377],[4.8987426,52.4189461],[4.8990376,52.4188658],[4.8993316,52.4188576],[4.8996253,52.41889],[4.9005052,52.4190791],[4.9013853,52.4192386],[4.9025586,52.4194887],[4.9028521,52.4195328],[4.903146,52.419557],[4.9034399,52.4195619],[4.9049106,52.4194828],[4.9052045,52.4194891],[4.9054982,52.4195149],[4.9057917,52.4195614],[4.906085,52.4196277],[4.9066348,52.4197856],[4.9071773,52.4199648],[4.907179,52.4202597],[4.9070785,52.420311],[4.9066809,52.4201453],[4.9061411,52.4199633],[4.9057883,52.419881],[4.9054948,52.4198353],[4.9052011,52.4198109],[4.9049072,52.4198086],[4.9043187,52.4198541],[4.9031412,52.4199859],[4.9028471,52.4199956],[4.9025533,52.4199874],[4.9019659,52.4199241],[4.8996186,52.4195013],[4.8993246,52.4194983],[4.8990242,52.4195737],[4.8987735,52.4197535],[4.8986794,52.4198636],[4.8986136,52.4190377]]]},"properties":{"SELECTIE":6683,"LABEL":"6683-7519"}},{"id":972,"type":"Feature","geometry":{"type":"Polygon","coordinates":[[[4.9065772,52.4072915],[4.9062192,52.4072367],[4.905925,52.4072691],[4.9056295,52.4074177],[4.9050364,52.4079076],[4.9047409,52.4080388],[4.9044468,52.4080709],[4.9041538,52.4079869],[4.9040579,52.4079117],[4.9039192,52.4077313],[4.9038398,52.4075512],[4.9037842,52.4071915],[4.903796,52.4070119],[4.9038732,52.4067564],[4.9041715,52.4063595],[4.9042443,52.4062946],[4.904344,52.4061153],[4.9043333,52.405576],[4.904365,52.405433],[4.9060175,52.4062922],[4.9062182,52.4064787],[4.9065772,52.4072915]]]},"properties":{"SELECTIE":6683,"LABEL":"6683-7519"}},{"id":973,"type":"Feature","geometry":{"type":"Polygon","coordinates":[[[4.908967,52.4116839],[4.9082289,52.411885],[4.9073803,52.4121503],[4.9075809,52.411859],[4.9074457,52.411711],[4.9086922,52.4113243],[4.908967,52.4116839]]]},"properties":{"SELECTIE":6683,"LABEL":"6683-7519"}},{"id":974,"type":"Feature","geometry":{"type":"Polygon","coordinates":[[[4.9074342,52.4136386],[4.9081121,52.4138598],[4.908848,52.4140159],[4.9088654,52.4140843],[4.9088407,52.4141771],[4.9082034,52.4140274],[4.9074443,52.4138005],[4.9074342,52.4136386]]]},"properties":{"SELECTIE":6683,"LABEL":"6683-7519"}},{"id":975,"type":"Feature","geometry":{"type":"Polygon","coordinates":[[[4.908332,52.4087088],[4.9086285,52.4088258],[4.9089214,52.4090801],[4.9086882,52.4092527],[4.908332,52.4087088]]]},"properties":{"SELECTIE":6683,"LABEL":"6683-7519"}},{"id":976,"type":"Feature","geometry":{"type":"Polygon","coordinates":[[[4.9097262,52.4022718],[4.9102518,52.4021846],[4.9105662,52.402051],[4.9113556,52.4028152],[4.9114813,52.4030562],[4.9112614,52.4029694],[4.9109685,52.402883],[4.9106754,52.4028175],[4.910263,52.4027637],[4.9099358,52.402546],[4.9097262,52.4022718]]]},"properties":{"SELECTIE":6683,"LABEL":"6683-7519"}},{"id":977,"type":"Feature","geometry":{"type":"Polygon","coordinates":[[[4.9112087,52.4016977],[4.9112753,52.4016689],[4.9115696,52.4016278],[4.9118633,52.4016544],[4.912156,52.4017594],[4.9124481,52.4019329],[4.9125557,52.4020142],[4.9129088,52.402375],[4.9130304,52.4024486],[4.9133235,52.4025212],[4.9136175,52.4025154],[4.9139118,52.402465],[4.9142064,52.4023869],[4.9145014,52.4022847],[4.9147967,52.4021581],[4.9150921,52.4020006],[4.9158527,52.401488],[4.9162756,52.4012647],[4.9165704,52.4011597],[4.9168652,52.4010917],[4.9171594,52.4010528],[4.917763,52.4010176],[4.9176132,52.4010598],[4.9179385,52.4015309],[4.9177426,52.4014968],[4.9174485,52.4015025],[4.9171541,52.4015603],[4.9168507,52.4016703],[4.9166164,52.4018506],[4.9164858,52.4020297],[4.916421,52.4022093],[4.91643,52.402389],[4.9165555,52.4025817],[4.916848,52.4027064],[4.9171417,52.4027355],[4.9177293,52.4027357],[4.9178841,52.4027543],[4.9180217,52.4028884],[4.9180357,52.4029346],[4.9177259,52.4030622],[4.9171375,52.4031143],[4.9165486,52.4032356],[4.9159317,52.4033031],[4.9154046,52.4025599],[4.9151447,52.402463],[4.9147922,52.4024616],[4.9127645,52.4028927],[4.9121501,52.4029861],[4.911699,52.4024414],[4.9112616,52.4018568],[4.9112087,52.4016977]]]},"properties":{"SELECTIE":6683,"LABEL":"6683-7519"}},{"id":978,"type":"Feature","geometry":{"type":"Polygon","coordinates":[[[4.9120819,52.4033539],[4.9121726,52.4033135],[4.9133774,52.402943],[4.9147907,52.4025973],[4.9152602,52.4026552],[4.9157762,52.4033509],[4.9156653,52.4033851],[4.9156041,52.4034642],[4.9156451,52.4036442],[4.9159018,52.4040047],[4.9162044,52.4043654],[4.9162901,52.4045455],[4.9163041,52.4047253],[4.9162368,52.4049256],[4.9161313,52.4050841],[4.9158305,52.4054424],[4.9157223,52.4056217],[4.915692,52.4058014],[4.9157972,52.4059815],[4.916186,52.4061628],[4.9165167,52.406248],[4.9171033,52.4063522],[4.9173971,52.4063745],[4.917691,52.4063772],[4.9179851,52.4063582],[4.9182793,52.4063161],[4.9185739,52.406251],[4.9194586,52.405968],[4.9197535,52.405888],[4.9200479,52.4058357],[4.920217,52.4058263],[4.9208988,52.4063897],[4.9195322,52.407015],[4.919502,52.4068949],[4.9194493,52.406844],[4.9191568,52.4067263],[4.9188631,52.406714],[4.9179808,52.4067642],[4.9165111,52.406776],[4.9162169,52.4068013],[4.9159223,52.4068529],[4.9156276,52.4069447],[4.9149617,52.4072365],[4.914628,52.4074149],[4.9144454,52.4075504],[4.9143947,52.4075937],[4.914271,52.407773],[4.9142166,52.4079525],[4.9141992,52.4082176],[4.9130959,52.4072893],[4.913275,52.4070697],[4.9135716,52.406809],[4.9140219,52.4065137],[4.9142134,52.4063348],[4.9142644,52.4061552],[4.9141312,52.4059749],[4.9135855,52.4054937],[4.9132951,52.4051851],[4.9132128,52.4050726],[4.9131023,52.4048968],[4.9130058,52.4047522],[4.9129965,52.4047283],[4.9129863,52.4047121],[4.9127099,52.403992],[4.9126157,52.4038118],[4.9124589,52.4036315],[4.912241,52.4034508],[4.9120819,52.4033539]]]},"properties":{"SELECTIE":6683,"LABEL":"6683-7519"}},{"id":979,"type":"Feature","geometry":{"type":"Polygon","coordinates":[[[4.9128319,52.407947],[4.9128537,52.4077674],[4.9129164,52.4075878],[4.9129996,52.4074325],[4.9142094,52.4084211],[4.9142501,52.4086716],[4.9143124,52.4088516],[4.9144299,52.4090143],[4.9147222,52.4091642],[4.9148433,52.4091935],[4.9139906,52.4096271],[4.9137003,52.4095682],[4.913543,52.4094973],[4.913378,52.4093872],[4.9132849,52.409207],[4.913207,52.4088472],[4.9131442,52.4086672],[4.9128615,52.4081268],[4.9128319,52.407947]]]},"properties":{"SELECTIE":6683,"LABEL":"6683-7519"}},{"id":980,"type":"Feature","geometry":{"type":"Polygon","coordinates":[[[4.9205669,52.4071761],[4.919731,52.4080175],[4.9187427,52.4092287],[4.9185404,52.4094286],[4.9182444,52.4096209],[4.9179494,52.409728],[4.9176551,52.4097731],[4.917361,52.4097767],[4.9158922,52.409705],[4.9150093,52.4096897],[4.9159575,52.4092507],[4.9173666,52.4092415],[4.917661,52.4092046],[4.917956,52.4091064],[4.9182519,52.4089218],[4.9185488,52.4086388],[4.9188463,52.4082827],[4.919202,52.4077815],[4.9205669,52.4071761]]]},"properties":{"SELECTIE":6683,"LABEL":"6683-7519"}},{"id":981,"type":"Feature","geometry":{"type":"Polygon","coordinates":[[[4.9184738,52.4017775],[4.9199201,52.4013883],[4.9205719,52.4014547],[4.9214343,52.4026157],[4.9214121,52.4026471],[4.9212584,52.4024966],[4.9209661,52.402349],[4.9206728,52.4022945],[4.9194976,52.4022768],[4.919204,52.402246],[4.9190913,52.4022198],[4.9189108,52.4021612],[4.9187423,52.4020386],[4.9184738,52.4017775]]]},"properties":{"SELECTIE":6683,"LABEL":"6683-7519"}},{"id":982,"type":"Feature","geometry":{"type":"Polygon","coordinates":[[[4.921052,52.3876677],[4.9210583,52.3874879],[4.9211247,52.3872402],[4.9214142,52.3865905],[4.9214447,52.386411],[4.9214134,52.3861328],[4.9224951,52.3863058],[4.9229163,52.3866728],[4.9231058,52.3868753],[4.922891,52.3868897],[4.9225953,52.3870724],[4.922392,52.3873134],[4.9222946,52.3874909],[4.9222436,52.3876724],[4.9222407,52.3878521],[4.9222908,52.3880325],[4.9223216,52.3880674],[4.9212493,52.388465],[4.9210761,52.3878475],[4.921052,52.3876677]]]},"properties":{"SELECTIE":6683,"LABEL":"6683-7519"}},{"id":983,"type":"Feature","geometry":{"type":"Polygon","coordinates":[[[4.9214235,52.3889569],[4.9240695,52.3879391],[4.9240744,52.3883985],[4.924189,52.3892977],[4.9241794,52.3894774],[4.9241193,52.3896569],[4.9240361,52.3897591],[4.9237405,52.3899363],[4.9234461,52.3899896],[4.9231522,52.3900043],[4.9227547,52.3899963],[4.921604,52.389468],[4.9214235,52.3889569]]]},"properties":{"SELECTIE":6683,"LABEL":"6683-7519"}},{"id":984,"type":"Feature","geometry":{"type":"Polygon","coordinates":[[[4.9241373,52.387312],[4.9227634,52.3859901],[4.9227909,52.3858825],[4.9234082,52.3857718],[4.9243152,52.3866703],[4.9242101,52.386961],[4.9241373,52.387312]]]},"properties":{"SELECTIE":6683,"LABEL":"6683-7519"}},{"id":985,"type":"Feature","geometry":{"type":"Polygon","coordinates":[[[4.929808,52.4059484],[4.9289193,52.4050029],[4.9281868,52.4041226],[4.9316962,52.403022],[4.9330182,52.4040677],[4.9331259,52.4044312],[4.9331762,52.404791],[4.9332996,52.4049712],[4.9335482,52.4051519],[4.9338663,52.4053431],[4.9341587,52.4054772],[4.9342903,52.4055143],[4.9344519,52.4055553],[4.9347455,52.4055832],[4.9353331,52.4056081],[4.9356263,52.4056675],[4.935919,52.4057898],[4.9362112,52.4059658],[4.937081,52.4066046],[4.9376152,52.4069118],[4.9360071,52.4076303],[4.9356078,52.4075012],[4.9350215,52.40735],[4.9344346,52.4072444],[4.934141,52.4072203],[4.9338472,52.407219],[4.9335529,52.4072376],[4.9329646,52.4073025],[4.9326707,52.4073092],[4.9323769,52.407291],[4.9320835,52.4072356],[4.9318063,52.4071225],[4.9315599,52.4069418],[4.9312088,52.4065609],[4.930917,52.4063436],[4.9306245,52.4062008],[4.9303317,52.4060973],[4.9300788,52.4060374],[4.929808,52.4059484]]]},"properties":{"SELECTIE":6683,"LABEL":"6683-7519"}},{"id":986,"type":"Feature","geometry":{"type":"Polygon","coordinates":[[[4.9327609,52.3943132],[4.9325171,52.3943272],[4.9289969,52.395102],[4.9288277,52.3947709],[4.9295683,52.3946185],[4.9310389,52.3944592],[4.931628,52.3943248],[4.9322178,52.3941245],[4.9333986,52.393586],[4.9336935,52.3934766],[4.9339881,52.3934066],[4.9342822,52.393374],[4.934576,52.3933754],[4.9353027,52.3934385],[4.9348518,52.3938519],[4.9342774,52.3938452],[4.9339831,52.3938783],[4.9336888,52.3939459],[4.9333939,52.39404],[4.9327609,52.3943132]]]},"properties":{"SELECTIE":6683,"LABEL":"6683-7519"}},{"id":987,"type":"Feature","geometry":{"type":"Polygon","coordinates":[[[4.9307668,52.4025455],[4.9299861,52.4027581],[4.9298481,52.4024993],[4.9298643,52.4024744],[4.9300749,52.4024829],[4.9307668,52.4025455]]]},"properties":{"SELECTIE":6683,"LABEL":"6683-7519"}},{"id":988,"type":"Feature","geometry":{"type":"Polygon","coordinates":[[[4.9338995,52.3733133],[4.9349688,52.3730773],[4.9364329,52.3732788],[4.936594,52.3726665],[4.9382599,52.3723126],[4.9382366,52.3736079],[4.9388682,52.3736683],[4.9387312,52.3737152],[4.9385933,52.3737898],[4.9384561,52.3738939],[4.9383682,52.3740733],[4.9384273,52.3742532],[4.9384641,52.3742875],[4.9356785,52.3747717],[4.9354309,52.3746014],[4.935112,52.3744204],[4.9344785,52.3740997],[4.934187,52.3738882],[4.9340059,52.3736972],[4.9339144,52.3735171],[4.9338995,52.3733133]]]},"properties":{"SELECTIE":6683,"LABEL":"6683-7519"}},{"id":989,"type":"Feature","geometry":{"type":"Polygon","coordinates":[[[4.9382744,52.3721003],[4.9343383,52.3717192],[4.9343524,52.3714199],[4.9345092,52.3710798],[4.9346879,52.3708237],[4.9348081,52.3705634],[4.9349906,52.3702858],[4.935156,52.3699268],[4.9353191,52.3693882],[4.9354008,52.3692088],[4.935591,52.3690297],[4.9357054,52.3689748],[4.9359999,52.3688866],[4.9362938,52.3688617],[4.9365869,52.3689137],[4.9368797,52.3690044],[4.9374645,52.3692539],[4.9382845,52.3695296],[4.9382744,52.3721003]]]},"properties":{"SELECTIE":6683,"LABEL":"6683-7519"}},{"id":990,"type":"Feature","geometry":{"type":"Polygon","coordinates":[[[4.9361011,52.3779044],[4.9360371,52.3774797],[4.936052,52.3773001],[4.9361194,52.3771206],[4.936262,52.3769413],[4.9365077,52.376733],[4.936784,52.3764041],[4.9368527,52.3762439],[4.9372925,52.3762551],[4.9367084,52.3777974],[4.9361011,52.3779044]]]},"properties":{"SELECTIE":6683,"LABEL":"6683-7519"}},{"id":991,"type":"Feature","geometry":{"type":"Polygon","coordinates":[[[4.9381933,52.3940015],[4.9369411,52.3935788],[4.9372238,52.3934936],[4.9375125,52.3935541],[4.9377561,52.3936639],[4.938012,52.3938445],[4.9381933,52.3940015]]]},"properties":{"SELECTIE":6683,"LABEL":"6683-7519"}},{"id":992,"type":"Feature","geometry":{"type":"Polygon","coordinates":[[[4.9391117,52.377658],[4.9375274,52.377738],[4.9375507,52.3776894],[4.9375268,52.3766805],[4.9375753,52.3763953],[4.9378963,52.3761112],[4.9399711,52.3761912],[4.9394654,52.3771332],[4.9391117,52.377658]]]},"properties":{"SELECTIE":6683,"LABEL":"6683-7519"}},{"id":993,"type":"Feature","geometry":{"type":"Polygon","coordinates":[[[4.9376321,52.3942984],[4.9402936,52.3952464],[4.9398464,52.3951972],[4.9396709,52.3951672],[4.9395531,52.3951523],[4.9393955,52.3951203],[4.9392598,52.3950972],[4.9389666,52.3950334],[4.9386736,52.3949492],[4.9386443,52.3949377],[4.9386028,52.3949253],[4.938542,52.3948976],[4.9383809,52.3948344],[4.9382063,52.394744],[4.9379493,52.3945633],[4.9376321,52.3942984]]]},"properties":{"SELECTIE":6683,"LABEL":"6683-7519"}},{"id":994,"type":"Feature","geometry":{"type":"Polygon","coordinates":[[[4.9407381,52.373839],[4.9404809,52.3738118],[4.9403394,52.3736522],[4.9386116,52.3734864],[4.9386107,52.3722846],[4.9402529,52.3724678],[4.9403041,52.3726426],[4.9406545,52.3732669],[4.9407136,52.3735429],[4.9407381,52.373839]]]},"properties":{"SELECTIE":6683,"LABEL":"6683-7519"}},{"id":995,"type":"Feature","geometry":{"type":"Polygon","coordinates":[[[4.9408815,52.3716871],[4.9389051,52.3714659],[4.9387477,52.3703112],[4.9389341,52.3703119],[4.9389271,52.3706602],[4.9389933,52.3708401],[4.9392311,52.3710208],[4.9395016,52.3710869],[4.9397953,52.3710841],[4.9400894,52.3710427],[4.9404045,52.3710252],[4.9406767,52.3710518],[4.9409689,52.3711866],[4.9410436,52.3713871],[4.9409925,52.3715666],[4.9408815,52.3716871]]]},"properties":{"SELECTIE":6683,"LABEL":"6683-7519"}},{"id":996,"type":"Feature","geometry":{"type":"Polygon","coordinates":[[[4.9406051,52.3952695],[4.9418075,52.3949444],[4.9420883,52.3952115],[4.9416087,52.3952726],[4.9413147,52.395285],[4.9406051,52.3952695]]]},"properties":{"SELECTIE":6683,"LABEL":"6683-7519"}},{"id":997,"type":"Feature","geometry":{"type":"Polygon","coordinates":[[[4.9431494,52.3571946],[4.9434763,52.3570161],[4.9435618,52.3569972],[4.9438855,52.3569809],[4.9470987,52.3556543],[4.9481514,52.3563068],[4.9469117,52.3571168],[4.9478544,52.3577565],[4.9478532,52.3578811],[4.9477165,52.3579912],[4.9460392,52.3580602],[4.9452121,52.3579502],[4.9449192,52.3578821],[4.9445202,52.357739],[4.9440418,52.3575398],[4.9437491,52.3574462],[4.9433986,52.3573753],[4.9431494,52.3571946]]]},"properties":{"SELECTIE":6683,"LABEL":"6683-7519"}},{"id":998,"type":"Feature","geometry":{"type":"Polygon","coordinates":[[[4.9433087,52.3942158],[4.9436767,52.3941318],[4.9439711,52.3941032],[4.9445576,52.3940974],[4.9450425,52.3947028],[4.9447802,52.394589],[4.9445545,52.3945159],[4.9442612,52.3944607],[4.9439674,52.394452],[4.9436732,52.3944987],[4.9435674,52.394538],[4.9433087,52.3942158]]]},"properties":{"SELECTIE":6683,"LABEL":"6683-7519"}},{"id":999,"type":"Feature","geometry":{"type":"Polygon","coordinates":[[[4.9455465,52.3949046],[4.9449094,52.394111],[4.9451462,52.3941163],[4.9454402,52.3940878],[4.9457349,52.3940077],[4.9463252,52.3937342],[4.9466209,52.3935499],[4.9471302,52.3931596],[4.9475524,52.3928017],[4.9478168,52.3925371],[4.951765,52.3913384],[4.9520516,52.3908422],[4.9537599,52.3912799],[4.9536938,52.3913869],[4.9533965,52.3917334],[4.9531003,52.3919721],[4.9528051,52.3921176],[4.9513315,52.3925799],[4.9510369,52.3926551],[4.9507429,52.3926926],[4.9504489,52.3926958],[4.9501553,52.39267],[4.9495693,52.392517],[4.9492757,52.3924948],[4.948981,52.3925814],[4.9486851,52.3927964],[4.9482128,52.3933435],[4.9477019,52.3938809],[4.9474265,52.3942393],[4.9472629,52.3945982],[4.947137,52.3947775],[4.9468956,52.3949554],[4.9466061,52.3950405],[4.946312,52.3950654],[4.9460185,52.3950375],[4.9457253,52.3949659],[4.9455465,52.3949046]]]},"properties":{"SELECTIE":6683,"LABEL":"6683-7519"}},{"id":1000,"type":"Feature","geometry":{"type":"Polygon","coordinates":[[[4.9467109,52.3518153],[4.9467531,52.3516357],[4.9468008,52.3515905],[4.9484728,52.3526186],[4.9479705,52.3528266],[4.9479061,52.3527033],[4.9476855,52.3525379],[4.9470066,52.3521759],[4.9467778,52.3519954],[4.9467109,52.3518153]]]},"properties":{"SELECTIE":6683,"LABEL":"6683-7519"}},{"id":1001,"type":"Feature","geometry":{"type":"Polygon","coordinates":[[[4.9473578,52.3714107],[4.947384,52.371231],[4.9474135,52.3712049],[4.9516464,52.3716806],[4.9515382,52.372102],[4.9474184,52.3716389],[4.9473889,52.3715905],[4.9473578,52.3714107]]]},"properties":{"SELECTIE":6683,"LABEL":"6683-7519"}},{"id":1002,"type":"Feature","geometry":{"type":"Polygon","coordinates":[[[4.9478671,52.3442051],[4.9478584,52.3440902],[4.9479029,52.3439107],[4.9480201,52.3437313],[4.9484079,52.3433733],[4.9488676,52.3430155],[4.9491591,52.3428368],[4.9495456,52.3426585],[4.9500598,52.3424804],[4.9507638,52.3422914],[4.9508702,52.3423538],[4.9512987,52.343086],[4.9537846,52.3445844],[4.952073,52.34563],[4.9512052,52.3455588],[4.9509117,52.3455567],[4.95034,52.3455936],[4.9505181,52.3454857],[4.9481467,52.3440298],[4.9478671,52.3442051]]]},"properties":{"SELECTIE":6683,"LABEL":"6683-7519"}},{"id":1003,"type":"Feature","geometry":{"type":"Polygon","coordinates":[[[4.9476517,52.3718811],[4.9514321,52.3723085],[4.9520557,52.3723904],[4.9519889,52.3725653],[4.9517535,52.3726996],[4.9517126,52.3728985],[4.9488712,52.3725808],[4.9480232,52.3721321],[4.947732,52.3719513],[4.9476517,52.3718811]]]},"properties":{"SELECTIE":6683,"LABEL":"6683-7519"}},{"id":1004,"type":"Feature","geometry":{"type":"Polygon","coordinates":[[[4.9481008,52.3922389],[4.9483991,52.3920031],[4.9486943,52.3918614],[4.949168,52.3917292],[4.9498723,52.3915758],[4.950167,52.3914861],[4.9517437,52.3907684],[4.9514779,52.3912412],[4.9481008,52.3922389]]]},"properties":{"SELECTIE":6683,"LABEL":"6683-7519"}},{"id":1005,"type":"Feature","geometry":{"type":"Polygon","coordinates":[[[4.9544176,52.3657705],[4.9536463,52.3661353],[4.9533514,52.3662535],[4.9530569,52.3663448],[4.9527626,52.3664117],[4.9524685,52.3664525],[4.9521747,52.3664684],[4.9518813,52.3664597],[4.9515878,52.3664264],[4.9512948,52.3663671],[4.9508192,52.3662106],[4.9505407,52.3660299],[4.9504062,52.3658496],[4.9501954,52.3654283],[4.9510799,52.3654462],[4.9511603,52.3656726],[4.9512818,52.3658529],[4.9515474,52.3660336],[4.9518844,52.3661308],[4.9521778,52.3661615],[4.9524715,52.3661496],[4.9527656,52.3661006],[4.9529926,52.3660389],[4.9534015,52.3658606],[4.9537906,52.3656487],[4.9541048,52.3656729],[4.9544176,52.3657705]]]},"properties":{"SELECTIE":6683,"LABEL":"6683-7519"}},{"id":1006,"type":"Feature","geometry":{"type":"Polygon","coordinates":[[[4.9538244,52.391163],[4.9528528,52.3909014],[4.9536538,52.38989],[4.9538032,52.3894988],[4.9540074,52.3893494],[4.9543024,52.3892201],[4.9548918,52.3890375],[4.9551862,52.3889647],[4.9554804,52.3889116],[4.9566573,52.3887545],[4.9569517,52.3886884],[4.9572393,52.3885822],[4.9579018,52.3887692],[4.9577013,52.3888844],[4.9575368,52.3889545],[4.9572419,52.3890469],[4.9572055,52.389054],[4.9571784,52.3890622],[4.9566533,52.3891628],[4.9557707,52.3892742],[4.9556711,52.3892907],[4.9554766,52.3893161],[4.9551823,52.3893716],[4.9548877,52.3894493],[4.9545682,52.389592],[4.9543232,52.3897709],[4.9541315,52.3899499],[4.9540295,52.3901293],[4.9539553,52.3904885],[4.9539323,52.3908479],[4.9538244,52.391163]]]},"properties":{"SELECTIE":6683,"LABEL":"6683-7519"}},{"id":1007,"type":"Feature","geometry":{"type":"Polygon","coordinates":[[[4.9549092,52.3719799],[4.9547303,52.3723557],[4.9546027,52.3724115],[4.9544684,52.3724196],[4.9543348,52.3723585],[4.9539308,52.3717865],[4.953438,52.371408],[4.9547647,52.3719047],[4.9549092,52.3719799]]]},"properties":{"SELECTIE":6683,"LABEL":"6683-7519"}},{"id":1008,"type":"Feature","geometry":{"type":"Polygon","coordinates":[[[4.9574841,52.3884415],[4.957614,52.3883448],[4.9577886,52.3881657],[4.9580736,52.3877796],[4.9586787,52.3879226],[4.9583517,52.3883475],[4.9581044,52.3886142],[4.9574841,52.3884415]]]},"properties":{"SELECTIE":6683,"LABEL":"6683-7519"}},{"id":1009,"type":"Feature","geometry":{"type":"MultiPolygon","coordinates":[[[[4.892552,52.4097979],[4.8929045,52.4095559],[4.8930811,52.4092912],[4.8931062,52.4089917],[4.8931636,52.4089454],[4.8932827,52.4087661],[4.8932444,52.4085861],[4.8931283,52.408471],[4.8931582,52.4075664],[4.8931234,52.4074219],[4.8933156,52.407508],[4.893577,52.4075977],[4.89387,52.4076823],[4.8941632,52.4077382],[4.8956308,52.4079263],[4.8968044,52.4081071],[4.897685,52.4082109],[4.8979788,52.4082378],[4.8982731,52.4081909],[4.898383,52.4080681],[4.8985716,52.4077741],[4.8989741,52.4069921],[4.8990804,52.4068128],[4.8992279,52.4066336],[4.8994678,52.4064635],[4.8997629,52.4063491],[4.9006468,52.4061505],[4.9009417,52.4060645],[4.9018268,52.4057404],[4.9022427,52.4055675],[4.9026111,52.4053892],[4.9028403,52.4052104],[4.9029058,52.4050309],[4.9028792,52.404851],[4.902776,52.4046007],[4.904365,52.405433],[4.9043333,52.405576],[4.904344,52.4061153],[4.9042443,52.4062946],[4.9041715,52.4063595],[4.9038732,52.4067564],[4.903796,52.4070119],[4.9037842,52.4071915],[4.9038398,52.4075512],[4.9039192,52.4077313],[4.9040579,52.4079117],[4.9041538,52.4079869],[4.9044468,52.4080709],[4.9047409,52.4080388],[4.9050364,52.4079076],[4.9056295,52.4074177],[4.905925,52.4072691],[4.9062192,52.4072367],[4.9065772,52.4072915],[4.9068254,52.4078525],[4.9065588,52.4084087],[4.9060908,52.4088846],[4.9047213,52.4099352],[4.9045391,52.409711],[4.9041374,52.4093503],[4.9038476,52.4091016],[4.9035557,52.4089118],[4.9032628,52.4088357],[4.9029688,52.4088356],[4.9026744,52.4088733],[4.9021446,52.4089824],[4.9017903,52.4090826],[4.9015479,52.4091597],[4.9011461,52.4093377],[4.9008877,52.4095164],[4.9003573,52.4100535],[4.9000439,52.410232],[4.8997194,52.4103188],[4.8994247,52.4103759],[4.8982474,52.4105328],[4.8976583,52.4106393],[4.897069,52.410777],[4.8961844,52.4110209],[4.8955951,52.41115],[4.8953006,52.4111981],[4.8950059,52.4112903],[4.8949209,52.4114691],[4.8949397,52.4115895],[4.8947031,52.4117486],[4.8941832,52.4116579],[4.8938828,52.4113647],[4.8936287,52.4107886],[4.892558,52.4099087],[4.892552,52.4097979]],[[4.8961654,52.4100363],[4.8963676,52.4098573],[4.8964572,52.409678],[4.8964535,52.4094982],[4.8963528,52.4093181],[4.8961141,52.4091373],[4.8959124,52.4090434],[4.8956287,52.4089555],[4.8953258,52.4089247],[4.8950315,52.4089498],[4.8947934,52.4091318],[4.8947936,52.4093116],[4.8948636,52.4094916],[4.8950225,52.4097715],[4.8952801,52.4100326],[4.8953131,52.4100582],[4.8956062,52.4101545],[4.8959003,52.4101345],[4.8961654,52.4100363]],[[4.8938377,52.4105869],[4.8941319,52.4105631],[4.8942102,52.4103877],[4.8941787,52.4102078],[4.8940459,52.4100275],[4.8938457,52.4098782],[4.893552,52.4098434],[4.8933528,52.4100246],[4.8933565,52.4102044],[4.8934776,52.4103846],[4.8935453,52.4104478],[4.8938377,52.4105869]]]]},"properties":{"SELECTIE":7519,"LABEL":"7519-8354"}},{"id":1010,"type":"Feature","geometry":{"type":"MultiPolygon","coordinates":[[[[4.827235,52.379533],[4.8272742,52.3793535],[4.827408,52.3790384],[4.831768,52.378352],[4.8318784,52.378656],[4.8322911,52.3796114],[4.8274653,52.380371],[4.8273323,52.3800727],[4.8272336,52.3797128],[4.827235,52.379533]],[[4.8307352,52.3796302],[4.8307813,52.3795496],[4.8307843,52.3793699],[4.8307399,52.379259],[4.8306605,52.3791896],[4.8304484,52.3790824],[4.830275,52.3791878],[4.8302433,52.3793674],[4.8303491,52.3795476],[4.8304415,52.3796355],[4.8307352,52.3796302]]]]},"properties":{"SELECTIE":7519,"LABEL":"7519-8354"}},{"id":1011,"type":"Feature","geometry":{"type":"Polygon","coordinates":[[[4.8275665,52.3805714],[4.832368,52.3798151],[4.8326663,52.380637],[4.8328412,52.3808175],[4.8332303,52.3809991],[4.8336534,52.3811717],[4.8345313,52.3814431],[4.8348109,52.3815458],[4.8351274,52.3817269],[4.8352554,52.3819074],[4.8353616,52.3822673],[4.835444,52.3824475],[4.8355659,52.3826277],[4.8357249,52.3828083],[4.8359265,52.3829889],[4.8365628,52.3834313],[4.8366845,52.3835317],[4.8368348,52.3837122],[4.8369266,52.3838924],[4.8369777,52.3840724],[4.8370302,52.3845083],[4.8361582,52.3844851],[4.8362189,52.3842486],[4.8361942,52.3840688],[4.8361114,52.3838886],[4.8359664,52.3837101],[4.8353113,52.3831659],[4.834928,52.3828046],[4.8346558,52.3824439],[4.8344381,52.3820833],[4.8342792,52.3819028],[4.833968,52.3817216],[4.83277,52.381345],[4.8321841,52.3812195],[4.8318907,52.3812013],[4.8315965,52.3812234],[4.8307135,52.3813728],[4.8295366,52.3815184],[4.8289489,52.3815388],[4.8286553,52.3815298],[4.8283621,52.381489],[4.8280699,52.3813643],[4.8278718,52.3811538],[4.8277806,52.3810195],[4.8275665,52.3805714]]]},"properties":{"SELECTIE":7519,"LABEL":"7519-8354"}},{"id":1012,"type":"Feature","geometry":{"type":"MultiPolygon","coordinates":[[[[4.8299637,52.3615705],[4.8299942,52.3613909],[4.8301165,52.361032],[4.8302885,52.3606733],[4.8303873,52.3605159],[4.8305363,52.360315],[4.8306851,52.3601678],[4.8309809,52.3600073],[4.831275,52.3599624],[4.8315683,52.3599852],[4.831861,52.3600519],[4.8324456,52.3602694],[4.8334906,52.360782],[4.833455,52.3624549],[4.8327109,52.3625458],[4.832123,52.362587],[4.8315358,52.362594],[4.8312423,52.3625781],[4.8309491,52.3625385],[4.8306565,52.3624594],[4.8303644,52.3623296],[4.8303392,52.3623082],[4.8303032,52.3622912],[4.8301039,52.3621105],[4.8300026,52.3619302],[4.8299627,52.3617504],[4.8299637,52.3615705]],[[4.8328672,52.3619436],[4.8330126,52.3618906],[4.8332498,52.3617658],[4.8333866,52.3615866],[4.8333696,52.3614067],[4.833231,52.3612264],[4.833023,52.3610603],[4.8326629,52.3608642],[4.8324393,52.3607711],[4.8321468,52.360674],[4.8318538,52.3606276],[4.8315601,52.3606418],[4.8312651,52.3607569],[4.8311425,52.3608571],[4.8309731,52.361036],[4.8308803,52.3612154],[4.8308262,52.3613948],[4.830831,52.3615746],[4.8309132,52.3617548],[4.8309584,52.3618006],[4.8311599,52.3619357],[4.8312499,52.3619741],[4.8315426,52.3620449],[4.8318359,52.3620721],[4.8321295,52.362066],[4.8324236,52.3620345],[4.8328672,52.3619436]]]]},"properties":{"SELECTIE":7519,"LABEL":"7519-8354"}},{"id":1013,"type":"Feature","geometry":{"type":"Polygon","coordinates":[[[4.8344626,52.3763356],[4.8344729,52.3763599],[4.8343743,52.3765613],[4.8310003,52.3770933],[4.8319495,52.3764858],[4.8322448,52.3763577],[4.8325395,52.3762766],[4.8328337,52.3762318],[4.8331277,52.3762165],[4.8337146,52.3762545],[4.8344626,52.3763356]]]},"properties":{"SELECTIE":7519,"LABEL":"7519-8354"}},{"id":1014,"type":"Feature","geometry":{"type":"MultiPolygon","coordinates":[[[[4.8420224,52.3611791],[4.8416875,52.361625],[4.8414873,52.3618038],[4.8411994,52.3619823],[4.8409377,52.3620869],[4.8403487,52.3622343],[4.8394657,52.3624202],[4.8391713,52.3624652],[4.8388775,52.3624918],[4.8377023,52.3625514],[4.8368202,52.3626479],[4.8365264,52.3626675],[4.8362327,52.3626652],[4.8359395,52.3626363],[4.8356465,52.3625823],[4.8347682,52.362381],[4.8344749,52.3623517],[4.834295,52.3623569],[4.8343412,52.3611527],[4.8344894,52.3611877],[4.8347829,52.3611929],[4.8350774,52.3611366],[4.8356674,52.3609022],[4.8359629,52.3607493],[4.8362589,52.3605584],[4.8365348,52.3603372],[4.8365555,52.3603206],[4.8367061,52.3601731],[4.8368526,52.360033],[4.8368786,52.3600043],[4.8368983,52.3599851],[4.8369304,52.3599476],[4.8370594,52.3598061],[4.8373573,52.3594481],[4.8376215,52.3590897],[4.8377843,52.358731],[4.8378055,52.3585514],[4.8377249,52.3583792],[4.8382554,52.3583796],[4.838759,52.3584118],[4.8392439,52.3586329],[4.8406255,52.3586394],[4.8406312,52.3581815],[4.8414107,52.3582249],[4.8417836,52.3583262],[4.8420224,52.3611791]],[[4.8389583,52.361972],[4.8391777,52.3619574],[4.8394719,52.3619103],[4.8397662,52.3618418],[4.8400612,52.3617476],[4.8403493,52.3616189],[4.8405911,52.3614402],[4.8407244,52.361261],[4.8407742,52.3610816],[4.8407413,52.3609016],[4.8405966,52.3607213],[4.839971,52.3603588],[4.8396902,52.3601778],[4.8394766,52.359997],[4.8392062,52.3596498],[4.8389551,52.3594554],[4.8389152,52.3594322],[4.8386221,52.3594001],[4.8383274,52.3594768],[4.838039,52.3596309],[4.8377355,52.3598653],[4.8374383,52.3601561],[4.8371221,52.3605254],[4.8368813,52.3608838],[4.8367984,52.3610632],[4.836776,52.3612429],[4.8368675,52.361423],[4.8371267,52.3615997],[4.8374191,52.3617077],[4.8376667,52.3617862],[4.8382972,52.3619308],[4.8385903,52.3619672],[4.8389583,52.361972]]]]},"properties":{"SELECTIE":7519,"LABEL":"7519-8354"}},{"id":1015,"type":"Feature","geometry":{"type":"Polygon","coordinates":[[[4.8346944,52.3861463],[4.8380526,52.3861681],[4.8377985,52.3865245],[4.8374067,52.3864504],[4.8371134,52.3864159],[4.8368198,52.3864029],[4.8362319,52.3864311],[4.8356435,52.3864958],[4.8353498,52.3864891],[4.8350519,52.3864011],[4.834753,52.3862191],[4.8346944,52.3861463]]]},"properties":{"SELECTIE":7519,"LABEL":"7519-8354"}},{"id":1016,"type":"Feature","geometry":{"type":"Polygon","coordinates":[[[4.8365554,52.3577544],[4.8362951,52.3576346],[4.8360039,52.3574397],[4.8358635,52.3572841],[4.8357871,52.3571039],[4.8357857,52.3569241],[4.8358461,52.3567447],[4.8359617,52.3565655],[4.8361156,52.3563865],[4.8372037,52.3553734],[4.8375499,52.3551348],[4.8378794,52.3549566],[4.8383151,52.3547788],[4.8386803,52.3546721],[4.8389745,52.354622],[4.8392684,52.3545945],[4.8406363,52.3545347],[4.8406055,52.3550653],[4.8398505,52.3550014],[4.8395571,52.3549982],[4.8392633,52.3550188],[4.838969,52.3550723],[4.8387564,52.3551404],[4.838726,52.3551554],[4.838674,52.3551732],[4.8383974,52.3553185],[4.8381497,52.3554971],[4.8379574,52.3556759],[4.8374878,52.3562168],[4.8373011,52.3564562],[4.8372042,52.3565712],[4.8371948,52.3565925],[4.8371238,52.3567506],[4.8371049,52.3569303],[4.8371829,52.3570661],[4.8372494,52.3571107],[4.8382519,52.3574749],[4.838776,52.3576571],[4.8389366,52.3576988],[4.8392294,52.357757],[4.8395228,52.3577649],[4.8404488,52.3577512],[4.8404468,52.3577846],[4.8365554,52.3577544]]]},"properties":{"SELECTIE":7519,"LABEL":"7519-8354"}},{"id":1017,"type":"Feature","geometry":{"type":"Polygon","coordinates":[[[4.8358654,52.3728684],[4.8357482,52.372203],[4.8357442,52.3718435],[4.835781,52.3716639],[4.8358671,52.3714845],[4.8361261,52.3712782],[4.8364212,52.3711641],[4.8367155,52.3710969],[4.838741,52.3707788],[4.8399528,52.3705479],[4.8402469,52.3705193],[4.8402458,52.370606],[4.8402435,52.3707857],[4.8405349,52.3709668],[4.8411223,52.3709695],[4.8414748,52.3707569],[4.8413395,52.3719886],[4.8405919,52.3721088],[4.8407488,52.3715071],[4.8407259,52.3713273],[4.8405326,52.3711631],[4.8402385,52.3711914],[4.8399439,52.3712714],[4.8398818,52.3712962],[4.8397906,52.3713229],[4.8396487,52.3713893],[4.8390589,52.3715919],[4.8379654,52.3718538],[4.8374077,52.3720309],[4.8372905,52.3721015],[4.8371869,52.3722096],[4.837177,52.3723894],[4.837252,52.3725695],[4.8373182,52.372635],[4.8358654,52.3728684]]]},"properties":{"SELECTIE":7519,"LABEL":"7519-8354"}},{"id":1018,"type":"Feature","geometry":{"type":"Polygon","coordinates":[[[4.8360237,52.3732729],[4.8377664,52.3729566],[4.8381007,52.3731127],[4.8384514,52.3732299],[4.8387443,52.37328],[4.8390383,52.3732731],[4.8393327,52.3732125],[4.8396274,52.3731278],[4.8399227,52.3729944],[4.8402188,52.3727952],[4.8404113,52.3725513],[4.8409999,52.3724972],[4.8414628,52.3725465],[4.8415932,52.3731667],[4.8422124,52.3745518],[4.8419575,52.3747062],[4.8417718,52.3749271],[4.8416699,52.3751064],[4.8415584,52.3754419],[4.838986,52.3758362],[4.8392409,52.3756345],[4.8398953,52.3752126],[4.8400487,52.3750989],[4.8402303,52.37492],[4.8403313,52.3747408],[4.8403619,52.3745611],[4.8402699,52.374381],[4.8401998,52.3743353],[4.8399074,52.3742452],[4.839614,52.3742165],[4.8387331,52.3741959],[4.8381461,52.3741655],[4.8375595,52.3740974],[4.8369736,52.3739836],[4.836681,52.3738898],[4.8363894,52.3737236],[4.8361409,52.3734631],[4.8360237,52.3732729]]]},"properties":{"SELECTIE":7519,"LABEL":"7519-8354"}},{"id":1019,"type":"Feature","geometry":{"type":"Polygon","coordinates":[[[4.8374283,52.3814549],[4.837176,52.3813588],[4.836841,52.3811956],[4.8366295,52.3810149],[4.836533,52.3808347],[4.8365291,52.380655],[4.8365902,52.3804755],[4.8368566,52.3800897],[4.8374283,52.3814549]]]},"properties":{"SELECTIE":7519,"LABEL":"7519-8354"}},{"id":1020,"type":"Feature","geometry":{"type":"Polygon","coordinates":[[[4.8413547,52.3781632],[4.8380615,52.3786938],[4.8375178,52.3775552],[4.8378101,52.3775828],[4.8381039,52.3775873],[4.8383981,52.3775405],[4.838613,52.3774291],[4.8387149,52.3772497],[4.8387096,52.3770701],[4.8386049,52.3765303],[4.8386252,52.3763506],[4.8386904,52.3761969],[4.841407,52.3757586],[4.8413571,52.375826],[4.8410606,52.3759857],[4.840467,52.3761788],[4.8401752,52.3763371],[4.8400415,52.3765369],[4.840055,52.3767167],[4.8401685,52.3768824],[4.8406355,52.3772586],[4.8408046,52.3774392],[4.8413547,52.3781632]]]},"properties":{"SELECTIE":7519,"LABEL":"7519-8354"}},{"id":1021,"type":"Feature","geometry":{"type":"Polygon","coordinates":[[[4.8393617,52.3821014],[4.8381724,52.3789332],[4.8421306,52.3783345],[4.8430888,52.3782538],[4.8433832,52.3782097],[4.8436743,52.3781353],[4.8442597,52.3798569],[4.844306,52.3802346],[4.8442397,52.3802217],[4.843946,52.3802217],[4.8436516,52.3802749],[4.8433567,52.3803777],[4.8430936,52.3805055],[4.8428273,52.380684],[4.8426442,52.3808629],[4.8425436,52.3810423],[4.8425173,52.3812219],[4.8425492,52.3814018],[4.8426368,52.3815818],[4.8429454,52.3819428],[4.8431838,52.3821237],[4.8433342,52.3822122],[4.8436264,52.3823341],[4.8439195,52.3823914],[4.8442428,52.3823744],[4.8441092,52.3830476],[4.8433201,52.3833547],[4.8430256,52.3834194],[4.8428098,52.3833802],[4.8427326,52.3833604],[4.8421081,52.3830175],[4.8418564,52.3829511],[4.8409774,52.3827709],[4.8406848,52.3826752],[4.8398557,52.3822881],[4.8393617,52.3821014]]]},"properties":{"SELECTIE":7519,"LABEL":"7519-8354"}},{"id":1022,"type":"Feature","geometry":{"type":"Polygon","coordinates":[[[4.840618,52.3475964],[4.8402364,52.3474901],[4.8399446,52.3473544],[4.8396539,52.347124],[4.8395778,52.3469989],[4.8403785,52.347004],[4.840618,52.3475964]]]},"properties":{"SELECTIE":7519,"LABEL":"7519-8354"}},{"id":1023,"type":"Feature","geometry":{"type":"Polygon","coordinates":[[[4.8415846,52.3480392],[4.8415499,52.3478997],[4.8415773,52.3471981],[4.8416763,52.3467786],[4.842804,52.346789],[4.842885,52.3469262],[4.8431704,52.3475893],[4.8431974,52.3479707],[4.8430749,52.3486892],[4.8431028,52.3497678],[4.8430646,52.3503069],[4.8429447,52.3508456],[4.8427972,52.3512029],[4.8425316,52.3502618],[4.842583,52.3499452],[4.8425889,52.3495857],[4.8425439,52.349226],[4.8424326,52.3488659],[4.8423449,52.3486858],[4.8422139,52.3485055],[4.8419877,52.3482978],[4.8415846,52.3480392]]]},"properties":{"SELECTIE":7519,"LABEL":"7519-8354"}},{"id":1024,"type":"Feature","geometry":{"type":"Polygon","coordinates":[[[4.8432164,52.374392],[4.8431708,52.3742523],[4.842948,52.3730162],[4.8429488,52.3724565],[4.8434619,52.3723879],[4.8445581,52.3723589],[4.8446351,52.3726035],[4.8446814,52.3731429],[4.8446754,52.3735024],[4.8445954,52.3738615],[4.8444721,52.3740407],[4.8443136,52.3741775],[4.8440183,52.3743035],[4.8437241,52.3743555],[4.8432164,52.374392]]]},"properties":{"SELECTIE":7519,"LABEL":"7519-8354"}},{"id":1025,"type":"Feature","geometry":{"type":"Polygon","coordinates":[[[4.845207,52.3807115],[4.8452257,52.3797535],[4.8446657,52.3779514],[4.8451026,52.3779114],[4.8471973,52.3783258],[4.8470667,52.3785464],[4.846886,52.3787253],[4.8461395,52.3792611],[4.8459182,52.3794399],[4.8457567,52.3796189],[4.8456707,52.3797982],[4.8456682,52.379978],[4.845727,52.380158],[4.8460838,52.3808787],[4.8461938,52.3812387],[4.8462277,52.3815984],[4.8462023,52.3817779],[4.8461603,52.3818724],[4.8452271,52.3818492],[4.8452924,52.3817738],[4.8453902,52.3815945],[4.8454415,52.3814151],[4.8454481,52.3812352],[4.8454099,52.3810553],[4.8453286,52.3808753],[4.845207,52.3807115]]]},"properties":{"SELECTIE":7519,"LABEL":"7519-8354"}},{"id":1026,"type":"Feature","geometry":{"type":"Polygon","coordinates":[[[4.8447007,52.3776205],[4.8451557,52.3773767],[4.8454507,52.3772576],[4.8457454,52.3771817],[4.8460395,52.3771509],[4.8462572,52.3771819],[4.845936,52.3777576],[4.8450502,52.3775687],[4.8447007,52.3776205]]]},"properties":{"SELECTIE":7519,"LABEL":"7519-8354"}},{"id":1027,"type":"Feature","geometry":{"type":"Polygon","coordinates":[[[4.8472042,52.3780284],[4.8463963,52.3778558],[4.8466571,52.3773732],[4.8469549,52.3776471],[4.8471023,52.3778276],[4.8472042,52.3780284]]]},"properties":{"SELECTIE":7519,"LABEL":"7519-8354"}},{"id":1028,"type":"Feature","geometry":{"type":"Polygon","coordinates":[[[4.8632405,52.3299058],[4.8634033,52.3297268],[4.8636345,52.329656],[4.8639286,52.3295961],[4.8642224,52.3295585],[4.864516,52.3295433],[4.8646519,52.3295466],[4.8648094,52.3295423],[4.8651025,52.3295579],[4.8653957,52.3295918],[4.8656883,52.3296499],[4.8659819,52.3297369],[4.866273,52.329836],[4.8664712,52.3299221],[4.8665649,52.3299627],[4.8667606,52.3300692],[4.8668238,52.3301013],[4.866838,52.3301113],[4.8668565,52.3301213],[4.8670819,52.3302822],[4.8672777,52.3304628],[4.8674277,52.3306432],[4.8674355,52.330656],[4.8674395,52.3306624],[4.8675383,52.3308234],[4.8675729,52.3309137],[4.8676209,52.3310036],[4.8676766,52.3311836],[4.8677013,52.3313634],[4.8676942,52.3315432],[4.8676622,52.3317227],[4.8675416,52.3320823],[4.8636573,52.3321124],[4.8639034,52.3317353],[4.8639961,52.3315269],[4.8640295,52.3313472],[4.8640168,52.3311675],[4.8639646,52.3309874],[4.8638657,52.3308074],[4.8634014,52.330266],[4.8632865,52.3300857],[4.8632405,52.3299058]]]},"properties":{"SELECTIE":7519,"LABEL":"7519-8354"}},{"id":1029,"type":"Feature","geometry":{"type":"Polygon","coordinates":[[[4.8664976,52.342898],[4.8664899,52.3428623],[4.8665585,52.3426829],[4.8667109,52.3425606],[4.8667985,52.3425041],[4.8672182,52.3423262],[4.8675582,52.342148],[4.8677271,52.3419689],[4.8677746,52.3417895],[4.8677491,52.3416095],[4.8677185,52.3415545],[4.8681017,52.341567],[4.8680299,52.3425232],[4.8678271,52.3433856],[4.8664976,52.342898]]]},"properties":{"SELECTIE":7519,"LABEL":"7519-8354"}},{"id":1030,"type":"Feature","geometry":{"type":"Polygon","coordinates":[[[4.8683005,52.3437511],[4.8684611,52.343102],[4.8686011,52.3415201],[4.8692238,52.341544],[4.8691142,52.3417952],[4.8690723,52.3419748],[4.8690625,52.3421564],[4.8691214,52.3426941],[4.8691164,52.3428738],[4.8690517,52.3431716],[4.8689015,52.3434121],[4.8687537,52.3435594],[4.8684584,52.3437169],[4.8683005,52.3437511]]]},"properties":{"SELECTIE":7519,"LABEL":"7519-8354"}},{"id":1031,"type":"Feature","geometry":{"type":"MultiPolygon","coordinates":[[[[4.8690826,52.3277332],[4.8691374,52.3266049],[4.8692448,52.3265819],[4.8695387,52.3265452],[4.8698322,52.3265244],[4.8698824,52.3265237],[4.8699427,52.3265198],[4.871593,52.3264974],[4.872474,52.3264202],[4.8727671,52.3264294],[4.87306,52.3264803],[4.8736445,52.3266772],[4.8739372,52.3267447],[4.8742301,52.3267753],[4.8748167,52.3267948],[4.8754037,52.3267658],[4.8756978,52.3267132],[4.8759922,52.3266098],[4.8762879,52.3264178],[4.8767185,52.3260099],[4.8768808,52.325879],[4.8771754,52.325775],[4.8774684,52.325812],[4.8777603,52.3259366],[4.8783431,52.3262882],[4.878635,52.326419],[4.8789277,52.3264724],[4.8792214,52.3264403],[4.8795162,52.3263142],[4.880165,52.3258449],[4.8804032,52.3257127],[4.8806979,52.3255957],[4.8815808,52.3253538],[4.882169,52.325233],[4.8827564,52.3251613],[4.8830501,52.3251473],[4.8833432,52.3251631],[4.8836352,52.3252887],[4.8836615,52.3253206],[4.8839228,52.3257829],[4.8840395,52.3260412],[4.884274,52.3264018],[4.884439,52.3265821],[4.8848512,52.3269435],[4.8849908,52.3271238],[4.8850789,52.3273042],[4.8852105,52.3279004],[4.8691545,52.3277974],[4.8690826,52.3277332]],[[4.8821124,52.3269318],[4.8823616,52.3267531],[4.8824331,52.3265736],[4.8823612,52.3263936],[4.8821577,52.3262255],[4.8818652,52.3261458],[4.8815718,52.3261581],[4.8813886,52.3262097],[4.8812771,52.3262597],[4.8810964,52.3263882],[4.8809926,52.3265674],[4.8810385,52.3267475],[4.8812638,52.3269282],[4.8815622,52.3270017],[4.8818555,52.3269997],[4.8821124,52.3269318]]]]},"properties":{"SELECTIE":7519,"LABEL":"7519-8354"}},{"id":1032,"type":"Feature","geometry":{"type":"MultiPolygon","coordinates":[[[[4.8690844,52.3328187],[4.869467,52.3327092],[4.8697616,52.3326019],[4.8700437,52.3324522],[4.8703532,52.3322008],[4.8705156,52.3320947],[4.8715339,52.331588],[4.8718288,52.3314632],[4.8721231,52.3313779],[4.8730049,52.3312493],[4.8732993,52.3311668],[4.8736363,52.3310298],[4.8742642,52.3306729],[4.8745435,52.3304944],[4.8746992,52.3303153],[4.8747773,52.3301345],[4.8748257,52.3299564],[4.8748053,52.3297765],[4.8747267,52.3295964],[4.8745485,52.3294159],[4.8742182,52.329279],[4.8793201,52.3292702],[4.8793161,52.3296283],[4.8785953,52.3298757],[4.8776677,52.3301484],[4.8772112,52.3303262],[4.8769594,52.3305048],[4.8768612,52.3306841],[4.8769062,52.3308641],[4.8770375,52.3310445],[4.8771142,52.3311075],[4.8774031,52.3315102],[4.8776813,52.3321257],[4.8779781,52.3325512],[4.8782686,52.3327991],[4.8785603,52.3329482],[4.8788156,52.3330293],[4.8791446,52.3331629],[4.8792447,52.333211],[4.8792748,52.3332458],[4.8792694,52.3337131],[4.8792369,52.3337501],[4.8791375,52.3337954],[4.8788438,52.3338122],[4.8785509,52.333766],[4.8782583,52.3336921],[4.8779655,52.3336466],[4.877672,52.3336519],[4.877378,52.3337093],[4.8770834,52.3338027],[4.8764934,52.3340654],[4.8764704,52.3340808],[4.8764334,52.3340977],[4.8761784,52.3342762],[4.876096,52.3344557],[4.8762218,52.3346359],[4.8765791,52.3348173],[4.8767822,52.3348769],[4.8757051,52.3348808],[4.8754496,52.3348124],[4.8750194,52.3346638],[4.8748516,52.33463],[4.874727,52.3345868],[4.874434,52.334545],[4.8741406,52.3345459],[4.8732593,52.3346183],[4.872966,52.3346235],[4.8729282,52.3346217],[4.8726727,52.3346089],[4.8723797,52.3345714],[4.8720868,52.3345112],[4.8718145,52.3344371],[4.8715011,52.3342564],[4.8713994,52.3340758],[4.8714392,52.3338963],[4.8715184,52.3337169],[4.8715079,52.333537],[4.8712197,52.3333824],[4.8711415,52.3333556],[4.8709269,52.3333179],[4.8706338,52.3332931],[4.8703405,52.3332949],[4.8700469,52.3333148],[4.8697526,52.3333715],[4.8693154,52.3335275],[4.8690896,52.3336243],[4.8690844,52.3328187]],[[4.8749399,52.3333721],[4.8753286,52.3332933],[4.8756706,52.3331956],[4.8759185,52.3330363],[4.8760202,52.3328375],[4.8760061,52.3326578],[4.8758859,52.3324774],[4.8756331,52.3323397],[4.8754919,52.332296],[4.8753404,52.3322691],[4.8750472,52.3322579],[4.8747534,52.3322837],[4.8744589,52.3323754],[4.8742633,52.3324705],[4.8741635,52.3325545],[4.8740613,52.3326494],[4.8739542,52.3328286],[4.87392,52.3330082],[4.8740057,52.3331884],[4.8741547,52.3333144],[4.8744471,52.3334173],[4.8747403,52.3334168],[4.8749399,52.3333721]]]]},"properties":{"SELECTIE":7519,"LABEL":"7519-8354"}},{"id":1033,"type":"Feature","geometry":{"type":"Polygon","coordinates":[[[4.8754572,52.3425419],[4.8754621,52.3423621],[4.8755201,52.3421619],[4.875764,52.3417954],[4.8766775,52.3418306],[4.8765772,52.3428426],[4.8763908,52.3430108],[4.8760962,52.343111],[4.8758035,52.343042],[4.8755134,52.3427387],[4.8754572,52.3425419]]]},"properties":{"SELECTIE":7519,"LABEL":"7519-8354"}},{"id":1034,"type":"Feature","geometry":{"type":"Polygon","coordinates":[[[4.8767986,52.3351446],[4.8781767,52.33514],[4.8782385,52.3351465],[4.8780335,52.3354014],[4.8767986,52.3351446]]]},"properties":{"SELECTIE":7519,"LABEL":"7519-8354"}},{"id":1035,"type":"Feature","geometry":{"type":"Polygon","coordinates":[[[4.8770332,52.3423824],[4.8770847,52.3418367],[4.8778132,52.3418649],[4.877281,52.3421907],[4.8770332,52.3423824]]]},"properties":{"SELECTIE":7519,"LABEL":"7519-8354"}},{"id":1036,"type":"Feature","geometry":{"type":"Polygon","coordinates":[[[4.8777826,52.4153516],[4.8781438,52.4151814],[4.879084,52.4155747],[4.8796695,52.4157776],[4.8799626,52.4158544],[4.8802559,52.4159149],[4.8805494,52.4159554],[4.8817616,52.4160481],[4.8824694,52.4166345],[4.8808381,52.4164203],[4.8802516,52.416304],[4.8796654,52.416132],[4.8793726,52.416028],[4.8787874,52.4157937],[4.8777826,52.4153516]]]},"properties":{"SELECTIE":7519,"LABEL":"7519-8354"}},{"id":1037,"type":"Feature","geometry":{"type":"MultiPolygon","coordinates":[[[[4.8796408,52.32955],[4.8796416,52.3294076],[4.8858008,52.3294493],[4.8861298,52.3301843],[4.8862163,52.3305434],[4.8862278,52.3307241],[4.886203,52.3309037],[4.8861437,52.3310832],[4.8860452,52.3312625],[4.8855707,52.3317997],[4.885509,52.3319793],[4.8856475,52.3321597],[4.8860057,52.3323409],[4.8867795,52.3326476],[4.8870711,52.332803],[4.8873623,52.3330089],[4.8878197,52.3334271],[4.8879562,52.3336073],[4.8880592,52.3337876],[4.888094,52.3339674],[4.8880376,52.334147],[4.8878449,52.3343259],[4.8876398,52.3344347],[4.8866163,52.3348601],[4.8862367,52.3350381],[4.8852797,52.3355404],[4.884985,52.3356616],[4.8846908,52.3357178],[4.8843974,52.3357125],[4.8841048,52.335655],[4.8838126,52.335539],[4.8835935,52.3353865],[4.8834008,52.3352059],[4.8829429,52.3345993],[4.8826642,52.334304],[4.8823619,52.3340805],[4.8818465,52.3337613],[4.8816207,52.3335806],[4.8814956,52.3334003],[4.8814588,52.3332203],[4.8815276,52.3330409],[4.881675,52.3328617],[4.881897,52.332683],[4.8821623,52.3325044],[4.8826765,52.3322059],[4.8828196,52.3321476],[4.8829908,52.3319686],[4.8828754,52.3317884],[4.8827066,52.3316078],[4.882583,52.3314276],[4.8825222,52.3312476],[4.8825031,52.3310677],[4.8825086,52.3307082],[4.8824591,52.3305283],[4.8823411,52.3303481],[4.8821836,52.3301676],[4.8819469,52.3299869],[4.8815914,52.3298056],[4.8812383,52.3296813],[4.8809457,52.3296024],[4.8806531,52.329543],[4.8803601,52.3295034],[4.8800668,52.3294969],[4.8797731,52.329524],[4.8796408,52.32955]],[[4.8845761,52.3312563],[4.8847421,52.3311749],[4.8848489,52.3310777],[4.8848918,52.3308982],[4.8848397,52.3307182],[4.884749,52.3305606],[4.8844581,52.3303588],[4.8841643,52.3303752],[4.8838682,52.3306151],[4.883764,52.3308934],[4.8837839,52.3310732],[4.8838621,52.3311607],[4.8840373,52.331254],[4.884154,52.3312882],[4.8844475,52.33129],[4.8845761,52.3312563]],[[4.884772,52.3350319],[4.8849923,52.3350083],[4.8852866,52.3349323],[4.8855813,52.3348271],[4.8861709,52.3345845],[4.8867608,52.3343116],[4.8870363,52.3341427],[4.8872126,52.3339638],[4.8872666,52.3337843],[4.8872237,52.3336043],[4.887102,52.3334241],[4.886908,52.3332435],[4.8866277,52.3330625],[4.8864822,52.3329883],[4.8861901,52.3328731],[4.8856051,52.3327129],[4.8850195,52.3325934],[4.8847265,52.3325612],[4.8844331,52.332557],[4.8841395,52.3325781],[4.8838455,52.3326227],[4.8835353,52.33269],[4.883257,52.3327727],[4.8830247,52.3328675],[4.882805,52.3330464],[4.8827433,52.3332258],[4.8827972,52.3334058],[4.8829173,52.3335861],[4.8838225,52.334661],[4.8841134,52.3348946],[4.8844054,52.3350103],[4.8846985,52.3350409],[4.884772,52.3350319]]]]},"properties":{"SELECTIE":7519,"LABEL":"7519-8354"}},{"id":1038,"type":"Feature","geometry":{"type":"Polygon","coordinates":[[[4.8823373,52.4161484],[4.8828979,52.4162458],[4.8831917,52.4162649],[4.8834856,52.4162572],[4.8837832,52.4162255],[4.8834478,52.416475],[4.8831705,52.4166377],[4.8829685,52.4166494],[4.8823373,52.4161484]]]},"properties":{"SELECTIE":7519,"LABEL":"7519-8354"}},{"id":1039,"type":"Feature","geometry":{"type":"Polygon","coordinates":[[[4.8841374,52.416502],[4.8843798,52.4163379],[4.8847531,52.416033],[4.8855479,52.4158622],[4.8858429,52.415773],[4.8859052,52.4157454],[4.8861408,52.415572],[4.8862061,52.4154811],[4.8871586,52.4159057],[4.8866454,52.416248],[4.886385,52.4166139],[4.8861275,52.4166095],[4.8852478,52.4164167],[4.8849539,52.4164009],[4.8846597,52.4164205],[4.8841374,52.416502]]]},"properties":{"SELECTIE":7519,"LABEL":"7519-8354"}},{"id":1040,"type":"Feature","geometry":{"type":"Polygon","coordinates":[[[4.8890531,52.415525],[4.8891242,52.4153714],[4.8865853,52.4149952],[4.8866382,52.4147972],[4.8874883,52.4148936],[4.8883698,52.4148664],[4.8886294,52.4148921],[4.8888394,52.4150388],[4.8892255,52.4152202],[4.8898381,52.4154025],[4.8902557,52.4154873],[4.8908426,52.4155813],[4.8926046,52.415727],[4.894073,52.415875],[4.8943669,52.4158737],[4.8946613,52.4158347],[4.8949662,52.4157393],[4.8951173,52.4158238],[4.8948716,52.4160396],[4.8946801,52.4163166],[4.8939322,52.4161385],[4.8931893,52.4160163],[4.8923088,52.4159064],[4.8905468,52.4157439],[4.8890531,52.415525]]]},"properties":{"SELECTIE":7519,"LABEL":"7519-8354"}},{"id":1041,"type":"Feature","geometry":{"type":"Polygon","coordinates":[[[4.8866063,52.4147327],[4.886653,52.4146701],[4.8867923,52.4145613],[4.887471,52.4146148],[4.8878997,52.4144262],[4.8882081,52.414574],[4.8885149,52.4148033],[4.8881683,52.4147789],[4.887489,52.4148193],[4.8866063,52.4147327]]]},"properties":{"SELECTIE":7519,"LABEL":"7519-8354"}},{"id":1042,"type":"Feature","geometry":{"type":"Polygon","coordinates":[[[4.8917217,52.4076691],[4.8926595,52.4071814],[4.8927643,52.4072396],[4.8929499,52.4074351],[4.8929,52.4083021],[4.8927818,52.4082247],[4.8917217,52.4076691]]]},"properties":{"SELECTIE":7519,"LABEL":"7519-8354"}},{"id":1043,"type":"Feature","geometry":{"type":"Polygon","coordinates":[[[4.8930696,52.404428],[4.8935115,52.4039138],[4.8939155,52.4035558],[4.894212,52.4033499],[4.8946284,52.4031257],[4.8949532,52.403381],[4.8945024,52.4036606],[4.894206,52.4038893],[4.8939086,52.404202],[4.8937438,52.4044169],[4.8933148,52.4046192],[4.8930696,52.404428]]]},"properties":{"SELECTIE":7519,"LABEL":"7519-8354"}},{"id":1044,"type":"Feature","geometry":{"type":"MultiPolygon","coordinates":[[[[4.8983993,52.4192147],[4.8980528,52.4195708],[4.897852,52.4197408],[4.8975563,52.4198877],[4.8972617,52.4199479],[4.8969675,52.4199546],[4.896674,52.4199305],[4.8963804,52.419888],[4.8945094,52.4195563],[4.8940336,52.4194251],[4.8939235,52.419374],[4.8937243,52.4191933],[4.8936851,52.4190135],[4.8937092,52.4188338],[4.8937808,52.4186545],[4.8938919,52.4184751],[4.8940464,52.4182614],[4.8944697,52.4177586],[4.8945773,52.4175783],[4.894602,52.4175194],[4.8947206,52.4172204],[4.8948752,52.4166817],[4.8949092,52.4165021],[4.8948171,52.4164186],[4.8951348,52.4160434],[4.8953847,52.41582],[4.8955639,52.4158757],[4.8954559,52.4159651],[4.8953047,52.4161442],[4.8952611,52.4163238],[4.8955377,52.4165006],[4.8964132,52.4169142],[4.8967058,52.4170332],[4.8969989,52.4171167],[4.8972925,52.4171599],[4.8975863,52.4171754],[4.8978803,52.4171703],[4.8990574,52.4170551],[4.8993513,52.4170694],[4.8999379,52.4171899],[4.9002315,52.4172249],[4.9005254,52.4172251],[4.9008198,52.4171921],[4.9011147,52.4171253],[4.9014096,52.417019],[4.9015851,52.4169295],[4.9022353,52.4169314],[4.9022641,52.4169578],[4.9019965,52.4171273],[4.9010767,52.417606],[4.9008344,52.4177847],[4.9006802,52.4179639],[4.900624,52.4181433],[4.9006703,52.4183233],[4.900846,52.4185038],[4.9011666,52.4186848],[4.9016569,52.4188667],[4.9019764,52.4189608],[4.9025629,52.4190992],[4.9028564,52.4191477],[4.90315,52.4191768],[4.9034439,52.4191852],[4.9037381,52.4191747],[4.904915,52.4190757],[4.905209,52.4190804],[4.9055026,52.4191187],[4.9057958,52.4191932],[4.9074567,52.4197136],[4.9071761,52.4197816],[4.9071773,52.4199648],[4.9066348,52.4197856],[4.906085,52.4196277],[4.9057917,52.4195614],[4.9054982,52.4195149],[4.9052045,52.4194891],[4.9049106,52.4194828],[4.9034399,52.4195619],[4.903146,52.419557],[4.9028521,52.4195328],[4.9025586,52.4194887],[4.9013853,52.4192386],[4.9005052,52.4190791],[4.8996253,52.41889],[4.8993316,52.4188576],[4.8990376,52.4188658],[4.8987426,52.4189461],[4.8986136,52.4190377],[4.8985662,52.4177693],[4.8984586,52.4171881],[4.8981594,52.417218],[4.8983676,52.4187193],[4.8983993,52.4192147]],[[4.8971408,52.4193874],[4.8972683,52.4193466],[4.8974699,52.4192089],[4.897599,52.4190297],[4.8976492,52.4188501],[4.8976564,52.4186704],[4.8976217,52.4184906],[4.8975341,52.4183104],[4.8973868,52.4181301],[4.8972826,52.4180454],[4.8969904,52.4178888],[4.8966975,52.4177853],[4.8961114,52.4176239],[4.8958178,52.4175848],[4.8955229,52.4176741],[4.8952308,52.4179414],[4.8949316,52.4182997],[4.894885,52.4184793],[4.8949931,52.4186595],[4.8958783,52.4192023],[4.896093,52.4192941],[4.8963859,52.4193894],[4.8966795,52.4194323],[4.8969734,52.4194272],[4.8971408,52.4193874]]]]},"properties":{"SELECTIE":7519,"LABEL":"7519-8354"}},{"id":1045,"type":"Feature","geometry":{"type":"Polygon","coordinates":[[[4.9066432,52.3985835],[4.9031393,52.3999375],[4.902524,52.3993328],[4.9025517,52.3991743],[4.9058991,52.3978937],[4.9066432,52.3985835]]]},"properties":{"SELECTIE":7519,"LABEL":"7519-8354"}},{"id":1046,"type":"Feature","geometry":{"type":"Polygon","coordinates":[[[4.9043676,52.4116148],[4.9045096,52.4112072],[4.9074121,52.4097899],[4.9074272,52.4096765],[4.9081968,52.4086554],[4.908332,52.4087088],[4.9086882,52.4092527],[4.9085936,52.4093258],[4.9081577,52.4095409],[4.9079783,52.409733],[4.9076526,52.4100005],[4.9086922,52.4113243],[4.9074457,52.411711],[4.9074108,52.4116729],[4.907091,52.4118144],[4.906942,52.4118592],[4.9058426,52.4115174],[4.9043928,52.4116329],[4.9043676,52.4116148]]]},"properties":{"SELECTIE":7519,"LABEL":"7519-8354"}},{"id":1047,"type":"Feature","geometry":{"type":"Polygon","coordinates":[[[4.904467,52.4028581],[4.9046339,52.4027881],[4.9048166,52.4027808],[4.9051868,52.4025804],[4.9053867,52.4027043],[4.9053847,52.402884],[4.9056767,52.4030649],[4.9056764,52.4030867],[4.9051645,52.4032053],[4.9047312,52.4034351],[4.9046671,52.4035249],[4.9044972,52.4034197],[4.9045031,52.4028804],[4.904467,52.4028581]]]},"properties":{"SELECTIE":7519,"LABEL":"7519-8354"}},{"id":1048,"type":"Feature","geometry":{"type":"Polygon","coordinates":[[[4.9061946,52.3967119],[4.9068728,52.3964438],[4.9074878,52.397086],[4.9081823,52.3968041],[4.9085072,52.3971171],[4.9072065,52.3976084],[4.9077098,52.398181],[4.9069728,52.3984474],[4.9056451,52.3971373],[4.9061946,52.3967119]]]},"properties":{"SELECTIE":7519,"LABEL":"7519-8354"}},{"id":1049,"type":"Feature","geometry":{"type":"Polygon","coordinates":[[[4.9058302,52.4029939],[4.9059663,52.4028845],[4.9063117,52.4025283],[4.9066005,52.4021579],[4.906635,52.4021236],[4.9069413,52.4018395],[4.9074644,52.4017537],[4.9078718,52.4014999],[4.9082769,52.4014456],[4.9087367,52.4011761],[4.9100297,52.4010935],[4.9103151,52.4012542],[4.9103752,52.4017495],[4.9105662,52.402051],[4.9102518,52.4021846],[4.9097262,52.4022718],[4.9094338,52.4018894],[4.9094231,52.4016738],[4.9090169,52.4018318],[4.9086119,52.4018621],[4.9082701,52.4020843],[4.9078909,52.4021466],[4.9075231,52.4023687],[4.9073079,52.4024419],[4.9071523,52.4024834],[4.9070619,52.4025256],[4.9063435,52.402811],[4.9060427,52.4028656],[4.9058302,52.4029939]]]},"properties":{"SELECTIE":7519,"LABEL":"7519-8354"}},{"id":1050,"type":"Feature","geometry":{"type":"Polygon","coordinates":[[[4.9074001,52.4139207],[4.9074476,52.4138541],[4.9074443,52.4138005],[4.9082034,52.4140274],[4.9088407,52.4141771],[4.9088034,52.4143174],[4.9074001,52.4139207]]]},"properties":{"SELECTIE":7519,"LABEL":"7519-8354"}},{"id":1051,"type":"Feature","geometry":{"type":"Polygon","coordinates":[[[4.911221,52.3991981],[4.9109644,52.3994639],[4.9106293,52.3998777],[4.9105504,52.3999253],[4.9092381,52.399771],[4.9101565,52.3982299],[4.9102368,52.3984098],[4.9104254,52.3987137],[4.9107158,52.399041],[4.9110085,52.3991547],[4.911221,52.3991981]]]},"properties":{"SELECTIE":7519,"LABEL":"7519-8354"}},{"id":1052,"type":"Feature","geometry":{"type":"Polygon","coordinates":[[[4.9104027,52.3900347],[4.9109818,52.3908765],[4.9109811,52.3909318],[4.910607,52.3905022],[4.9104853,52.390322],[4.9104119,52.390142],[4.9104027,52.3900347]]]},"properties":{"SELECTIE":7519,"LABEL":"7519-8354"}},{"id":1053,"type":"Feature","geometry":{"type":"Polygon","coordinates":[[[4.9104451,52.3897845],[4.9105663,52.3896034],[4.9107631,52.3894243],[4.9110232,52.3892457],[4.9117062,52.3888608],[4.9122278,52.3885315],[4.9125942,52.3882535],[4.9129738,52.3879191],[4.9130369,52.3879449],[4.9140619,52.3875758],[4.9143378,52.3875769],[4.914453,52.3876245],[4.9153943,52.3882881],[4.915192,52.3883635],[4.9149421,52.3884839],[4.9148529,52.3885419],[4.9146844,52.3887211],[4.9146252,52.3889005],[4.9146675,52.3890805],[4.9148321,52.3892608],[4.9152252,52.3894792],[4.9155177,52.3895975],[4.9158106,52.3896891],[4.9161036,52.3897587],[4.9163012,52.3897839],[4.915432,52.3901194],[4.9157454,52.3904628],[4.9124863,52.3916952],[4.9111566,52.3908293],[4.9104451,52.3897845]]]},"properties":{"SELECTIE":7519,"LABEL":"7519-8354"}},{"id":1054,"type":"Feature","geometry":{"type":"Polygon","coordinates":[[[4.9112087,52.4016977],[4.9110464,52.4012093],[4.9110445,52.4001874],[4.9112467,52.3995814],[4.9115007,52.399238],[4.9118888,52.3992765],[4.9127698,52.3993303],[4.9133566,52.3994045],[4.9139465,52.3995016],[4.9146997,52.399686],[4.9150372,52.399867],[4.9151584,52.4000473],[4.9151609,52.4002271],[4.9151097,52.4003558],[4.9150437,52.4004063],[4.9148145,52.4004713],[4.9139327,52.4004937],[4.9133446,52.4005306],[4.9130504,52.4005635],[4.9129719,52.4005778],[4.9127556,52.4006585],[4.9126314,52.4007561],[4.9126591,52.400936],[4.9128537,52.4011166],[4.9130435,52.401204],[4.9133324,52.4012985],[4.91363,52.401335],[4.913924,52.4013267],[4.9140605,52.4013011],[4.9145136,52.4011438],[4.9148238,52.4009447],[4.9150054,52.4007656],[4.9151068,52.4006327],[4.9153457,52.4005872],[4.9156949,52.400593],[4.9165758,52.400663],[4.9171632,52.4006933],[4.917751,52.4006917],[4.918045,52.4006749],[4.9183392,52.4006439],[4.9186336,52.4005924],[4.919218,52.4004219],[4.9195182,52.4003047],[4.9198126,52.4002496],[4.9201064,52.4002612],[4.9202785,52.40029],[4.9199565,52.4003984],[4.917763,52.4010176],[4.9171594,52.4010528],[4.9168652,52.4010917],[4.9165704,52.4011597],[4.9162756,52.4012647],[4.9158527,52.401488],[4.9150921,52.4020006],[4.9147967,52.4021581],[4.9145014,52.4022847],[4.9142064,52.4023869],[4.9139118,52.402465],[4.9136175,52.4025154],[4.9133235,52.4025212],[4.9130304,52.4024486],[4.9129088,52.402375],[4.9125557,52.4020142],[4.9124481,52.4019329],[4.912156,52.4017594],[4.9118633,52.4016544],[4.9115696,52.4016278],[4.9112753,52.4016689],[4.9112087,52.4016977]]]},"properties":{"SELECTIE":7519,"LABEL":"7519-8354"}},{"id":1055,"type":"Feature","geometry":{"type":"Polygon","coordinates":[[[4.9128098,52.3940645],[4.9126318,52.394002],[4.912788,52.3938022],[4.9129657,52.39341],[4.9129782,52.3928404],[4.9130114,52.3927502],[4.9131015,52.392727],[4.9133759,52.392893],[4.913422,52.3929572],[4.9133452,52.3932095],[4.9131901,52.3935684],[4.913088,52.3937476],[4.9128098,52.3940645]]]},"properties":{"SELECTIE":7519,"LABEL":"7519-8354"}},{"id":1056,"type":"Feature","geometry":{"type":"Polygon","coordinates":[[[4.9135839,52.3926662],[4.9130099,52.3921319],[4.9129591,52.391988],[4.9162096,52.3906518],[4.9167515,52.3912287],[4.9170468,52.3916849],[4.9171133,52.3919153],[4.9169619,52.3919463],[4.9163737,52.3919977],[4.9151979,52.3920633],[4.9149037,52.3920895],[4.9146093,52.392136],[4.9140886,52.3923136],[4.9137837,52.3924922],[4.9135839,52.3926662]]]},"properties":{"SELECTIE":7519,"LABEL":"7519-8354"}},{"id":1057,"type":"Feature","geometry":{"type":"Polygon","coordinates":[[[4.9148583,52.3437029],[4.9151539,52.343484],[4.9155261,52.3431413],[4.917211,52.3435234],[4.9167863,52.3442072],[4.9163778,52.3441248],[4.9155617,52.3454459],[4.9151357,52.345358],[4.9152328,52.3452232],[4.9153006,52.3450437],[4.9153118,52.344864],[4.9152742,52.3446841],[4.9149224,52.3441435],[4.914856,52.3439634],[4.9148583,52.3437029]]]},"properties":{"SELECTIE":7519,"LABEL":"7519-8354"}},{"id":1058,"type":"Feature","geometry":{"type":"Polygon","coordinates":[[[4.9150003,52.345932],[4.917,52.3463622],[4.9164729,52.3472075],[4.9162618,52.3471137],[4.9158841,52.3470234],[4.9156766,52.3469312],[4.9153112,52.3468412],[4.9150929,52.3466556],[4.9150003,52.345932]]]},"properties":{"SELECTIE":7519,"LABEL":"7519-8354"}},{"id":1059,"type":"Feature","geometry":{"type":"Polygon","coordinates":[[[4.9156628,52.386828],[4.9164008,52.3867506],[4.9167239,52.3866768],[4.9170179,52.3866495],[4.9176051,52.3866786],[4.9178983,52.3867403],[4.9181911,52.3868243],[4.9190695,52.3871154],[4.9193639,52.3871273],[4.91966,52.3868307],[4.9197355,52.386584],[4.9197284,52.3864043],[4.9196418,52.3858596],[4.9214134,52.3861328],[4.9214447,52.386411],[4.9214142,52.3865905],[4.9211247,52.3872402],[4.9210583,52.3874879],[4.921052,52.3876677],[4.9210761,52.3878475],[4.9212493,52.388465],[4.9202176,52.3888476],[4.9201397,52.388813],[4.9202242,52.3885632],[4.9202254,52.3883835],[4.9201733,52.3882035],[4.9200826,52.3880234],[4.9199435,52.3878164],[4.9196525,52.3875507],[4.9194675,52.3874817],[4.9193603,52.3873901],[4.9192154,52.3874807],[4.9190653,52.3875202],[4.918926,52.3876593],[4.9187687,52.3877796],[4.9185152,52.3880928],[4.917683,52.3877238],[4.9177182,52.3876546],[4.9176718,52.3874746],[4.9175973,52.3874246],[4.9173042,52.3873646],[4.9169602,52.3874032],[4.9156628,52.386828]]]},"properties":{"SELECTIE":7519,"LABEL":"7519-8354"}},{"id":1060,"type":"Feature","geometry":{"type":"Polygon","coordinates":[[[4.9189257,52.3486384],[4.9198471,52.3485306],[4.9208439,52.3486853],[4.9214983,52.3488805],[4.9226997,52.3490443],[4.9236823,52.3492408],[4.9243623,52.3496035],[4.924889,52.3502419],[4.9250557,52.3503438],[4.9248384,52.3502941],[4.9247409,52.3502567],[4.9244955,52.350113],[4.924269,52.3499324],[4.9242097,52.3498932],[4.9241581,52.3498534],[4.9240907,52.3498144],[4.9239959,52.3497515],[4.9238663,52.3496842],[4.9235626,52.3495711],[4.9232812,52.3495049],[4.922988,52.3494645],[4.9224013,52.3494321],[4.9215208,52.3494208],[4.9212275,52.3494049],[4.9209341,52.34938],[4.9206414,52.3493277],[4.9201435,52.3491972],[4.9197636,52.3490501],[4.9189257,52.3486384]]]},"properties":{"SELECTIE":7519,"LABEL":"7519-8354"}},{"id":1061,"type":"Feature","geometry":{"type":"Polygon","coordinates":[[[4.9216364,52.3458265],[4.9210948,52.3458266],[4.920365,52.3456832],[4.9196357,52.3455047],[4.9193942,52.3453018],[4.9191977,52.3448973],[4.9193375,52.3444345],[4.9195155,52.3447268],[4.9195755,52.344881],[4.9196937,52.3450611],[4.9198043,52.3451714],[4.9199078,52.3452417],[4.9200963,52.3453197],[4.921166,52.3456062],[4.9216364,52.3458265]]]},"properties":{"SELECTIE":7519,"LABEL":"7519-8354"}},{"id":1062,"type":"Feature","geometry":{"type":"Polygon","coordinates":[[[4.9251467,52.3475484],[4.9239374,52.348396],[4.9228034,52.3482764],[4.9201639,52.3476452],[4.9209503,52.3463576],[4.9214454,52.3460832],[4.9221777,52.3460832],[4.9238944,52.3469781],[4.9251467,52.3475484]]]},"properties":{"SELECTIE":7519,"LABEL":"7519-8354"}},{"id":1063,"type":"Feature","geometry":{"type":"Polygon","coordinates":[[[4.921604,52.389468],[4.920915,52.3891525],[4.9214235,52.3889569],[4.921604,52.389468]]]},"properties":{"SELECTIE":7519,"LABEL":"7519-8354"}},{"id":1064,"type":"Feature","geometry":{"type":"Polygon","coordinates":[[[4.9227547,52.3899963],[4.9231522,52.3900043],[4.9234461,52.3899896],[4.9237405,52.3899363],[4.9240361,52.3897591],[4.9241193,52.3896569],[4.9241794,52.3894774],[4.924189,52.3892977],[4.9240744,52.3883985],[4.9240695,52.3879391],[4.9240976,52.3879283],[4.9244964,52.3882319],[4.924824,52.3887602],[4.9249898,52.3893722],[4.9248207,52.3901797],[4.9245863,52.3905606],[4.9241575,52.3906397],[4.9227547,52.3899963]]]},"properties":{"SELECTIE":7519,"LABEL":"7519-8354"}},{"id":1065,"type":"Feature","geometry":{"type":"Polygon","coordinates":[[[4.9241373,52.387312],[4.9242101,52.386961],[4.9243152,52.3866703],[4.9247177,52.3870691],[4.9246836,52.387144],[4.9241373,52.387312]]]},"properties":{"SELECTIE":7519,"LABEL":"7519-8354"}},{"id":1066,"type":"Feature","geometry":{"type":"Polygon","coordinates":[[[4.9283671,52.3453381],[4.9283074,52.3452745],[4.9283787,52.345095],[4.9289226,52.3449173],[4.9292298,52.3448393],[4.9283671,52.3453381]]]},"properties":{"SELECTIE":7519,"LABEL":"7519-8354"}},{"id":1067,"type":"Feature","geometry":{"type":"Polygon","coordinates":[[[4.9281182,52.3793097],[4.9281801,52.3790674],[4.9282611,52.378937],[4.928305,52.3788881],[4.9285556,52.3787091],[4.9289577,52.3785311],[4.9294419,52.3783456],[4.9300324,52.3780623],[4.9306152,52.3778174],[4.9309796,52.3776401],[4.9310561,52.3775591],[4.9351721,52.3768384],[4.9352101,52.376449],[4.9350395,52.3764484],[4.9350535,52.3761979],[4.9368527,52.3762439],[4.936784,52.3764041],[4.9365077,52.376733],[4.936262,52.3769413],[4.9361194,52.3771206],[4.936052,52.3773001],[4.9360371,52.3774797],[4.9361011,52.3779044],[4.9281182,52.3793097]]]},"properties":{"SELECTIE":7519,"LABEL":"7519-8354"}},{"id":1068,"type":"Feature","geometry":{"type":"Polygon","coordinates":[[[4.9283242,52.3753226],[4.9292994,52.3751665],[4.9299428,52.3748655],[4.9308649,52.3745468],[4.9319434,52.3740959],[4.9329509,52.373512],[4.9338995,52.3733133],[4.9339144,52.3735171],[4.9340059,52.3736972],[4.934187,52.3738882],[4.9344785,52.3740997],[4.935112,52.3744204],[4.9354309,52.3746014],[4.9356785,52.3747717],[4.9287054,52.3759835],[4.9284336,52.3756531],[4.9283441,52.375473],[4.9283242,52.3753226]]]},"properties":{"SELECTIE":7519,"LABEL":"7519-8354"}},{"id":1069,"type":"Feature","geometry":{"type":"Polygon","coordinates":[[[4.9286646,52.3944519],[4.9289832,52.394367],[4.9292776,52.3943135],[4.9298657,52.3942628],[4.9307476,52.3942241],[4.9313361,52.3941363],[4.9316307,52.3940636],[4.9319256,52.3939657],[4.9322685,52.3938227],[4.933402,52.3932428],[4.9336971,52.3931277],[4.9339916,52.3930558],[4.9342857,52.3930253],[4.9345795,52.3930327],[4.9357535,52.3931598],[4.9360472,52.3931725],[4.936635,52.3931474],[4.9378114,52.3930401],[4.9381052,52.3930388],[4.938275,52.393057],[4.9368487,52.3934764],[4.936156,52.3934842],[4.9355096,52.3932489],[4.9353027,52.3934385],[4.934576,52.3933754],[4.9342822,52.393374],[4.9339881,52.3934066],[4.9336935,52.3934766],[4.9333986,52.393586],[4.9322178,52.3941245],[4.931628,52.3943248],[4.9310389,52.3944592],[4.9295683,52.3946185],[4.9288277,52.3947709],[4.9286646,52.3944519]]]},"properties":{"SELECTIE":7519,"LABEL":"7519-8354"}},{"id":1070,"type":"Feature","geometry":{"type":"Polygon","coordinates":[[[4.9343524,52.3714199],[4.9344342,52.3696712],[4.9349554,52.369389],[4.9349513,52.3687213],[4.9365523,52.3687464],[4.9365519,52.3682826],[4.937874,52.3683064],[4.9378642,52.3687693],[4.9382874,52.3687736],[4.9382845,52.3695296],[4.9374645,52.3692539],[4.9368797,52.3690044],[4.9365869,52.3689137],[4.9362938,52.3688617],[4.9359999,52.3688866],[4.9357054,52.3689748],[4.935591,52.3690297],[4.9354008,52.3692088],[4.9353191,52.3693882],[4.935156,52.3699268],[4.9349906,52.3702858],[4.9348081,52.3705634],[4.9346879,52.3708237],[4.9345092,52.3710798],[4.9343524,52.3714199]]]},"properties":{"SELECTIE":7519,"LABEL":"7519-8354"}},{"id":1071,"type":"Feature","geometry":{"type":"Polygon","coordinates":[[[4.9372238,52.3934936],[4.9385127,52.3931055],[4.938585,52.3931278],[4.9386903,52.3932981],[4.9387291,52.3934878],[4.9388047,52.3936678],[4.9389225,52.393848],[4.9391196,52.3940286],[4.9394092,52.3942093],[4.9397596,52.3943904],[4.9402739,52.3945526],[4.9400351,52.3946232],[4.9381933,52.3940015],[4.938012,52.3938445],[4.9377561,52.3936639],[4.9375125,52.3935541],[4.9372238,52.3934936]]]},"properties":{"SELECTIE":7519,"LABEL":"7519-8354"}},{"id":1072,"type":"Feature","geometry":{"type":"Polygon","coordinates":[[[4.9406102,52.3693851],[4.938735,52.3693834],[4.938741,52.368782],[4.9395617,52.3687784],[4.9395922,52.3676012],[4.9398297,52.3676614],[4.9404151,52.3678473],[4.9407084,52.3678931],[4.9410022,52.3678846],[4.9412965,52.3678147],[4.9413232,52.3677992],[4.9413455,52.3677932],[4.9415919,52.3676423],[4.9417638,52.3674419],[4.9444062,52.3674722],[4.9445534,52.3676255],[4.9448211,52.3677278],[4.9451142,52.3677826],[4.9454078,52.3677884],[4.9456004,52.3677682],[4.9456026,52.3693894],[4.9419284,52.3693862],[4.9418447,52.3692331],[4.9415769,52.3691301],[4.9412837,52.3690964],[4.9409896,52.3691353],[4.9407608,52.369229],[4.9406102,52.3693851]]]},"properties":{"SELECTIE":7519,"LABEL":"7519-8354"}},{"id":1073,"type":"Feature","geometry":{"type":"Polygon","coordinates":[[[4.9408815,52.3716871],[4.9409925,52.3715666],[4.9410436,52.3713871],[4.9409689,52.3711866],[4.9406767,52.3710518],[4.9404045,52.3710252],[4.9400894,52.3710427],[4.9397953,52.3710841],[4.9395016,52.3710869],[4.9392311,52.3710208],[4.9389933,52.3708401],[4.9389271,52.3706602],[4.9389341,52.3703119],[4.9394888,52.3703141],[4.9429609,52.3707044],[4.9427349,52.370802],[4.9425161,52.3710332],[4.9424378,52.3711366],[4.942302,52.3713918],[4.9421397,52.3715821],[4.942041,52.3718168],[4.9408815,52.3716871]]]},"properties":{"SELECTIE":7519,"LABEL":"7519-8354"}},{"id":1074,"type":"Feature","geometry":{"type":"Polygon","coordinates":[[[4.9399711,52.3761912],[4.9467035,52.3764504],[4.9479874,52.3765178],[4.9483159,52.3766304],[4.9485415,52.376812],[4.9487101,52.3770145],[4.9486789,52.3778701],[4.9403484,52.3775955],[4.9391117,52.377658],[4.9394654,52.3771332],[4.9399711,52.3761912]]]},"properties":{"SELECTIE":7519,"LABEL":"7519-8354"}},{"id":1075,"type":"Feature","geometry":{"type":"Polygon","coordinates":[[[4.9402529,52.3724678],[4.9493141,52.3734787],[4.9493138,52.3735105],[4.9494431,52.3735906],[4.94952,52.3736943],[4.9495428,52.3740208],[4.9494901,52.3741447],[4.9492136,52.373934],[4.9489184,52.3737531],[4.9485805,52.3736233],[4.9482875,52.3735487],[4.9479942,52.3735071],[4.9477006,52.3734949],[4.9474067,52.3735177],[4.947236,52.3735672],[4.9471118,52.3736524],[4.9470424,52.3737462],[4.9469636,52.3741055],[4.9468115,52.3743231],[4.9465158,52.3745245],[4.9458574,52.3748479],[4.9444646,52.3746864],[4.9438266,52.3743995],[4.9437779,52.3740936],[4.9436731,52.3739135],[4.9435856,52.3738371],[4.9434519,52.3737329],[4.9427096,52.3733302],[4.9424172,52.3732014],[4.9421237,52.373175],[4.9418289,52.3732844],[4.9415736,52.3735461],[4.941532,52.3736177],[4.9414929,52.3737256],[4.9414656,52.3739156],[4.9407381,52.373839],[4.9407136,52.3735429],[4.9406545,52.3732669],[4.9403041,52.3726426],[4.9402529,52.3724678]]]},"properties":{"SELECTIE":7519,"LABEL":"7519-8354"}},{"id":1076,"type":"Feature","geometry":{"type":"Polygon","coordinates":[[[4.9409147,52.3474302],[4.9418225,52.3468844],[4.94283,52.347466],[4.9423461,52.3478012],[4.943453,52.3484562],[4.9429573,52.3485427],[4.9426636,52.3485592],[4.9423703,52.3485319],[4.9420776,52.348449],[4.9417855,52.3483134],[4.9415935,52.3482011],[4.9413687,52.3480206],[4.9410719,52.34766],[4.9409147,52.3474302]]]},"properties":{"SELECTIE":7519,"LABEL":"7519-8354"}},{"id":1077,"type":"Feature","geometry":{"type":"Polygon","coordinates":[[[4.9412023,52.3660444],[4.9411908,52.3659951],[4.9412521,52.3658155],[4.9414854,52.3656367],[4.9421108,52.3652796],[4.9423488,52.3651007],[4.9424819,52.3649214],[4.9425717,52.3647421],[4.9426797,52.364383],[4.9426855,52.3640234],[4.9425279,52.3638432],[4.9423161,52.3636626],[4.9417652,52.363301],[4.9416365,52.3631833],[4.9415975,52.3631207],[4.9415677,52.3629408],[4.9416405,52.3627735],[4.9419357,52.3626436],[4.9422294,52.3626233],[4.9425227,52.3626557],[4.9428157,52.3627128],[4.9429661,52.3627662],[4.9431081,52.3628464],[4.9432278,52.362947],[4.9433119,52.363127],[4.9433332,52.3633069],[4.943277,52.3636661],[4.9433512,52.3638463],[4.9439763,52.3641038],[4.9442686,52.3642373],[4.9445502,52.3643899],[4.9450661,52.3647514],[4.9451434,52.3648588],[4.9452845,52.3649319],[4.9454357,52.3649861],[4.9457295,52.3649701],[4.9460237,52.3649129],[4.9463181,52.3648348],[4.9469255,52.3645803],[4.9470407,52.3648405],[4.9472221,52.3650528],[4.9472663,52.3660378],[4.9470068,52.3660765],[4.9412023,52.3660444]]]},"properties":{"SELECTIE":7519,"LABEL":"7519-8354"}},{"id":1078,"type":"Feature","geometry":{"type":"Polygon","coordinates":[[[4.9431704,52.3581779],[4.9420429,52.3579095],[4.9415312,52.3577278],[4.9413089,52.3575472],[4.9412779,52.3573674],[4.941387,52.357188],[4.941486,52.3571015],[4.9435618,52.3569972],[4.9434763,52.3570161],[4.9431494,52.3571946],[4.9433986,52.3573753],[4.9437491,52.3574462],[4.9440418,52.3575398],[4.9445202,52.357739],[4.9449192,52.3578821],[4.9452121,52.3579502],[4.9460392,52.3580602],[4.9431704,52.3581779]]]},"properties":{"SELECTIE":7519,"LABEL":"7519-8354"}},{"id":1079,"type":"Feature","geometry":{"type":"Polygon","coordinates":[[[4.9412449,52.3661972],[4.9459363,52.3662245],[4.9459443,52.3665353],[4.9455231,52.3665271],[4.9455237,52.3664742],[4.9414028,52.3664496],[4.9412449,52.3661972]]]},"properties":{"SELECTIE":7519,"LABEL":"7519-8354"}},{"id":1080,"type":"Feature","geometry":{"type":"Polygon","coordinates":[[[4.9431077,52.3939655],[4.9433852,52.3939071],[4.9436795,52.3938693],[4.944344,52.3938311],[4.9445576,52.3940974],[4.9439711,52.3941032],[4.9436767,52.3941318],[4.9433087,52.3942158],[4.9431077,52.3939655]]]},"properties":{"SELECTIE":7519,"LABEL":"7519-8354"}},{"id":1081,"type":"Feature","geometry":{"type":"Polygon","coordinates":[[[4.9439412,52.3584531],[4.9447741,52.3584251],[4.9448718,52.358779],[4.9446173,52.3587033],[4.9439412,52.3584531]]]},"properties":{"SELECTIE":7519,"LABEL":"7519-8354"}},{"id":1082,"type":"Feature","geometry":{"type":"Polygon","coordinates":[[[4.9440897,52.3708314],[4.9474135,52.3712049],[4.947384,52.371231],[4.9473578,52.3714107],[4.9473889,52.3715905],[4.9474184,52.3716389],[4.9472908,52.3716247],[4.9472107,52.3718314],[4.9476517,52.3718811],[4.947732,52.3719513],[4.9480232,52.3721321],[4.9488712,52.3725808],[4.9446968,52.3721139],[4.9448925,52.3719408],[4.9450027,52.3717614],[4.9450554,52.3715818],[4.9450293,52.3714021],[4.9449267,52.3712218],[4.9447876,52.3711075],[4.9444952,52.3709719],[4.9440897,52.3708314]]]},"properties":{"SELECTIE":7519,"LABEL":"7519-8354"}},{"id":1083,"type":"Feature","geometry":{"type":"Polygon","coordinates":[[[4.9446679,52.3938102],[4.9451497,52.3937526],[4.9454443,52.3936798],[4.945739,52.393587],[4.946034,52.3934637],[4.9463294,52.3933048],[4.9465561,52.3931576],[4.9465796,52.3931402],[4.9466252,52.3931101],[4.9470996,52.3927547],[4.9478168,52.3925371],[4.9475524,52.3928017],[4.9471302,52.3931596],[4.9466209,52.3935499],[4.9463252,52.3937342],[4.9457349,52.3940077],[4.9454402,52.3940878],[4.9451462,52.3941163],[4.9449094,52.394111],[4.9446679,52.3938102]]]},"properties":{"SELECTIE":7519,"LABEL":"7519-8354"}},{"id":1084,"type":"Feature","geometry":{"type":"Polygon","coordinates":[[[4.946407,52.3534743],[4.9455568,52.3527808],[4.9453262,52.3525291],[4.9452244,52.3523491],[4.9451778,52.3521691],[4.9451968,52.3519895],[4.9453086,52.3516303],[4.9453585,52.351271],[4.9453262,52.3506837],[4.9468008,52.3515905],[4.9467531,52.3516357],[4.9467109,52.3518153],[4.9467778,52.3519954],[4.9470066,52.3521759],[4.9476855,52.3525379],[4.9479061,52.3527033],[4.9479705,52.3528266],[4.946407,52.3534743]]]},"properties":{"SELECTIE":7519,"LABEL":"7519-8354"}},{"id":1085,"type":"Feature","geometry":{"type":"Polygon","coordinates":[[[4.9471605,52.369414],[4.9457044,52.3693955],[4.9457141,52.3688376],[4.9464043,52.3686655],[4.9472282,52.3686794],[4.947174,52.3690732],[4.9471605,52.369414]]]},"properties":{"SELECTIE":7519,"LABEL":"7519-8354"}},{"id":1086,"type":"Feature","geometry":{"type":"Polygon","coordinates":[[[4.9461941,52.3442714],[4.9500033,52.3418447],[4.9507638,52.3422914],[4.9500598,52.3424804],[4.9495456,52.3426585],[4.9491591,52.3428368],[4.9488676,52.3430155],[4.9484079,52.3433733],[4.9480201,52.3437313],[4.9479029,52.3439107],[4.9478584,52.3440902],[4.9478671,52.3442051],[4.9468885,52.344819],[4.9462033,52.3444296],[4.9461941,52.3442714]]]},"properties":{"SELECTIE":7519,"LABEL":"7519-8354"}},{"id":1087,"type":"Feature","geometry":{"type":"Polygon","coordinates":[[[4.9469292,52.366495],[4.9463225,52.3664904],[4.9463998,52.3663122],[4.9465407,52.3662664],[4.9471553,52.3662687],[4.9469292,52.366495]]]},"properties":{"SELECTIE":7519,"LABEL":"7519-8354"}},{"id":1088,"type":"Feature","geometry":{"type":"Polygon","coordinates":[[[4.9487629,52.3422577],[4.9466178,52.3435922],[4.9478214,52.3426521],[4.948185,52.3424737],[4.9487629,52.3422577]]]},"properties":{"SELECTIE":7519,"LABEL":"7519-8354"}},{"id":1089,"type":"Feature","geometry":{"type":"Polygon","coordinates":[[[4.9474237,52.3924396],[4.9478122,52.3919298],[4.9481084,52.3916827],[4.9484057,52.3915489],[4.9492874,52.3913185],[4.9496693,52.3911918],[4.9500518,52.3910135],[4.9508337,52.3905404],[4.9517642,52.3907318],[4.9517437,52.3907684],[4.950167,52.3914861],[4.9498723,52.3915758],[4.949168,52.3917292],[4.9486943,52.3918614],[4.9483991,52.3920031],[4.9481008,52.3922389],[4.9474237,52.3924396]]]},"properties":{"SELECTIE":7519,"LABEL":"7519-8354"}},{"id":1090,"type":"Feature","geometry":{"type":"Polygon","coordinates":[[[4.9480538,52.3665035],[4.9483227,52.3663812],[4.9484965,52.366202],[4.948518,52.3660225],[4.9483903,52.3658422],[4.9483637,52.3658238],[4.9482042,52.3657925],[4.9484484,52.3655134],[4.9485682,52.3654213],[4.9489888,52.3654757],[4.9497342,52.365419],[4.9501954,52.3654283],[4.9504062,52.3658496],[4.9505407,52.3660299],[4.9508192,52.3662106],[4.9512948,52.3663671],[4.9515878,52.3664264],[4.9518813,52.3664597],[4.9521747,52.3664684],[4.9524685,52.3664525],[4.9527626,52.3664117],[4.9530569,52.3663448],[4.9533514,52.3662535],[4.9536463,52.3661353],[4.9544176,52.3657705],[4.9546106,52.3658467],[4.9546299,52.3660865],[4.9539374,52.3663758],[4.9534369,52.3665441],[4.9480538,52.3665035]]]},"properties":{"SELECTIE":7519,"LABEL":"7519-8354"}},{"id":1091,"type":"Feature","geometry":{"type":"Polygon","coordinates":[[[4.9502262,52.3467579],[4.9500689,52.3468539],[4.9491449,52.3463166],[4.95034,52.3455936],[4.9509117,52.3455567],[4.9512052,52.3455588],[4.952073,52.34563],[4.9506738,52.3464845],[4.9506089,52.3464966],[4.9502262,52.3467579]]]},"properties":{"SELECTIE":7519,"LABEL":"7519-8354"}},{"id":1092,"type":"Feature","geometry":{"type":"Polygon","coordinates":[[[4.9503591,52.3412647],[4.9500883,52.340863],[4.9500215,52.340683],[4.9499954,52.340503],[4.9500268,52.3403235],[4.950129,52.3400601],[4.9512203,52.3407288],[4.9503591,52.3412647]]]},"properties":{"SELECTIE":7519,"LABEL":"7519-8354"}},{"id":1093,"type":"Feature","geometry":{"type":"Polygon","coordinates":[[[4.9530583,52.3709464],[4.9535515,52.371074],[4.9538905,52.3711964],[4.9547678,52.371579],[4.9549828,52.3716947],[4.9549092,52.3719799],[4.9547647,52.3719047],[4.953438,52.371408],[4.9532576,52.3712696],[4.9530583,52.3709464]]]},"properties":{"SELECTIE":7519,"LABEL":"7519-8354"}},{"id":1094,"type":"Feature","geometry":{"type":"Polygon","coordinates":[[[4.9538032,52.3894988],[4.953854,52.3893803],[4.9542468,52.3890966],[4.9542189,52.3886192],[4.9547461,52.3878786],[4.9572393,52.3885822],[4.9569517,52.3886884],[4.9566573,52.3887545],[4.9554804,52.3889116],[4.9551862,52.3889647],[4.9548918,52.3890375],[4.9543024,52.3892201],[4.9540074,52.3893494],[4.9538032,52.3894988]]]},"properties":{"SELECTIE":7519,"LABEL":"7519-8354"}},{"id":1095,"type":"Feature","geometry":{"type":"Polygon","coordinates":[[[4.9549495,52.3877356],[4.9551996,52.3875918],[4.9556971,52.3874391],[4.9560828,52.3874011],[4.956492,52.3874059],[4.9580736,52.3877796],[4.9577886,52.3881657],[4.957614,52.3883448],[4.9574841,52.3884415],[4.9549495,52.3877356]]]},"properties":{"SELECTIE":7519,"LABEL":"7519-8354"}},{"id":1096,"type":"Feature","geometry":{"type":"Polygon","coordinates":[[[4.8057519,52.3462742],[4.8042101,52.3489815],[4.8016975,52.3484915],[4.7993588,52.3434638],[4.8004176,52.3432701],[4.800972,52.3431235],[4.8012019,52.3429454],[4.8011919,52.3426567],[4.801519,52.3425594],[4.8024399,52.3423421],[4.8027347,52.3422486],[4.8030297,52.342128],[4.8036205,52.3418411],[4.8039153,52.3417398],[4.8042095,52.3416887],[4.8045029,52.3416881],[4.8056719,52.341861],[4.8059678,52.3418914],[4.8065544,52.3419091],[4.8068482,52.341893],[4.8071423,52.3418538],[4.8074366,52.3417806],[4.8076887,52.341691],[4.8080042,52.3415127],[4.8080908,52.3414414],[4.810872,52.3415796],[4.8112441,52.3417008],[4.8112287,52.3422485],[4.8109543,52.3420971],[4.8106618,52.3420192],[4.8103685,52.3420123],[4.8100745,52.3420469],[4.80978,52.3421156],[4.8093606,52.3422384],[4.8088973,52.3424184],[4.8085815,52.3425941],[4.8083773,52.3427728],[4.808335,52.3429524],[4.8084247,52.3431327],[4.8088795,52.3436648],[4.8091235,52.3440347],[4.8092132,52.344215],[4.8092843,52.3443952],[4.8093166,52.3445749],[4.809299,52.3447547],[4.8092391,52.344867],[4.806832,52.3448442],[4.8065388,52.3448926],[4.806486,52.344985],[4.8062226,52.3448402],[4.8060879,52.344739],[4.8059004,52.3445583],[4.805751,52.3443778],[4.8056676,52.3441977],[4.8056978,52.3440181],[4.8059181,52.3438394],[4.8065362,52.3434877],[4.8068057,52.3433045],[4.8070183,52.3431258],[4.8071112,52.3429464],[4.8070038,52.3427662],[4.8065488,52.3425823],[4.8062528,52.3425313],[4.8059597,52.3425045],[4.8056662,52.3425035],[4.8053724,52.3425282],[4.805121,52.3425772],[4.8051048,52.3425857],[4.805078,52.3425915],[4.8047824,52.3427554],[4.8046225,52.3429342],[4.804514,52.3431135],[4.8044155,52.3434726],[4.8043329,52.3436519],[4.803885,52.3440473],[4.803643,52.3443675],[4.8035574,52.3445468],[4.8035045,52.3447263],[4.8033752,52.345265],[4.8033667,52.3454447],[4.8034517,52.3456248],[4.8035696,52.3457153],[4.803791,52.3458062],[4.8038329,52.3458132],[4.8038616,52.345824],[4.8041547,52.3458669],[4.8047411,52.3459116],[4.805034,52.345962],[4.8053264,52.3460511],[4.8055955,52.3461746],[4.8057519,52.3462742]]]},"properties":{"SELECTIE":5848,"LABEL":"5848-6683"}},{"id":1097,"type":"Feature","geometry":{"type":"Polygon","coordinates":[[[4.7939353,52.3827652],[4.7939281,52.3833021],[4.7913788,52.3832781],[4.7916057,52.3831344],[4.7919167,52.3830589],[4.7922104,52.3830524],[4.7927966,52.3831482],[4.7930903,52.3831543],[4.7933848,52.3831004],[4.7936807,52.382966],[4.7939353,52.3827652]]]},"properties":{"SELECTIE":5848,"LABEL":"5848-6683"}},{"id":1098,"type":"Feature","geometry":{"type":"Polygon","coordinates":[[[4.7936278,52.3753746],[4.7935626,52.375103],[4.7920836,52.3752184],[4.7928214,52.3742243],[4.793485,52.3745157],[4.7937921,52.3745932],[4.7940852,52.3746467],[4.7943785,52.374677],[4.7946721,52.3746815],[4.7949661,52.3746617],[4.7952603,52.3746168],[4.7955746,52.3745262],[4.7958511,52.3743476],[4.7959931,52.3741687],[4.7960614,52.3739893],[4.7960821,52.3736308],[4.8011138,52.3731446],[4.8014761,52.3745301],[4.8008447,52.3743043],[4.8006086,52.3741917],[4.8003491,52.3740106],[4.7999725,52.3736365],[4.7996797,52.3735684],[4.7993845,52.3736788],[4.7992574,52.3738254],[4.7991463,52.3740046],[4.7990913,52.3741841],[4.7990973,52.3747234],[4.799078,52.374903],[4.7990332,52.3750826],[4.7989463,52.3752619],[4.7988133,52.3754133],[4.7973352,52.3755547],[4.7974025,52.3757878],[4.7970077,52.3757321],[4.7958364,52.3754685],[4.794957,52.3753366],[4.7946637,52.3753093],[4.7943701,52.375301],[4.7940763,52.3753115],[4.7936278,52.3753746]]]},"properties":{"SELECTIE":5848,"LABEL":"5848-6683"}},{"id":1099,"type":"Feature","geometry":{"type":"Polygon","coordinates":[[[4.7936836,52.3499556],[4.7935342,52.3499196],[4.7932424,52.3497972],[4.7931031,52.3497078],[4.7929216,52.3495272],[4.7928236,52.3493469],[4.7927834,52.3491669],[4.7927926,52.3489873],[4.7928474,52.3488078],[4.7935789,52.3475531],[4.7937157,52.347374],[4.7942466,52.3468375],[4.7944018,52.3466585],[4.7947583,52.3461692],[4.7949673,52.3459581],[4.795451,52.3465517],[4.7953617,52.3467236],[4.795042,52.3469143],[4.7947457,52.3471233],[4.794449,52.3473557],[4.7942295,52.3475564],[4.7940713,52.3477354],[4.7939467,52.3479145],[4.793741,52.348273],[4.7935755,52.3486317],[4.7935223,52.3488111],[4.7935112,52.3489908],[4.7935619,52.3491708],[4.7937108,52.3493513],[4.7939317,52.3494776],[4.7936836,52.3499556]]]},"properties":{"SELECTIE":5848,"LABEL":"5848-6683"}},{"id":1100,"type":"Feature","geometry":{"type":"Polygon","coordinates":[[[4.799084,52.3491457],[4.7988264,52.3492751],[4.7982347,52.3496294],[4.7979391,52.349787],[4.797644,52.3499038],[4.7973493,52.3499944],[4.7970549,52.3500483],[4.7964674,52.3500948],[4.7958801,52.3500989],[4.7946428,52.3500674],[4.7947008,52.3499558],[4.7948979,52.3496858],[4.7955916,52.3497296],[4.7961785,52.3497349],[4.7967663,52.3496838],[4.7970606,52.349622],[4.7973554,52.3495253],[4.7976508,52.3493943],[4.7984995,52.3488936],[4.799084,52.3491457]]]},"properties":{"SELECTIE":5848,"LABEL":"5848-6683"}},{"id":1101,"type":"Feature","geometry":{"type":"Polygon","coordinates":[[[4.7970668,52.3839936],[4.7945525,52.383977],[4.7944372,52.3839183],[4.7944065,52.3838471],[4.7944661,52.3820488],[4.7946974,52.3817261],[4.796493,52.3817575],[4.7963397,52.3818032],[4.7962004,52.3818991],[4.7960398,52.3820712],[4.7959506,52.3822574],[4.7959477,52.3824371],[4.7960989,52.3826176],[4.7966185,52.3829157],[4.7967024,52.3829801],[4.7968615,52.3831607],[4.7969445,52.3833408],[4.7969927,52.3835208],[4.7970668,52.3839936]]]},"properties":{"SELECTIE":5848,"LABEL":"5848-6683"}},{"id":1102,"type":"Feature","geometry":{"type":"Polygon","coordinates":[[[4.7955823,52.344657],[4.7955289,52.3443007],[4.7950053,52.3433526],[4.7958535,52.343108],[4.7952484,52.342159],[4.795984,52.3422928],[4.7971555,52.3424758],[4.7974434,52.3425396],[4.798051,52.3427221],[4.7982783,52.3428061],[4.7966164,52.3456198],[4.7960498,52.3454579],[4.7959589,52.3453345],[4.7963127,52.34523],[4.7965098,52.3450512],[4.7964218,52.344871],[4.7962447,52.3447612],[4.7960511,52.3446894],[4.7959523,52.3446717],[4.7955823,52.344657]]]},"properties":{"SELECTIE":5848,"LABEL":"5848-6683"}},{"id":1103,"type":"Feature","geometry":{"type":"Polygon","coordinates":[[[4.7945462,52.3791947],[4.7948426,52.3790163],[4.795203,52.3789256],[4.7954968,52.3789144],[4.7957902,52.3789455],[4.7960846,52.3790206],[4.7964105,52.3792039],[4.7965732,52.3793845],[4.7966706,52.3795646],[4.7967293,52.3797447],[4.7967769,52.380039],[4.7947426,52.3800118],[4.7945462,52.3791947]]]},"properties":{"SELECTIE":5848,"LABEL":"5848-6683"}},{"id":1104,"type":"Feature","geometry":{"type":"Polygon","coordinates":[[[4.7945453,52.3804225],[4.7945486,52.3803209],[4.7946869,52.3802311],[4.7967972,52.3802635],[4.7968277,52.3804642],[4.7969033,52.3806443],[4.7970532,52.3808249],[4.7972876,52.3810057],[4.7977897,52.3812713],[4.7977828,52.3816031],[4.7975921,52.3816344],[4.794803,52.3815737],[4.7949371,52.3813536],[4.7949937,52.381174],[4.7949861,52.3809942],[4.7949028,52.3808141],[4.7945453,52.3804225]]]},"properties":{"SELECTIE":5848,"LABEL":"5848-6683"}},{"id":1105,"type":"Feature","geometry":{"type":"Polygon","coordinates":[[[4.7976623,52.3757994],[4.797642,52.3757211],[4.7978912,52.3756496],[4.7985681,52.3755831],[4.7984777,52.3756354],[4.7981824,52.3757388],[4.797888,52.3757899],[4.7976623,52.3757994]]]},"properties":{"SELECTIE":5848,"LABEL":"5848-6683"}},{"id":1106,"type":"Feature","geometry":{"type":"Polygon","coordinates":[[[4.7979212,52.3820114],[4.7979552,52.3813558],[4.7989826,52.3818627],[4.7998227,52.3823257],[4.7986569,52.3823097],[4.7979212,52.3820114]]]},"properties":{"SELECTIE":5848,"LABEL":"5848-6683"}},{"id":1107,"type":"Feature","geometry":{"type":"Polygon","coordinates":[[[4.8005476,52.3838053],[4.8001578,52.3833568],[4.7998057,52.3829955],[4.7995576,52.3828033],[4.7992862,52.3826334],[4.7988555,52.3824022],[4.7999782,52.3824219],[4.801022,52.3831426],[4.8013139,52.3832835],[4.8016068,52.3833462],[4.8019008,52.3833343],[4.8021954,52.3832632],[4.8024907,52.3831487],[4.803083,52.3828579],[4.8030283,52.3840706],[4.8029642,52.384122],[4.8008317,52.3840803],[4.800655,52.3839206],[4.8006564,52.383807],[4.8005476,52.3838053]]]},"properties":{"SELECTIE":5848,"LABEL":"5848-6683"}},{"id":1108,"type":"Feature","geometry":{"type":"Polygon","coordinates":[[[4.8008165,52.354756],[4.8007572,52.3545992],[4.8005313,52.3542386],[4.8000711,52.353697],[4.8000257,52.3535171],[4.8002749,52.352259],[4.801967,52.3526018],[4.8008165,52.354756]]]},"properties":{"SELECTIE":5848,"LABEL":"5848-6683"}},{"id":1109,"type":"Feature","geometry":{"type":"Polygon","coordinates":[[[4.8012175,52.349645],[4.8032239,52.3500449],[4.80328,52.3501505],[4.8020661,52.3523449],[4.8003321,52.3519893],[4.8004234,52.3515418],[4.8004841,52.3513623],[4.8005764,52.351183],[4.8008603,52.3508572],[4.8012908,52.3504675],[4.8013847,52.3502883],[4.8014028,52.3501085],[4.8013752,52.3499287],[4.8012923,52.3497486],[4.8012175,52.349645]]]},"properties":{"SELECTIE":5848,"LABEL":"5848-6683"}},{"id":1110,"type":"Feature","geometry":{"type":"Polygon","coordinates":[[[4.8009478,52.3552308],[4.802291,52.3526854],[4.8037048,52.352981],[4.80369,52.3529959],[4.80363,52.3531754],[4.8036965,52.3533554],[4.8039146,52.3535363],[4.8040533,52.3535983],[4.8043458,52.3536783],[4.8046392,52.3536936],[4.8049333,52.3536552],[4.8055223,52.3535088],[4.8058165,52.3534638],[4.8061011,52.3534821],[4.8064024,52.3535597],[4.8066944,52.3536751],[4.8075692,52.3541328],[4.8078612,52.35425],[4.8081538,52.3543155],[4.8084473,52.3543259],[4.8087695,52.354279],[4.8090362,52.3541898],[4.809169,52.3541234],[4.8101446,52.3543274],[4.8101129,52.354385],[4.8099611,52.3544646],[4.809618,52.3545998],[4.8090285,52.3547825],[4.8087341,52.3548504],[4.8084398,52.3548984],[4.8081459,52.3549189],[4.8078527,52.3549041],[4.8075598,52.3548419],[4.8072677,52.3547327],[4.8066812,52.3544489],[4.8063917,52.3543716],[4.8060984,52.3543489],[4.8058044,52.3543904],[4.8056324,52.3544434],[4.8053387,52.3546218],[4.8052391,52.354801],[4.8052451,52.3549808],[4.8053243,52.3553407],[4.8053365,52.3555206],[4.8052599,52.3556999],[4.8051994,52.355754],[4.8049049,52.3558304],[4.8046118,52.3557918],[4.8043192,52.3557181],[4.8040262,52.3556705],[4.8037329,52.3556504],[4.803439,52.3556649],[4.8031444,52.3557566],[4.8029605,52.3558684],[4.8027666,52.3560472],[4.8025229,52.3562257],[4.8022562,52.3563206],[4.8019619,52.3563769],[4.8016686,52.3563542],[4.8013467,52.3562199],[4.801196,52.3560394],[4.8011097,52.3558592],[4.8009478,52.3552308]]]},"properties":{"SELECTIE":5848,"LABEL":"5848-6683"}},{"id":1111,"type":"Feature","geometry":{"type":"Polygon","coordinates":[[[4.802026,52.3747081],[4.8015625,52.3731176],[4.8044184,52.3728276],[4.8044048,52.372952],[4.8044586,52.3734916],[4.804428,52.3738509],[4.8043501,52.37421],[4.8044202,52.3743902],[4.804571,52.3745706],[4.8048584,52.3748257],[4.8031282,52.375002],[4.802026,52.3747081]]]},"properties":{"SELECTIE":5848,"LABEL":"5848-6683"}},{"id":1112,"type":"Feature","geometry":{"type":"Polygon","coordinates":[[[4.8039938,52.3527468],[4.8024472,52.3524287],[4.8036612,52.3502226],[4.8037957,52.3501764],[4.8043466,52.350287],[4.8044993,52.3504833],[4.8046927,52.3506641],[4.8049067,52.3508448],[4.8051721,52.3510259],[4.8052607,52.3510706],[4.8055529,52.3511696],[4.805846,52.3512115],[4.8061393,52.3512209],[4.806433,52.3512079],[4.8073149,52.3511127],[4.8076092,52.3510477],[4.8077007,52.3509596],[4.8089805,52.3512225],[4.8087688,52.351403],[4.8084828,52.3516019],[4.8081872,52.3517469],[4.8078924,52.3518523],[4.8073036,52.3519782],[4.8060057,52.3521085],[4.8055397,52.3521843],[4.8051514,52.3522841],[4.8045817,52.352461],[4.8041748,52.3526388],[4.8039938,52.3527468]]]},"properties":{"SELECTIE":5848,"LABEL":"5848-6683"}},{"id":1113,"type":"Feature","geometry":{"type":"Polygon","coordinates":[[[4.8033708,52.3838328],[4.803253,52.3838328],[4.803275,52.3827539],[4.8037399,52.3824757],[4.8042679,52.3820205],[4.8045644,52.3818252],[4.8048597,52.3816942],[4.8051548,52.3816023],[4.8059962,52.3814082],[4.8063336,52.3813027],[4.806521,52.381231],[4.80679,52.3810526],[4.8068439,52.380873],[4.8068144,52.3806932],[4.8067418,52.3805131],[4.806668,52.3804155],[4.8081427,52.3804397],[4.8081304,52.3806914],[4.8075123,52.3810203],[4.8073952,52.3810556],[4.8071637,52.3812341],[4.8070842,52.3814135],[4.8069111,52.3828507],[4.806927,52.3841137],[4.8058139,52.3840995],[4.8057962,52.383744],[4.805704,52.3833841],[4.8055397,52.3832035],[4.8054285,52.383125],[4.8051358,52.3830458],[4.8048422,52.3830349],[4.8045481,52.3830581],[4.8042534,52.3831266],[4.804064,52.3831962],[4.8037508,52.3833745],[4.8036616,52.3834542],[4.803567,52.3835533],[4.8033708,52.3838328]]]},"properties":{"SELECTIE":5848,"LABEL":"5848-6683"}},{"id":1114,"type":"Feature","geometry":{"type":"Polygon","coordinates":[[[4.8034532,52.3751035],[4.805007,52.3749504],[4.8051948,52.3751129],[4.8055763,52.3756541],[4.8057389,52.3758346],[4.8059552,52.3760154],[4.8061077,52.3761164],[4.8063993,52.3762671],[4.8066831,52.3763795],[4.8068907,52.3764378],[4.8065922,52.3764655],[4.8066736,52.3768556],[4.8064466,52.3768677],[4.806483,52.3770435],[4.8062887,52.3769158],[4.8055156,52.3764711],[4.8050836,52.3761909],[4.804061,52.3754108],[4.8038695,52.3752862],[4.8034532,52.3751035]]]},"properties":{"SELECTIE":5848,"LABEL":"5848-6683"}},{"id":1115,"type":"Feature","geometry":{"type":"Polygon","coordinates":[[[4.8064606,52.3801983],[4.8060582,52.3798999],[4.8043564,52.3788836],[4.8043099,52.3788239],[4.8041321,52.3787027],[4.8043703,52.3785242],[4.8046085,52.3784504],[4.8048363,52.3783467],[4.8053552,52.3781695],[4.8065417,52.3778083],[4.8065174,52.3781292],[4.8078737,52.3779739],[4.8078582,52.3788136],[4.8074188,52.3788421],[4.8073385,52.3802089],[4.8064606,52.3801983]]]},"properties":{"SELECTIE":5848,"LABEL":"5848-6683"}},{"id":1116,"type":"Feature","geometry":{"type":"Polygon","coordinates":[[[4.8049732,52.3482236],[4.8059803,52.3464316],[4.8061997,52.3465971],[4.8064914,52.3467446],[4.8067841,52.3468051],[4.8076646,52.3468119],[4.8079578,52.3468307],[4.8091298,52.3469964],[4.809423,52.347013],[4.8097167,52.3470013],[4.8100106,52.3469666],[4.8105956,52.3468567],[4.8088296,52.3499297],[4.8078983,52.3497432],[4.8078439,52.3490616],[4.8077935,52.3488817],[4.8076959,52.3487014],[4.8075509,52.3485209],[4.8073509,52.3483403],[4.8070604,52.3481246],[4.8067693,52.3479398],[4.8064777,52.3477858],[4.8061856,52.3476813],[4.8058921,52.3476751],[4.8055976,52.3477594],[4.8053019,52.347927],[4.8049732,52.3482236]]]},"properties":{"SELECTIE":5848,"LABEL":"5848-6683"}},{"id":1117,"type":"Feature","geometry":{"type":"Polygon","coordinates":[[[4.8070011,52.3450936],[4.8072191,52.3450651],[4.808914,52.3450812],[4.8088607,52.3451041],[4.8085665,52.3451611],[4.8082729,52.3451759],[4.8076861,52.3451619],[4.8070011,52.3450936]]]},"properties":{"SELECTIE":5848,"LABEL":"5848-6683"}},{"id":1118,"type":"Feature","geometry":{"type":"Polygon","coordinates":[[[4.8118358,52.3742074],[4.8115623,52.3741916],[4.8082895,52.3744951],[4.8082355,52.3742987],[4.8084815,52.3742623],[4.8087753,52.3742513],[4.8093627,52.3742589],[4.8096567,52.3742339],[4.8099513,52.3741629],[4.8102469,52.3740105],[4.8105436,52.3737751],[4.8109614,52.3733435],[4.8114376,52.3728076],[4.8120765,52.3720238],[4.8132676,52.3719049],[4.8133907,52.371939],[4.8135483,52.3724863],[4.814675,52.3723691],[4.8149015,52.3730031],[4.8151621,52.3735435],[4.8154197,52.3739044],[4.8155987,52.3740849],[4.8158361,52.3742659],[4.8161156,52.374412],[4.8164084,52.3744903],[4.8167018,52.3745128],[4.8169958,52.3744943],[4.81729,52.3744472],[4.8182209,52.3742298],[4.818649,52.3753269],[4.8183993,52.3755107],[4.8183593,52.3755821],[4.8181568,52.3755639],[4.8178631,52.3755723],[4.8175689,52.3755999],[4.8169809,52.3757099],[4.816315,52.3759091],[4.8143176,52.3761089],[4.8140388,52.3760403],[4.8135014,52.3758724],[4.8130161,52.3756903],[4.8123375,52.3753749],[4.812143,52.3746845],[4.8122939,52.3747029],[4.8125893,52.3745693],[4.8128859,52.3743467],[4.8131417,52.374073],[4.8132509,52.3738939],[4.8132928,52.3737143],[4.8132331,52.3735343],[4.8131906,52.3734932],[4.8128975,52.3734371],[4.8126033,52.3734888],[4.8123077,52.3736244],[4.8119808,52.3738877],[4.8118763,52.3740669],[4.8118358,52.3742074]]]},"properties":{"SELECTIE":5848,"LABEL":"5848-6683"}},{"id":1119,"type":"Feature","geometry":{"type":"Polygon","coordinates":[[[4.8084914,52.3752855],[4.8083215,52.3746505],[4.8115106,52.3742895],[4.8117804,52.374304],[4.8120356,52.3753002],[4.8119925,52.3752874],[4.8118748,52.3753253],[4.8116982,52.3753499],[4.8114028,52.3754748],[4.811107,52.375628],[4.810515,52.3759837],[4.8102185,52.3761992],[4.8098011,52.3765398],[4.8088677,52.3766418],[4.808729,52.3761735],[4.8088556,52.3760296],[4.8089155,52.3758501],[4.8088867,52.3756702],[4.8087498,52.3754898],[4.8084914,52.3752855]]]},"properties":{"SELECTIE":5848,"LABEL":"5848-6683"}},{"id":1120,"type":"Feature","geometry":{"type":"Polygon","coordinates":[[[4.8095555,52.3536678],[4.8096203,52.3532047],[4.809671,52.3530252],[4.8097629,52.3528459],[4.8099127,52.3526668],[4.8102995,52.3523431],[4.8095555,52.3536678]]]},"properties":{"SELECTIE":5848,"LABEL":"5848-6683"}},{"id":1121,"type":"Feature","geometry":{"type":"Polygon","coordinates":[[[4.8105389,52.3541302],[4.8097039,52.3539447],[4.8109691,52.351622],[4.8113816,52.3517056],[4.81123,52.352134],[4.8111477,52.3524931],[4.8109128,52.3530311],[4.8108787,52.3532108],[4.8109176,52.3535705],[4.8109002,52.3537501],[4.8107827,52.3539293],[4.8105882,52.3541082],[4.8105389,52.3541302]]]},"properties":{"SELECTIE":5848,"LABEL":"5848-6683"}},{"id":1122,"type":"Feature","geometry":{"type":"Polygon","coordinates":[[[4.8110473,52.3494715],[4.8110962,52.3467612],[4.8120886,52.3465456],[4.815251,52.3465412],[4.8149659,52.3469392],[4.8147047,52.347139],[4.8144095,52.3472795],[4.8141146,52.3473787],[4.8138205,52.3474185],[4.8135272,52.3474077],[4.8129408,52.3473522],[4.8126472,52.3473627],[4.8123532,52.3473918],[4.8119118,52.3474637],[4.8117648,52.3475037],[4.8114327,52.3476411],[4.8112382,52.34782],[4.8111854,52.3479993],[4.8112439,52.3481794],[4.811436,52.3483602],[4.8117525,52.3484627],[4.8120458,52.3484793],[4.8123397,52.3484386],[4.8132239,52.3481659],[4.8135176,52.3481459],[4.8138096,52.3482699],[4.8142642,52.3487334],[4.8144736,52.348914],[4.814753,52.3490952],[4.8152632,52.3493571],[4.8158291,52.3495222],[4.815812,52.3505699],[4.8155413,52.3505622],[4.8152473,52.3505963],[4.8149524,52.3507045],[4.8146569,52.3508933],[4.8144545,52.351136],[4.8140963,52.3511196],[4.8135081,52.3510668],[4.8135271,52.350707],[4.8134961,52.3503474],[4.813384,52.3501671],[4.8131508,52.3499863],[4.8127563,52.3498046],[4.8120314,52.3495824],[4.8117387,52.3495185],[4.8114458,52.3494764],[4.8111524,52.3494614],[4.8110473,52.3494715]]]},"properties":{"SELECTIE":5848,"LABEL":"5848-6683"}},{"id":1123,"type":"Feature","geometry":{"type":"Polygon","coordinates":[[[4.8111823,52.354111],[4.8112195,52.3539314],[4.8115354,52.3537531],[4.8120105,52.3535758],[4.812275,52.3534472],[4.812352,52.3533977],[4.8125385,52.3532189],[4.8127657,52.3526806],[4.8131867,52.3520713],[4.8133846,52.3521114],[4.8136153,52.3518638],[4.8138601,52.3517953],[4.8142049,52.3517992],[4.8140781,52.352687],[4.8140298,52.3528665],[4.8138724,52.3532254],[4.8137433,52.3534156],[4.8134454,52.3537462],[4.8131487,52.3539874],[4.8129403,52.3541196],[4.8129097,52.3542992],[4.8131436,52.3543912],[4.8133126,52.3544809],[4.8140197,52.3547431],[4.8143115,52.3548767],[4.814603,52.3550442],[4.8151844,52.3554864],[4.815476,52.3556359],[4.8157683,52.3557275],[4.8161048,52.3557744],[4.8158813,52.3561623],[4.8154704,52.356073],[4.815178,52.3559784],[4.8150647,52.3559273],[4.8148863,52.3558378],[4.814167,52.3553838],[4.8137205,52.3551828],[4.8131356,52.3550098],[4.8122499,52.3548357],[4.8119645,52.354765],[4.8116722,52.354663],[4.8113977,52.3544716],[4.8112468,52.354291],[4.8111823,52.354111]]]},"properties":{"SELECTIE":5848,"LABEL":"5848-6683"}},{"id":1124,"type":"Feature","geometry":{"type":"Polygon","coordinates":[[[4.8124455,52.3430939],[4.8124683,52.3425229],[4.8117535,52.3425095],[4.8118335,52.3417002],[4.8123386,52.3422528],[4.8127092,52.3425622],[4.8130603,52.3427957],[4.8134106,52.3429771],[4.8138661,52.3431601],[4.8141678,52.3432452],[4.8144607,52.3432963],[4.814754,52.3433134],[4.8150477,52.3432939],[4.8153419,52.3432365],[4.8159314,52.343037],[4.8168167,52.3426619],[4.817112,52.3425212],[4.8172442,52.3424563],[4.8177038,52.3421531],[4.8181871,52.3419215],[4.8182941,52.3418847],[4.8182914,52.3421018],[4.8185825,52.3422829],[4.818876,52.3422844],[4.8191672,52.3424656],[4.8197541,52.3424684],[4.8200498,52.3422899],[4.8200521,52.3421102],[4.8203479,52.3419319],[4.8203502,52.3417521],[4.8209417,52.3413955],[4.8212085,52.3413967],[4.8211997,52.3420971],[4.820842,52.3421053],[4.8206775,52.3439822],[4.8203215,52.3440014],[4.819964,52.3440871],[4.8197315,52.3442476],[4.8195295,52.344085],[4.8194412,52.3439895],[4.8193053,52.3435447],[4.819229,52.343005],[4.8191622,52.3428448],[4.8191469,52.3428249],[4.8188702,52.3427371],[4.8186327,52.3428225],[4.8179233,52.3429988],[4.8162129,52.3435292],[4.8159238,52.3436332],[4.8153348,52.3437916],[4.8150409,52.3438247],[4.8147473,52.3438278],[4.8144542,52.3438041],[4.8141613,52.3437535],[4.8138688,52.3436751],[4.8132842,52.3434778],[4.8127006,52.3432246],[4.8124455,52.3430939]]]},"properties":{"SELECTIE":5848,"LABEL":"5848-6683"}},{"id":1125,"type":"Feature","geometry":{"type":"Polygon","coordinates":[[[4.8127814,52.3463163],[4.8130208,52.3462107],[4.8133029,52.3460324],[4.8134978,52.3458535],[4.8139675,52.3453165],[4.814168,52.3451361],[4.8157494,52.3451463],[4.8159263,52.3452963],[4.8159262,52.3458651],[4.8155729,52.3460434],[4.8154222,52.3462223],[4.815368,52.3463287],[4.8127814,52.3463163]]]},"properties":{"SELECTIE":5848,"LABEL":"5848-6683"}},{"id":1126,"type":"Feature","geometry":{"type":"Polygon","coordinates":[[[4.8144186,52.3449636],[4.8147344,52.3448379],[4.8150282,52.3448046],[4.8153214,52.3448327],[4.8157405,52.3449848],[4.8144186,52.3449636]]]},"properties":{"SELECTIE":5848,"LABEL":"5848-6683"}},{"id":1127,"type":"Feature","geometry":{"type":"Polygon","coordinates":[[[4.8160528,52.3505893],[4.8160943,52.3495777],[4.816435,52.3496415],[4.8167261,52.3497339],[4.8170179,52.349867],[4.8172109,52.3500058],[4.8173082,52.3501232],[4.8173514,52.3501862],[4.8173833,52.3503661],[4.8173036,52.3504797],[4.8172257,52.3505451],[4.8170085,52.3506054],[4.8167146,52.3506318],[4.8164212,52.3506231],[4.8160528,52.3505893]]]},"properties":{"SELECTIE":5848,"LABEL":"5848-6683"}},{"id":1128,"type":"Feature","geometry":{"type":"Polygon","coordinates":[[[4.8164113,52.3451957],[4.8167838,52.3452344],[4.8170775,52.3452238],[4.8174477,52.3451536],[4.8178177,52.3449756],[4.8182584,52.3446785],[4.818554,52.3445182],[4.8187619,52.3444409],[4.8188491,52.3443899],[4.8191438,52.3442888],[4.8192862,52.3442637],[4.8194395,52.3441271],[4.8197311,52.3442741],[4.8198089,52.3444459],[4.8199474,52.3446264],[4.8207879,52.3455291],[4.8208884,52.3457034],[4.8209304,52.3458893],[4.8208898,52.3459765],[4.8205132,52.346234],[4.8187117,52.3461945],[4.8186702,52.3460582],[4.8185361,52.3459146],[4.8184737,52.3458775],[4.818244,52.3458049],[4.817951,52.3457641],[4.8176577,52.3457498],[4.8170706,52.3457516],[4.8164657,52.3457788],[4.8164931,52.3454484],[4.8164471,52.3452293],[4.8164113,52.3451957]]]},"properties":{"SELECTIE":5848,"LABEL":"5848-6683"}},{"id":1129,"type":"Feature","geometry":{"type":"Polygon","coordinates":[[[4.818767,52.346567],[4.8199741,52.3465837],[4.8199502,52.3466036],[4.8198901,52.3467831],[4.820002,52.3469633],[4.820282,52.3471088],[4.8206165,52.3471901],[4.8205686,52.3484792],[4.8202646,52.3484628],[4.8199716,52.3484287],[4.8198511,52.3484006],[4.8196791,52.3483488],[4.8194192,52.3482189],[4.8193876,52.3481873],[4.8192985,52.3480385],[4.8189109,52.3471378],[4.8188177,52.3468447],[4.818767,52.346567]]]},"properties":{"SELECTIE":5848,"LABEL":"5848-6683"}},{"id":1130,"type":"Feature","geometry":{"type":"Polygon","coordinates":[[[4.8185668,52.374167],[4.8187624,52.3741392],[4.8190565,52.3741206],[4.81935,52.3741289],[4.8196433,52.3741658],[4.819936,52.3742304],[4.8201323,52.3742865],[4.8206344,52.3744686],[4.8220534,52.3750697],[4.8196639,52.3754411],[4.8192813,52.3752795],[4.8189934,52.3752362],[4.8185668,52.374167]]]},"properties":{"SELECTIE":5848,"LABEL":"5848-6683"}},{"id":1131,"type":"Feature","geometry":{"type":"Polygon","coordinates":[[[4.8194317,52.3783881],[4.819095,52.3782361],[4.8188068,52.3780549],[4.8186341,52.3778744],[4.8185777,52.3776944],[4.8186522,52.3775149],[4.8188451,52.3773361],[4.8193474,52.3769777],[4.8199217,52.3783666],[4.8195865,52.3784112],[4.8194317,52.3783881]]]},"properties":{"SELECTIE":5848,"LABEL":"5848-6683"}},{"id":1132,"type":"Feature","geometry":{"type":"Polygon","coordinates":[[[4.8195103,52.3760613],[4.8197836,52.3757442],[4.8225492,52.3753096],[4.8226918,52.3753772],[4.8229402,52.3755581],[4.8230825,52.3757385],[4.8230619,52.3759182],[4.8228788,52.376097],[4.8224801,52.3762749],[4.8216688,52.3765436],[4.8213735,52.3766675],[4.8210779,52.3768211],[4.8207816,52.3770202],[4.8206116,52.3771647],[4.8204435,52.3773437],[4.8203476,52.377523],[4.8203278,52.3777027],[4.8204323,52.3778829],[4.8206793,52.3780638],[4.8210601,52.3782215],[4.8211448,52.3782381],[4.8203546,52.3783613],[4.8196323,52.3766847],[4.8196779,52.376621],[4.8197361,52.3764416],[4.819698,52.3762617],[4.8196178,52.3761571],[4.8195103,52.3760613]]]},"properties":{"SELECTIE":5848,"LABEL":"5848-6683"}},{"id":1133,"type":"Feature","geometry":{"type":"Polygon","coordinates":[[[4.8199789,52.3840955],[4.8199782,52.3839924],[4.8200289,52.3838129],[4.8201382,52.3836336],[4.8203099,52.3834547],[4.8207421,52.3830973],[4.8208987,52.3829182],[4.8209987,52.3827389],[4.821059,52.3823798],[4.8210709,52.3818405],[4.8211164,52.381661],[4.8211584,52.3815906],[4.8264938,52.3807404],[4.8264816,52.3807877],[4.8263356,52.3809668],[4.8260168,52.3811101],[4.8257223,52.3811791],[4.8248393,52.3813104],[4.8246758,52.3813427],[4.824545,52.3813632],[4.8243738,52.3814025],[4.8242505,52.381427],[4.8241492,52.3814542],[4.8239558,52.3814986],[4.82334,52.3816716],[4.8229179,52.3818493],[4.8227749,52.3819576],[4.822701,52.3820281],[4.8225846,52.3822073],[4.8224749,52.3824478],[4.8221901,52.3834637],[4.8219806,52.3840019],[4.8219686,52.3842644],[4.8207613,52.384172],[4.8199789,52.3840955]]]},"properties":{"SELECTIE":5848,"LABEL":"5848-6683"}},{"id":1134,"type":"Feature","geometry":{"type":"Polygon","coordinates":[[[4.8228849,52.3457367],[4.8229811,52.3451311],[4.8228263,52.3445232],[4.8208832,52.3432996],[4.820994,52.3421467],[4.8231874,52.342324],[4.8272487,52.3430414],[4.8273661,52.3440471],[4.8272227,52.3451113],[4.8269612,52.3452395],[4.8263115,52.3451967],[4.8249338,52.3449214],[4.8249291,52.3465734],[4.8234196,52.3464369],[4.8233762,52.3460088],[4.8230537,52.3458181],[4.8229146,52.3458019],[4.8228849,52.3457367]]]},"properties":{"SELECTIE":5848,"LABEL":"5848-6683"}},{"id":1135,"type":"Feature","geometry":{"type":"Polygon","coordinates":[[[4.8273221,52.3776732],[4.8215331,52.3785856],[4.8214252,52.37827],[4.8216469,52.378268],[4.8219413,52.3782134],[4.8222367,52.3780852],[4.8224701,52.3778926],[4.8228315,52.3774999],[4.8231278,52.3773042],[4.8234247,52.37718],[4.8236945,52.3769997],[4.8238279,52.3768206],[4.8241303,52.3762828],[4.8242733,52.3761036],[4.824318,52.3760867],[4.824612,52.3760749],[4.8249052,52.376103],[4.8266644,52.3763512],[4.8275445,52.3764315],[4.8278614,52.3764801],[4.8281301,52.3765739],[4.8282877,52.3766619],[4.8282329,52.3768414],[4.8281262,52.3768802],[4.8278305,52.3770418],[4.8276185,52.377198],[4.8274692,52.377377],[4.8273221,52.3776732]]]},"properties":{"SELECTIE":5848,"LABEL":"5848-6683"}},{"id":1136,"type":"Feature","geometry":{"type":"Polygon","coordinates":[[[4.8216347,52.3811717],[4.8219053,52.3810426],[4.8226383,52.3807695],[4.822903,52.380591],[4.8230893,52.3804154],[4.8233844,52.3802198],[4.8236797,52.3801026],[4.8243802,52.379879],[4.82486,52.3796844],[4.8251559,52.3795094],[4.8254525,52.3792798],[4.8257505,52.3789891],[4.8259243,52.3787266],[4.8261403,52.3792378],[4.8266047,52.379169],[4.8264598,52.3795294],[4.8264273,52.3797089],[4.8264225,52.3798887],[4.8265221,52.3805193],[4.8226958,52.3811213],[4.821692,52.3812091],[4.8216347,52.3811717]]]},"properties":{"SELECTIE":5848,"LABEL":"5848-6683"}},{"id":1137,"type":"Feature","geometry":{"type":"MultiPolygon","coordinates":[[[[4.8271806,52.3652571],[4.8271952,52.3647112],[4.8276898,52.3648932],[4.8282132,52.3651574],[4.8285648,52.3653625],[4.8288567,52.3654924],[4.8291499,52.3655383],[4.8294442,52.3654746],[4.82974,52.3653061],[4.8303337,52.3647933],[4.8306301,52.3645645],[4.8312415,52.3641685],[4.8334203,52.3641892],[4.8333757,52.3664781],[4.8335516,52.3680215],[4.8337104,52.3687118],[4.8334431,52.3693161],[4.8333295,52.3694954],[4.8331474,52.3696744],[4.8329138,52.3698099],[4.8326188,52.3699279],[4.8324943,52.3699613],[4.8319996,52.3699151],[4.8310437,52.369632],[4.8307399,52.3692226],[4.8309766,52.368507],[4.8301642,52.3684534],[4.8295771,52.36859],[4.8289277,52.367822],[4.8291343,52.3676782],[4.8294199,52.3674262],[4.8296143,52.3671412],[4.8296658,52.3669617],[4.8296462,52.3667818],[4.8295481,52.3666017],[4.8294316,52.3664899],[4.8291393,52.3663736],[4.8288456,52.3663752],[4.8285511,52.3664543],[4.8282557,52.366582],[4.8280025,52.3667278],[4.8274856,52.3660974],[4.8275557,52.3660531],[4.8277366,52.3658741],[4.8277623,52.3656945],[4.8276546,52.3655143],[4.8273917,52.3653316],[4.8271806,52.3652571]],[[4.8323547,52.3675469],[4.8323893,52.3675138],[4.8323393,52.3673338],[4.8320647,52.3672646],[4.8317704,52.3673082],[4.831725,52.3673309],[4.8315967,52.3675101],[4.8317661,52.3676526],[4.8320595,52.3676755],[4.8323547,52.3675469]]]]},"properties":{"SELECTIE":5848,"LABEL":"5848-6683"}},{"id":1138,"type":"Feature","geometry":{"type":"Polygon","coordinates":[[[4.8270785,52.3843429],[4.8279403,52.3833111],[4.8283448,52.3828555],[4.8286422,52.3825667],[4.828851,52.3824167],[4.8288908,52.382399],[4.8289386,52.3823667],[4.8292338,52.3822463],[4.8295283,52.3821838],[4.8298226,52.3821466],[4.8304101,52.3821381],[4.8309971,52.3821874],[4.8313282,52.3822485],[4.8312742,52.382428],[4.8311636,52.3826072],[4.8309893,52.3828154],[4.8309107,52.3829656],[4.8307598,52.3833244],[4.8307404,52.383504],[4.8307772,52.383684],[4.8308567,52.3838641],[4.8309744,52.3840426],[4.8312648,52.3842705],[4.8315273,52.3844006],[4.8300256,52.3843811],[4.8299439,52.3840396],[4.8298008,52.3836805],[4.8295132,52.3833997],[4.8292199,52.3833534],[4.8289248,52.3834623],[4.8286279,52.3837031],[4.8283294,52.3840846],[4.8281722,52.3843571],[4.8270785,52.3843429]]]},"properties":{"SELECTIE":5848,"LABEL":"5848-6683"}},{"id":1139,"type":"Feature","geometry":{"type":"Polygon","coordinates":[[[4.8276709,52.3490541],[4.8281768,52.3495073],[4.8285379,52.3498799],[4.8286502,52.3500602],[4.8287133,52.3502403],[4.8287203,52.35042],[4.8286354,52.3505994],[4.8283747,52.3507779],[4.8281599,52.3508502],[4.8278657,52.3509104],[4.8276114,52.3509286],[4.8276709,52.3490541]]]},"properties":{"SELECTIE":5848,"LABEL":"5848-6683"}},{"id":1140,"type":"Feature","geometry":{"type":"Polygon","coordinates":[[[4.8310815,52.3470765],[4.833893,52.3471033],[4.8338515,52.348839],[4.833467,52.3489774],[4.833173,52.3490182],[4.83288,52.3489707],[4.8326387,52.3488206],[4.8324872,52.3486401],[4.8323009,52.3483348],[4.8321151,52.3480991],[4.8320117,52.3479858],[4.8315353,52.3475572],[4.8310815,52.3470765]]]},"properties":{"SELECTIE":5848,"LABEL":"5848-6683"}},{"id":1141,"type":"Feature","geometry":{"type":"Polygon","coordinates":[[[4.8313997,52.3856563],[4.8314166,52.3851573],[4.8317756,52.3851649],[4.8313997,52.3856563]]]},"properties":{"SELECTIE":5848,"LABEL":"5848-6683"}},{"id":1142,"type":"Feature","geometry":{"type":"Polygon","coordinates":[[[4.8317029,52.363896],[4.8318138,52.3638381],[4.8321087,52.3637253],[4.832403,52.3636779],[4.8326968,52.3636709],[4.8329899,52.3637064],[4.8331272,52.3637424],[4.8332823,52.3638116],[4.8334241,52.3638983],[4.8334237,52.3639205],[4.8317029,52.363896]]]},"properties":{"SELECTIE":5848,"LABEL":"5848-6683"}},{"id":1143,"type":"Feature","geometry":{"type":"Polygon","coordinates":[[[4.8346044,52.3485845],[4.8346422,52.3469674],[4.8389833,52.3469951],[4.8390633,52.3475922],[4.8391251,52.3477722],[4.8391275,52.347952],[4.8390549,52.3480989],[4.8390086,52.3481312],[4.8387599,52.3482239],[4.8384659,52.3482589],[4.8378784,52.3482959],[4.8364089,52.3484503],[4.8349399,52.3485406],[4.8346044,52.3485845]]]},"properties":{"SELECTIE":5848,"LABEL":"5848-6683"}},{"id":1144,"type":"Feature","geometry":{"type":"Polygon","coordinates":[[[4.8581918,52.3339688],[4.8581511,52.3349736],[4.8578077,52.3349721],[4.8575737,52.3342782],[4.8575741,52.3340803],[4.8577718,52.3340157],[4.8580085,52.3339758],[4.8581918,52.3339688]]]},"properties":{"SELECTIE":5848,"LABEL":"5848-6683"}},{"id":1145,"type":"Feature","geometry":{"type":"Polygon","coordinates":[[[4.8761729,52.4161099],[4.8773869,52.415538],[4.877613,52.4156668],[4.8781978,52.4159498],[4.8796483,52.4166177],[4.8806642,52.4171612],[4.8811213,52.417362],[4.8814144,52.4174433],[4.8817079,52.417487],[4.8820018,52.4174925],[4.8823599,52.4174489],[4.8814259,52.4184654],[4.8805164,52.4180605],[4.8800201,52.4178775],[4.8796468,52.4177681],[4.8785897,52.4175119],[4.8780861,52.4173299],[4.8777071,52.4171486],[4.8773944,52.4169675],[4.8767215,52.4165097],[4.8762855,52.4162437],[4.8761729,52.4161099]]]},"properties":{"SELECTIE":5848,"LABEL":"5848-6683"}},{"id":1146,"type":"Feature","geometry":{"type":"Polygon","coordinates":[[[4.8816231,52.4185546],[4.882967,52.4172944],[4.8839812,52.4169956],[4.88436,52.4169207],[4.8846546,52.4168821],[4.8849485,52.416884],[4.8852418,52.4169315],[4.8858284,52.4170547],[4.8860649,52.417076],[4.8852933,52.4182586],[4.8846345,52.4186522],[4.8840002,52.4189729],[4.8838105,52.4191519],[4.8838687,52.4193318],[4.8840372,52.4194778],[4.8842831,52.4197443],[4.8837582,52.4204961],[4.8836045,52.4206876],[4.8834523,52.4207201],[4.8818636,52.4203108],[4.8823912,52.4195053],[4.8824759,52.4193259],[4.8824936,52.4191462],[4.8823744,52.418966],[4.882101,52.4187851],[4.8816231,52.4185546]]]},"properties":{"SELECTIE":5848,"LABEL":"5848-6683"}},{"id":1147,"type":"Feature","geometry":{"type":"Polygon","coordinates":[[[4.8861815,52.3274883],[4.8862234,52.3273087],[4.8862533,52.3272613],[4.886386,52.3271296],[4.8865495,52.3270054],[4.8868448,52.3268309],[4.8871399,52.3266866],[4.8874273,52.3265942],[4.8877282,52.3265534],[4.8880217,52.3265387],[4.8882164,52.3265408],[4.888315,52.3265383],[4.8884131,52.3265429],[4.8886084,52.326545],[4.8895423,52.3265964],[4.8894956,52.3275998],[4.8892485,52.3280319],[4.8888423,52.3282404],[4.8881746,52.3283613],[4.8878484,52.3283349],[4.8877096,52.3282023],[4.8874168,52.3281475],[4.8871376,52.3281323],[4.8866653,52.3279096],[4.8864395,52.3279082],[4.886248,52.3277363],[4.8862112,52.3276682],[4.8861815,52.3274883]]]},"properties":{"SELECTIE":5848,"LABEL":"5848-6683"}},{"id":1148,"type":"Feature","geometry":{"type":"Polygon","coordinates":[[[4.8893885,52.33326],[4.8890623,52.3330727],[4.8888311,52.3328885],[4.8887954,52.3327121],[4.8889496,52.332533],[4.8891885,52.3323542],[4.8893162,52.3321751],[4.889333,52.3319954],[4.8892447,52.3318153],[4.889137,52.3317319],[4.8889576,52.3316344],[4.8879672,52.3314019],[4.8876702,52.3312708],[4.8875231,52.331089],[4.8874531,52.330909],[4.8874316,52.3307291],[4.8874557,52.3305494],[4.8875305,52.33037],[4.8876879,52.3301525],[4.8879822,52.3300504],[4.8888617,52.3301287],[4.8891551,52.3301345],[4.8894437,52.3300875],[4.8893885,52.33326]]]},"properties":{"SELECTIE":5848,"LABEL":"5848-6683"}},{"id":1149,"type":"Feature","geometry":{"type":"Polygon","coordinates":[[[4.8872089,52.4244326],[4.8872411,52.4240196],[4.887146,52.4233002],[4.8871843,52.4231206],[4.8872309,52.4230603],[4.8873813,52.4229417],[4.8875267,52.4228869],[4.8878211,52.4228474],[4.888115,52.4228663],[4.8884085,52.4229112],[4.8887024,52.4229292],[4.8889978,52.4228039],[4.8891035,52.4225894],[4.8891362,52.4224098],[4.8891365,52.4222301],[4.8890782,52.4216987],[4.8898846,52.4216865],[4.889769,52.4220373],[4.8893312,52.4226553],[4.8889181,52.4231901],[4.8888062,52.4231946],[4.888676,52.4234283],[4.8883972,52.4233734],[4.8875389,52.4244628],[4.8872089,52.4244326]]]},"properties":{"SELECTIE":5848,"LABEL":"5848-6683"}},{"id":1150,"type":"Feature","geometry":{"type":"Polygon","coordinates":[[[4.8918646,52.4245249],[4.8914409,52.4245474],[4.8894214,52.4245732],[4.8886479,52.4245066],[4.8885269,52.424628],[4.888487,52.4246278],[4.8876749,52.4244439],[4.8878289,52.4242249],[4.8880785,52.4240406],[4.8885104,52.4239448],[4.8888165,52.4236972],[4.889488,52.4228998],[4.8896312,52.4229443],[4.8898819,52.4226478],[4.8896591,52.4225883],[4.8898064,52.422262],[4.8899337,52.4222625],[4.8899825,52.4225931],[4.8900435,52.4227731],[4.8901718,52.4229751],[4.890464,52.423151],[4.8907575,52.4231945],[4.8910518,52.4231703],[4.8913465,52.4231009],[4.8917265,52.4229599],[4.8920814,52.4227816],[4.8923503,52.422603],[4.8925487,52.4224241],[4.8926934,52.4222449],[4.8927907,52.4220656],[4.8928543,52.4218861],[4.8928849,52.4217065],[4.8928754,52.4211672],[4.8927367,52.4204476],[4.8927216,52.4202677],[4.8925553,52.4201611],[4.8920845,52.4201635],[4.8925647,52.4196776],[4.8928763,52.4194855],[4.8928209,52.4197289],[4.8928205,52.4199087],[4.8928511,52.420008],[4.8931442,52.4200847],[4.8943202,52.4200756],[4.8952016,52.4201273],[4.8960824,52.4202481],[4.8969624,52.4204341],[4.8972558,52.4204769],[4.8975497,52.4204936],[4.8978439,52.4204661],[4.8981389,52.4203783],[4.8982243,52.4203278],[4.8981561,52.4206627],[4.8980141,52.4210002],[4.8980449,52.4213384],[4.8977464,52.4217704],[4.8974471,52.4219795],[4.8966905,52.4219167],[4.8966095,52.4218956],[4.8958096,52.4209995],[4.895488,52.420821],[4.8951943,52.4207914],[4.8949035,52.4208176],[4.8946051,52.4209187],[4.894463,52.4209939],[4.8943087,52.4211237],[4.8942229,52.4212746],[4.8932868,52.4210309],[4.8930852,52.4212995],[4.89416,52.4215912],[4.894191,52.4218916],[4.8942967,52.4221966],[4.8945858,52.4226381],[4.8947267,52.4227925],[4.8948335,52.4229728],[4.8948696,52.4231527],[4.894835,52.4233323],[4.8947552,52.4235118],[4.8945738,52.4237315],[4.894449,52.4240497],[4.8943462,52.424229],[4.8942592,52.424333],[4.892888,52.4244704],[4.8925082,52.4243948],[4.8922143,52.4243799],[4.8921281,52.4243996],[4.8919192,52.4244861],[4.8918646,52.4245249]]]},"properties":{"SELECTIE":5848,"LABEL":"5848-6683"}},{"id":1151,"type":"Feature","geometry":{"type":"Polygon","coordinates":[[[4.8891103,52.4210283],[4.8891222,52.4209717],[4.8892247,52.4207924],[4.889385,52.4206133],[4.8895227,52.4205035],[4.8894865,52.420898],[4.8891103,52.4210283]]]},"properties":{"SELECTIE":5848,"LABEL":"5848-6683"}},{"id":1152,"type":"Feature","geometry":{"type":"Polygon","coordinates":[[[4.8930517,52.4183497],[4.8935451,52.4177547],[4.8936622,52.4175754],[4.8937462,52.4173959],[4.8937891,52.4172164],[4.8937828,52.4170367],[4.8937096,52.4168567],[4.8935831,52.4167314],[4.8941839,52.4167659],[4.8942254,52.4168588],[4.8942437,52.4170386],[4.8942267,52.4172183],[4.8941776,52.4173978],[4.8940955,52.4175772],[4.8939805,52.4177565],[4.8937753,52.4180127],[4.8932534,52.4183827],[4.8930517,52.4183497]]]},"properties":{"SELECTIE":5848,"LABEL":"5848-6683"}},{"id":1153,"type":"Feature","geometry":{"type":"Polygon","coordinates":[[[4.895579,52.4241798],[4.8954944,52.4238743],[4.8954826,52.4236945],[4.89552,52.423515],[4.8957548,52.4233372],[4.8963449,52.4231041],[4.8965578,52.4229799],[4.8966409,52.4229115],[4.8967345,52.4228009],[4.8967962,52.4226213],[4.896765,52.4222818],[4.8980453,52.4226124],[4.8980234,52.4233061],[4.8977919,52.4233051],[4.8978589,52.4235645],[4.8977774,52.4237302],[4.8975282,52.4238367],[4.895579,52.4241798]]]},"properties":{"SELECTIE":5848,"LABEL":"5848-6683"}},{"id":1154,"type":"Feature","geometry":{"type":"Polygon","coordinates":[[[4.8986794,52.4198636],[4.8987735,52.4197535],[4.8990242,52.4195737],[4.8993246,52.4194983],[4.8996186,52.4195013],[4.9019659,52.4199241],[4.9025533,52.4199874],[4.9028471,52.4199956],[4.9031412,52.4199859],[4.9043187,52.4198541],[4.9049072,52.4198086],[4.9052011,52.4198109],[4.9054948,52.4198353],[4.9057883,52.419881],[4.9061411,52.4199633],[4.9066809,52.4201453],[4.9070785,52.420311],[4.9063064,52.4207062],[4.9059577,52.4205018],[4.9057824,52.4204355],[4.9054892,52.4203519],[4.9051956,52.4203149],[4.9050492,52.4203184],[4.9049015,52.4203249],[4.9034288,52.4205719],[4.9016626,52.4207811],[4.9015241,52.4208021],[4.9013681,52.4208209],[4.9011054,52.4208653],[4.9007791,52.4209146],[4.9006122,52.4209486],[4.9004844,52.4209701],[4.9003887,52.420994],[4.9002716,52.421018],[4.8998947,52.4211177],[4.8995996,52.4212325],[4.8993208,52.4213735],[4.8990864,52.4215523],[4.8989447,52.4217315],[4.8988804,52.422015],[4.8986794,52.4198636]]]},"properties":{"SELECTIE":5848,"LABEL":"5848-6683"}},{"id":1155,"type":"Feature","geometry":{"type":"Polygon","coordinates":[[[4.9073626,52.4125482],[4.9073296,52.412224],[4.9073803,52.4121503],[4.9082289,52.411885],[4.908967,52.4116839],[4.9090398,52.4119674],[4.9089602,52.4120295],[4.9082228,52.4122282],[4.9079278,52.4123219],[4.9076349,52.4124225],[4.9073626,52.4125482]]]},"properties":{"SELECTIE":5848,"LABEL":"5848-6683"}},{"id":1156,"type":"Feature","geometry":{"type":"Polygon","coordinates":[[[4.9074192,52.413396],[4.9076021,52.4134983],[4.9081192,52.41368],[4.908794,52.4138062],[4.908848,52.4140159],[4.9081121,52.4138598],[4.9074342,52.4136386],[4.9074192,52.413396]]]},"properties":{"SELECTIE":5848,"LABEL":"5848-6683"}},{"id":1157,"type":"Feature","geometry":{"type":"Polygon","coordinates":[[[4.909322,52.4064577],[4.9094608,52.4064504],[4.9097544,52.4064708],[4.9098626,52.4064971],[4.910047,52.4065903],[4.9101465,52.406678],[4.9101516,52.4068578],[4.910036,52.4070464],[4.909322,52.4064577]]]},"properties":{"SELECTIE":5848,"LABEL":"5848-6683"}},{"id":1158,"type":"Feature","geometry":{"type":"Polygon","coordinates":[[[4.9099337,52.4031178],[4.9102052,52.4029941],[4.9104672,52.4028995],[4.910263,52.4027637],[4.9106754,52.4028175],[4.9109685,52.402883],[4.9112614,52.4029694],[4.9114813,52.4030562],[4.9115475,52.4031832],[4.9111372,52.403453],[4.9106681,52.403265],[4.9103775,52.4031916],[4.9099337,52.4031178]]]},"properties":{"SELECTIE":5848,"LABEL":"5848-6683"}},{"id":1159,"type":"Feature","geometry":{"type":"Polygon","coordinates":[[[4.9107423,52.4076291],[4.9109185,52.4075553],[4.9111843,52.4074011],[4.9114099,52.4072223],[4.9119725,52.4065797],[4.9129996,52.4074325],[4.9129164,52.4075878],[4.9128537,52.4077674],[4.9128319,52.407947],[4.9128615,52.4081268],[4.9131442,52.4086672],[4.913207,52.4088472],[4.9132849,52.409207],[4.913378,52.4093872],[4.913543,52.4094973],[4.9137003,52.4095682],[4.9139906,52.4096271],[4.9134599,52.409897],[4.913395,52.4098647],[4.9107423,52.4076291]]]},"properties":{"SELECTIE":5848,"LABEL":"5848-6683"}},{"id":1160,"type":"Feature","geometry":{"type":"Polygon","coordinates":[[[4.9114482,52.4036365],[4.9120819,52.4033539],[4.912241,52.4034508],[4.9124589,52.4036315],[4.9126157,52.4038118],[4.9127099,52.403992],[4.9129863,52.4047121],[4.9129965,52.4047283],[4.9130058,52.4047522],[4.9131023,52.4048968],[4.9132128,52.4050726],[4.9132951,52.4051851],[4.9135855,52.4054937],[4.9141312,52.4059749],[4.9142644,52.4061552],[4.9142134,52.4063348],[4.9140219,52.4065137],[4.9135716,52.406809],[4.913275,52.4070697],[4.9130959,52.4072893],[4.9120939,52.4064461],[4.9122758,52.4061472],[4.9123371,52.4059678],[4.9123505,52.405788],[4.9123229,52.4056081],[4.9120699,52.4047084],[4.9118926,52.4041685],[4.9117949,52.4039884],[4.9116495,52.403808],[4.9114482,52.4036365]]]},"properties":{"SELECTIE":5848,"LABEL":"5848-6683"}},{"id":1161,"type":"Feature","geometry":{"type":"MultiPolygon","coordinates":[[[[4.9138138,52.4104141],[4.9136807,52.4103045],[4.9150093,52.4096897],[4.9158922,52.409705],[4.917361,52.4097767],[4.9176551,52.4097731],[4.9179494,52.409728],[4.9182444,52.4096209],[4.9185404,52.4094286],[4.9187427,52.4092287],[4.919731,52.4080175],[4.9205669,52.4071761],[4.9227336,52.4061628],[4.923626,52.4058039],[4.924062,52.4057523],[4.9246381,52.4058722],[4.9248539,52.4059898],[4.9249571,52.4068108],[4.9255409,52.4076443],[4.9266117,52.4085649],[4.9274069,52.4091861],[4.9280147,52.4094016],[4.9286487,52.4104378],[4.9289765,52.4107481],[4.9281059,52.411227],[4.9278458,52.4110617],[4.927496,52.4108806],[4.9273443,52.4107825],[4.9270059,52.4105192],[4.9264703,52.4101554],[4.9255921,52.4096703],[4.9251975,52.4094337],[4.9249441,52.409253],[4.9247602,52.4090725],[4.9246239,52.4088922],[4.9244282,52.4085448],[4.9242773,52.4083516],[4.9240843,52.4081711],[4.9236018,52.4078097],[4.9232128,52.4074488],[4.9229726,52.4072667],[4.9226795,52.407123],[4.9223864,52.4070494],[4.9220926,52.407046],[4.9217979,52.4071147],[4.9215026,52.4072456],[4.9212069,52.4074207],[4.9209107,52.4076286],[4.9206143,52.4078681],[4.9203176,52.4081397],[4.92002,52.4084785],[4.9192401,52.4095901],[4.9189338,52.4099484],[4.9188276,52.4100637],[4.918531,52.410317],[4.9182351,52.4105038],[4.9179402,52.4105912],[4.9176463,52.4105979],[4.9173528,52.4105568],[4.916969,52.4104799],[4.9156132,52.4102948],[4.9150044,52.4102658],[4.9144162,52.4102979],[4.9138138,52.4104141]],[[4.9265851,52.4088999],[4.9266792,52.4087205],[4.9265314,52.4085402],[4.926486,52.4085173],[4.9264102,52.4085396],[4.9261903,52.4086796],[4.9261741,52.4087185],[4.9261896,52.4087569],[4.9263519,52.4088989],[4.9264815,52.4089379],[4.9265851,52.4088999]]]]},"properties":{"SELECTIE":5848,"LABEL":"5848-6683"}},{"id":1162,"type":"Feature","geometry":{"type":"Polygon","coordinates":[[[4.920217,52.4058263],[4.9200479,52.4058357],[4.9197535,52.405888],[4.9194586,52.405968],[4.9185739,52.406251],[4.9182793,52.4063161],[4.9179851,52.4063582],[4.917691,52.4063772],[4.9173971,52.4063745],[4.9171033,52.4063522],[4.9165167,52.406248],[4.916186,52.4061628],[4.9157972,52.4059815],[4.915692,52.4058014],[4.9157223,52.4056217],[4.9158305,52.4054424],[4.9161313,52.4050841],[4.9162368,52.4049256],[4.9163041,52.4047253],[4.9162901,52.4045455],[4.9162044,52.4043654],[4.9159018,52.4040047],[4.9156451,52.4036442],[4.9156041,52.4034642],[4.9156653,52.4033851],[4.9157762,52.4033509],[4.9172518,52.4054472],[4.9171334,52.4056273],[4.9171983,52.4058073],[4.9174018,52.4059111],[4.9176952,52.4059661],[4.9179895,52.405945],[4.9182841,52.4058699],[4.9184329,52.4058122],[4.9187175,52.4056336],[4.9189811,52.405365],[4.9192655,52.4052896],[4.9195399,52.4052667],[4.920217,52.4058263]]]},"properties":{"SELECTIE":5848,"LABEL":"5848-6683"}},{"id":1163,"type":"Feature","geometry":{"type":"Polygon","coordinates":[[[4.9159317,52.4033031],[4.9165486,52.4032356],[4.9171375,52.4031143],[4.9177259,52.4030622],[4.9180357,52.4029346],[4.9180217,52.4028884],[4.9178841,52.4027543],[4.9177293,52.4027357],[4.9171417,52.4027355],[4.916848,52.4027064],[4.9165555,52.4025817],[4.91643,52.402389],[4.916421,52.4022093],[4.9164858,52.4020297],[4.9166164,52.4018506],[4.9168507,52.4016703],[4.9171541,52.4015603],[4.9174485,52.4015025],[4.9177426,52.4014968],[4.9179385,52.4015309],[4.918166,52.4018604],[4.9184738,52.4017775],[4.9187423,52.4020386],[4.9189108,52.4021612],[4.9190913,52.4022198],[4.919204,52.402246],[4.9194976,52.4022768],[4.9206728,52.4022945],[4.9209661,52.402349],[4.9212584,52.4024966],[4.9214121,52.4026471],[4.9211428,52.4030296],[4.9215402,52.4036662],[4.9212484,52.4034597],[4.9209552,52.4033754],[4.9206614,52.4033926],[4.9203978,52.4034832],[4.9200705,52.4036851],[4.9197566,52.40402],[4.9195272,52.4043785],[4.9192219,52.4049166],[4.9191745,52.4050351],[4.9188812,52.4049944],[4.9185872,52.4050007],[4.918293,52.4050274],[4.9179984,52.4050827],[4.9177036,52.4051744],[4.9174055,52.4053246],[4.9173466,52.405298],[4.9159317,52.4033031]]]},"properties":{"SELECTIE":5848,"LABEL":"5848-6683"}},{"id":1164,"type":"Feature","geometry":{"type":"Polygon","coordinates":[[[4.9360071,52.4076303],[4.9325358,52.4091973],[4.9302022,52.4103714],[4.9301213,52.4104007],[4.9299118,52.4103802],[4.9292923,52.4094904],[4.9287006,52.4090149],[4.927692,52.4083307],[4.9270685,52.4078157],[4.9301472,52.4063092],[4.929808,52.4059484],[4.9300788,52.4060374],[4.9303317,52.4060973],[4.9306245,52.4062008],[4.930917,52.4063436],[4.9312088,52.4065609],[4.9315599,52.4069418],[4.9318063,52.4071225],[4.9320835,52.4072356],[4.9323769,52.407291],[4.9326707,52.4073092],[4.9329646,52.4073025],[4.9335529,52.4072376],[4.9338472,52.407219],[4.934141,52.4072203],[4.9344346,52.4072444],[4.9350215,52.40735],[4.9356078,52.4075012],[4.9360071,52.4076303]]]},"properties":{"SELECTIE":5848,"LABEL":"5848-6683"}},{"id":1165,"type":"Feature","geometry":{"type":"Polygon","coordinates":[[[4.9296606,52.396742],[4.9299406,52.3966166],[4.932032,52.3982683],[4.9318812,52.3982876],[4.9315875,52.3982862],[4.9310005,52.3982136],[4.9306124,52.3981304],[4.9304143,52.3980639],[4.9301819,52.397949],[4.9299769,52.3977684],[4.92987,52.3975883],[4.929817,52.3974083],[4.9297178,52.3968687],[4.9296606,52.396742]]]},"properties":{"SELECTIE":5848,"LABEL":"5848-6683"}},{"id":1166,"type":"Feature","geometry":{"type":"Polygon","coordinates":[[[4.9298643,52.4024744],[4.9301698,52.4020056],[4.9301822,52.4017232],[4.9313299,52.401587],[4.9320502,52.4021957],[4.9307668,52.4025455],[4.9300749,52.4024829],[4.9298643,52.4024744]]]},"properties":{"SELECTIE":5848,"LABEL":"5848-6683"}},{"id":1167,"type":"Feature","geometry":{"type":"Polygon","coordinates":[[[4.9323358,52.3981871],[4.9305635,52.3967595],[4.9299676,52.3962111],[4.9312347,52.3956343],[4.93441,52.3944298],[4.9359314,52.3938971],[4.936566,52.3939186],[4.9376321,52.3942984],[4.9379493,52.3945633],[4.9382063,52.394744],[4.9383809,52.3948344],[4.938542,52.3948976],[4.9386028,52.3949253],[4.9386443,52.3949377],[4.9386736,52.3949492],[4.9389666,52.3950334],[4.9392598,52.3950972],[4.9393955,52.3951203],[4.9395531,52.3951523],[4.9396709,52.3951672],[4.9398464,52.3951972],[4.9402936,52.3952464],[4.9404649,52.3953074],[4.9406051,52.3952695],[4.9413147,52.395285],[4.9416087,52.3952726],[4.9420883,52.3952115],[4.9425282,52.3956298],[4.9408584,52.3962949],[4.9408666,52.3961922],[4.9407172,52.3960125],[4.9402021,52.3958301],[4.939254,52.3956558],[4.9386669,52.3956082],[4.9380792,52.3956121],[4.9377306,52.395641],[4.9369024,52.3957631],[4.9357249,52.3959616],[4.9354305,52.396025],[4.9351359,52.396102],[4.934841,52.3962025],[4.934546,52.3963252],[4.934157,52.3965261],[4.933659,52.3968481],[4.9333899,52.3970625],[4.9331992,52.3972415],[4.932667,52.3979585],[4.9324647,52.3981365],[4.9323358,52.3981871]]]},"properties":{"SELECTIE":5848,"LABEL":"5848-6683"}},{"id":1168,"type":"Feature","geometry":{"type":"Polygon","coordinates":[[[4.9348518,52.3938519],[4.934821,52.39388],[4.9336548,52.394262],[4.9327609,52.3943132],[4.9333939,52.39404],[4.9336888,52.3939459],[4.9339831,52.3938783],[4.9342774,52.3938452],[4.9348518,52.3938519]]]},"properties":{"SELECTIE":5848,"LABEL":"5848-6683"}},{"id":1169,"type":"Feature","geometry":{"type":"Polygon","coordinates":[[[4.9330182,52.4040677],[4.9335512,52.4044884],[4.9338719,52.4046473],[4.9348072,52.4046115],[4.9351601,52.4047803],[4.9371459,52.4060894],[4.9379289,52.4067727],[4.9376152,52.4069118],[4.937081,52.4066046],[4.9362112,52.4059658],[4.935919,52.4057898],[4.9356263,52.4056675],[4.9353331,52.4056081],[4.9347455,52.4055832],[4.9344519,52.4055553],[4.9342903,52.4055143],[4.9341587,52.4054772],[4.9338663,52.4053431],[4.9335482,52.4051519],[4.9332996,52.4049712],[4.9331762,52.404791],[4.9331259,52.4044312],[4.9330182,52.4040677]]]},"properties":{"SELECTIE":5848,"LABEL":"5848-6683"}},{"id":1170,"type":"Feature","geometry":{"type":"Polygon","coordinates":[[[4.9394252,52.3994787],[4.9393736,52.3994219],[4.9393166,52.399242],[4.939311,52.3990622],[4.9394008,52.3985233],[4.9394541,52.3983438],[4.9396487,52.397985],[4.9404471,52.3970893],[4.9406876,52.3967306],[4.9408024,52.3964964],[4.9411124,52.3963731],[4.9421148,52.3960514],[4.9452762,52.3990345],[4.9450972,52.3990261],[4.944803,52.3990667],[4.9445085,52.3991425],[4.9439186,52.3993507],[4.9436239,52.3994313],[4.9433297,52.3994699],[4.942278,52.3995007],[4.9411169,52.3991337],[4.9405049,52.399092],[4.9394252,52.3994787]]]},"properties":{"SELECTIE":5848,"LABEL":"5848-6683"}},{"id":1171,"type":"Feature","geometry":{"type":"Polygon","coordinates":[[[4.939643,52.399627],[4.9403413,52.3993281],[4.9407285,52.3992901],[4.9416019,52.3995586],[4.9403889,52.3996832],[4.9400951,52.3996925],[4.9398014,52.3996726],[4.939643,52.399627]]]},"properties":{"SELECTIE":5848,"LABEL":"5848-6683"}},{"id":1172,"type":"Feature","geometry":{"type":"Polygon","coordinates":[[[4.9427662,52.4045984],[4.9404952,52.405475],[4.9406301,52.4049333],[4.9406431,52.404898],[4.9406633,52.4048193],[4.9406996,52.4047445],[4.9407382,52.40464],[4.9407925,52.4045536],[4.9408378,52.4044605],[4.9409035,52.4043772],[4.9409299,52.404335],[4.9409491,52.4043194],[4.9409792,52.4042813],[4.9412263,52.4040915],[4.9415212,52.4040024],[4.9418149,52.4040125],[4.942108,52.4040993],[4.9424473,52.4042867],[4.9426661,52.4044674],[4.9427662,52.4045984]]]},"properties":{"SELECTIE":5848,"LABEL":"5848-6683"}},{"id":1173,"type":"Feature","geometry":{"type":"Polygon","coordinates":[[[4.9435674,52.394538],[4.9436732,52.3944987],[4.9439674,52.394452],[4.9442612,52.3944607],[4.9445545,52.3945159],[4.9447802,52.394589],[4.9450425,52.3947028],[4.9460457,52.3959548],[4.9454228,52.3958411],[4.9451293,52.3958092],[4.9448354,52.3958225],[4.9447809,52.3958472],[4.9447175,52.395971],[4.9435674,52.394538]]]},"properties":{"SELECTIE":5848,"LABEL":"5848-6683"}},{"id":1174,"type":"Feature","geometry":{"type":"Polygon","coordinates":[[[4.9455465,52.3949046],[4.9457253,52.3949659],[4.9460185,52.3950375],[4.946312,52.3950654],[4.9466061,52.3950405],[4.9468956,52.3949554],[4.947137,52.3947775],[4.9472629,52.3945982],[4.9474265,52.3942393],[4.9477019,52.3938809],[4.9482128,52.3933435],[4.9486851,52.3927964],[4.948981,52.3925814],[4.9492757,52.3924948],[4.9495693,52.392517],[4.9501553,52.39267],[4.9504489,52.3926958],[4.9507429,52.3926926],[4.9510369,52.3926551],[4.9513315,52.3925799],[4.9528051,52.3921176],[4.9531003,52.3919721],[4.9533965,52.3917334],[4.9536938,52.3913869],[4.9537599,52.3912799],[4.954073,52.3913601],[4.9541371,52.3914598],[4.9534883,52.3924255],[4.9519014,52.3929102],[4.9528212,52.3941335],[4.9498328,52.3949777],[4.9502121,52.3954558],[4.9498342,52.3954427],[4.94954,52.3954772],[4.9493186,52.3955693],[4.9491462,52.395373],[4.9466461,52.3961196],[4.9466082,52.3961194],[4.9464844,52.3960731],[4.9455465,52.3949046]]]},"properties":{"SELECTIE":5848,"LABEL":"5848-6683"}},{"id":1175,"type":"Feature","geometry":{"type":"Polygon","coordinates":[[[4.9457327,52.3992169],[4.9472783,52.398723],[4.9490135,52.4003924],[4.9488253,52.4005358],[4.9486078,52.4006204],[4.9483133,52.4006917],[4.948019,52.4007353],[4.9477249,52.4007578],[4.947431,52.4007594],[4.9471374,52.4007355],[4.9468441,52.4006749],[4.9465069,52.4005272],[4.9462922,52.4003466],[4.9461623,52.4001663],[4.9460759,52.3999863],[4.9458853,52.3994463],[4.9457327,52.3992169]]]},"properties":{"SELECTIE":5848,"LABEL":"5848-6683"}},{"id":1176,"type":"Feature","geometry":{"type":"Polygon","coordinates":[[[4.9485828,52.3971668],[4.9481584,52.3966157],[4.949154,52.3963037],[4.9492729,52.3964031],[4.9495299,52.3965074],[4.949823,52.396589],[4.9501165,52.3966234],[4.9504102,52.396633],[4.9507043,52.3966162],[4.9509986,52.3965611],[4.9513674,52.3964108],[4.951526,52.3962316],[4.951525,52.396052],[4.9513948,52.3958717],[4.9511629,52.3957262],[4.9524194,52.3953386],[4.9528306,52.3954263],[4.9535524,52.3944205],[4.9542483,52.394773],[4.9545409,52.3948979],[4.9548338,52.3949911],[4.9550947,52.3950335],[4.9544402,52.3959427],[4.9540784,52.3963657],[4.9533594,52.3967476],[4.9518929,52.3971941],[4.9504045,52.3972243],[4.9485828,52.3971668]]]},"properties":{"SELECTIE":5848,"LABEL":"5848-6683"}},{"id":1177,"type":"Feature","geometry":{"type":"Polygon","coordinates":[[[4.9510799,52.3654462],[4.951332,52.3654513],[4.9537906,52.3656487],[4.9534015,52.3658606],[4.9529926,52.3660389],[4.9527656,52.3661006],[4.9524715,52.3661496],[4.9521778,52.3661615],[4.9518844,52.3661308],[4.9515474,52.3660336],[4.9512818,52.3658529],[4.9511603,52.3656726],[4.9510799,52.3654462]]]},"properties":{"SELECTIE":5848,"LABEL":"5848-6683"}},{"id":1178,"type":"Feature","geometry":{"type":"Polygon","coordinates":[[[4.9523305,52.3972069],[4.9530197,52.3969976],[4.9537597,52.3967308],[4.954502,52.396233],[4.9547395,52.3958433],[4.9553345,52.3950412],[4.9554211,52.3950422],[4.9557154,52.3949807],[4.9560106,52.3948394],[4.9563068,52.3946008],[4.9564284,52.394452],[4.9565556,52.3942727],[4.9566367,52.3940933],[4.9567059,52.3937341],[4.9567848,52.3930856],[4.9571235,52.392629],[4.9574061,52.3924782],[4.9576654,52.3923756],[4.9622425,52.393571],[4.9621385,52.3937126],[4.9615033,52.3935716],[4.9610192,52.3934388],[4.9604335,52.3932279],[4.9601405,52.3931461],[4.959847,52.3931195],[4.9595526,52.3931636],[4.9594526,52.3932048],[4.9592573,52.3933308],[4.9588167,52.3937418],[4.958369,52.3940492],[4.9580741,52.3942811],[4.9579283,52.3944165],[4.9578792,52.3944573],[4.9578556,52.3944838],[4.9577764,52.3945573],[4.95756,52.3948156],[4.9574544,52.394995],[4.9573911,52.3951745],[4.9573845,52.3953542],[4.9574445,52.3955342],[4.9575652,52.3957144],[4.9577632,52.3959105],[4.9580485,52.3962554],[4.9581342,52.3964354],[4.9581642,52.3966154],[4.9581313,52.396795],[4.9580248,52.3971541],[4.9579209,52.3973334],[4.9577484,52.3974518],[4.9575775,52.3975119],[4.9574537,52.397535],[4.9571597,52.3975589],[4.956278,52.3975738],[4.9559839,52.3976036],[4.9556894,52.3976633],[4.9553947,52.3977524],[4.9550996,52.3978774],[4.9548045,52.398011],[4.9544134,52.3982195],[4.9541945,52.3983984],[4.9540831,52.3985778],[4.9540472,52.3987573],[4.9540641,52.3989372],[4.9541909,52.3992972],[4.9544788,52.3997492],[4.9538175,52.4000259],[4.9535947,52.3998215],[4.9532442,52.3993678],[4.9530877,52.3985741],[4.953098,52.3982147],[4.9532265,52.3976759],[4.9531836,52.397496],[4.9530474,52.3973813],[4.9529335,52.3973153],[4.9527549,52.3972642],[4.9523305,52.3972069]]]},"properties":{"SELECTIE":5848,"LABEL":"5848-6683"}},{"id":1179,"type":"Feature","geometry":{"type":"Polygon","coordinates":[[[4.9532829,52.3996443],[4.9534878,52.3999034],[4.9537967,52.4002348],[4.9535024,52.400361],[4.953353,52.4000132],[4.9532829,52.3996443]]]},"properties":{"SELECTIE":5848,"LABEL":"5848-6683"}},{"id":1180,"type":"Feature","geometry":{"type":"Polygon","coordinates":[[[4.9542044,52.3934472],[4.9535964,52.3924524],[4.9544405,52.3914543],[4.9550862,52.3916454],[4.9549906,52.3919304],[4.9549603,52.3921099],[4.9549987,52.3922898],[4.9551372,52.3926499],[4.9551147,52.3928295],[4.9549808,52.3930087],[4.9547394,52.3931877],[4.9545565,52.3932896],[4.9542044,52.3934472]]]},"properties":{"SELECTIE":5848,"LABEL":"5848-6683"}},{"id":1181,"type":"Feature","geometry":{"type":"Polygon","coordinates":[[[4.9538244,52.391163],[4.9539323,52.3908479],[4.9539553,52.3904885],[4.9540295,52.3901293],[4.9541315,52.3899499],[4.9543232,52.3897709],[4.9545682,52.389592],[4.9548877,52.3894493],[4.9551823,52.3893716],[4.9554766,52.3893161],[4.9556711,52.3892907],[4.9557707,52.3892742],[4.9566533,52.3891628],[4.9571784,52.3890622],[4.9572055,52.389054],[4.9572419,52.3890469],[4.9575368,52.3889545],[4.9577013,52.3888844],[4.9579018,52.3887692],[4.9589802,52.3890735],[4.9585783,52.3892471],[4.9581204,52.3893476],[4.9572376,52.3894845],[4.9562974,52.3895983],[4.9557667,52.3896954],[4.9554646,52.3897741],[4.9551768,52.3899416],[4.9550424,52.390133],[4.955008,52.3903126],[4.9550145,52.3904924],[4.9551199,52.3912118],[4.9551124,52.3915098],[4.9538244,52.391163]]]},"properties":{"SELECTIE":5848,"LABEL":"5848-6683"}},{"id":1182,"type":"Feature","geometry":{"type":"Polygon","coordinates":[[[4.9579124,52.3922759],[4.958388,52.3920693],[4.9586204,52.3919435],[4.9588747,52.3917646],[4.9590718,52.3915856],[4.9595732,52.391034],[4.959758,52.390869],[4.9599219,52.3906898],[4.960056,52.3905106],[4.9601254,52.3903311],[4.9602635,52.3897924],[4.9603384,52.3896129],[4.9604596,52.3894321],[4.9631618,52.3901884],[4.963054,52.3905214],[4.9630215,52.390701],[4.9630098,52.3908807],[4.9630386,52.3910605],[4.9631323,52.3912407],[4.963278,52.391421],[4.9635974,52.3917117],[4.9623156,52.3934558],[4.9579124,52.3922759]]]},"properties":{"SELECTIE":5848,"LABEL":"5848-6683"}},{"id":1183,"type":"Feature","geometry":{"type":"Polygon","coordinates":[[[4.9581044,52.3886142],[4.9583517,52.3883475],[4.9586787,52.3879226],[4.959745,52.38818],[4.9595998,52.388273],[4.9593866,52.388531],[4.9593023,52.3886451],[4.959167,52.38891],[4.9581044,52.3886142]]]},"properties":{"SELECTIE":5848,"LABEL":"5848-6683"}},{"id":1184,"type":"Feature","geometry":{"type":"Polygon","coordinates":[[[4.9606287,52.3892995],[4.9609636,52.3890759],[4.961147,52.3888968],[4.9612176,52.3887695],[4.9638861,52.3893534],[4.9635869,52.3896245],[4.9632727,52.3899829],[4.9632345,52.3900501],[4.9606287,52.3892995]]]},"properties":{"SELECTIE":5848,"LABEL":"5848-6683"}},{"id":1185,"type":"Feature","geometry":{"type":"Polygon","coordinates":[[[4.772785,52.3533058],[4.7730511,52.3528414],[4.7731218,52.3526619],[4.7731514,52.3524823],[4.7731268,52.3521226],[4.7730035,52.3515828],[4.773006,52.351403],[4.7731191,52.3510441],[4.7732008,52.3508648],[4.7733296,52.3506857],[4.7737022,52.3503281],[4.7738514,52.3501492],[4.7739238,52.3499698],[4.7739821,52.3494307],[4.7739463,52.3489456],[4.7851767,52.3442944],[4.7862657,52.344749],[4.7874342,52.3451634],[4.787726,52.3452802],[4.7880175,52.345422],[4.7881879,52.3455487],[4.7883078,52.345671],[4.7884403,52.3459095],[4.78851,52.3460896],[4.788768,52.3469898],[4.7891704,52.3478905],[4.7892128,52.3480705],[4.7890701,52.348609],[4.7890654,52.3487887],[4.7891456,52.3488529],[4.7894405,52.3487358],[4.7895722,52.3486116],[4.7898959,52.3484334],[4.7900322,52.348398],[4.7903262,52.3483634],[4.7912065,52.3483819],[4.7915004,52.3483559],[4.7917949,52.3482836],[4.7920902,52.3481494],[4.7923868,52.3479236],[4.7926857,52.3475509],[4.7930289,52.3470111],[4.7931182,52.3468318],[4.7931477,52.3466522],[4.7930642,52.3464721],[4.792994,52.3464142],[4.7927877,52.3462909],[4.792119,52.3459948],[4.791828,52.3458117],[4.7915198,52.3455656],[4.791142,52.3452041],[4.7909952,52.3450236],[4.7908903,52.3448433],[4.7908488,52.3446634],[4.7908604,52.3444837],[4.7909892,52.343945],[4.7909494,52.3437652],[4.7907975,52.3435846],[4.7906847,52.3435183],[4.7901038,52.3430666],[4.7894875,52.3425085],[4.7906823,52.3420134],[4.7908955,52.3419927],[4.7909978,52.342054],[4.79129,52.342157],[4.7915496,52.3422018],[4.7946867,52.3456138],[4.7949673,52.3459581],[4.7947583,52.3461692],[4.7944018,52.3466585],[4.7942466,52.3468375],[4.7937157,52.347374],[4.7935789,52.3475531],[4.7928474,52.3488078],[4.7927926,52.3489873],[4.7927834,52.3491669],[4.7928236,52.3493469],[4.7929216,52.3495272],[4.7931031,52.3497078],[4.7932424,52.3497972],[4.7935342,52.3499196],[4.7936836,52.3499556],[4.7933637,52.3505714],[4.7873217,52.3493388],[4.787228,52.3489578],[4.787034,52.3486801],[4.7868685,52.3485812],[4.7870953,52.3485151],[4.7872233,52.3484199],[4.787276,52.3482405],[4.7871471,52.3480601],[4.7871019,52.3480267],[4.7868099,52.3479184],[4.7865161,52.3479268],[4.7863011,52.3480558],[4.7862699,52.3482354],[4.786349,52.3483713],[4.7861212,52.3483037],[4.7855564,52.3483008],[4.7850609,52.3483848],[4.784025,52.3487514],[4.7784388,52.3510151],[4.778407,52.3508916],[4.7784053,52.3507118],[4.7784589,52.3505324],[4.7785615,52.3503874],[4.7785856,52.3503532],[4.7787792,52.3501745],[4.7795491,52.3496392],[4.7796858,52.3494601],[4.7797191,52.3492806],[4.7796011,52.3491002],[4.7794566,52.3490255],[4.7791588,52.3489187],[4.7783644,52.3487344],[4.7777025,52.348514],[4.77741,52.3484324],[4.7771173,52.3483733],[4.776824,52.3483563],[4.7767729,52.3483666],[4.7765287,52.3484829],[4.7764918,52.3485449],[4.7764767,52.3487246],[4.7765124,52.3489046],[4.7767104,52.3494449],[4.7767524,52.3496249],[4.7767583,52.3498046],[4.7767125,52.3499841],[4.7765931,52.3501633],[4.776035,52.3506997],[4.7758971,52.3508786],[4.7758195,52.3510581],[4.7757928,52.3512376],[4.7758035,52.3514175],[4.7758525,52.3515976],[4.7759594,52.3517778],[4.7761576,52.3519394],[4.772785,52.3533058]]]},"properties":{"SELECTIE":5013,"LABEL":"5013-5848"}},{"id":1186,"type":"Feature","geometry":{"type":"MultiPolygon","coordinates":[[[[4.7723464,52.35417],[4.7725583,52.3537027],[4.7765076,52.352109],[4.7767713,52.3521927],[4.777064,52.3522604],[4.7773568,52.3523181],[4.7773811,52.3523209],[4.7773983,52.3523245],[4.7774584,52.3523297],[4.7776499,52.3523514],[4.7778311,52.3523618],[4.777943,52.3523715],[4.7782365,52.3523851],[4.7785301,52.3523792],[4.7788245,52.3523227],[4.7790288,52.3521531],[4.7790444,52.3519734],[4.7789605,52.3517932],[4.7785649,52.3512787],[4.7849011,52.3487213],[4.7854389,52.3486202],[4.7858623,52.3486483],[4.7862704,52.3487542],[4.7866483,52.3489983],[4.7867435,52.3492754],[4.7867116,52.3495521],[4.7910914,52.3504649],[4.7908284,52.3511208],[4.7872445,52.3525389],[4.7870408,52.3525614],[4.7867474,52.3525444],[4.7864551,52.3524439],[4.7863229,52.35237],[4.7857646,52.3521874],[4.7852855,52.3521073],[4.7849922,52.3520903],[4.7844049,52.3521067],[4.7841107,52.3521532],[4.7838156,52.3522637],[4.7836728,52.3523566],[4.7835314,52.3525356],[4.7834604,52.352715],[4.7834609,52.3528947],[4.7835766,52.353075],[4.7838033,52.3531825],[4.7840994,52.3532561],[4.7843889,52.353284],[4.7846825,52.353289],[4.7849762,52.3532723],[4.7852702,52.3532358],[4.7857668,52.3531333],[4.784442,52.3536662],[4.7840898,52.3536938],[4.7837958,52.3537361],[4.783501,52.3538248],[4.7832047,52.3540136],[4.7829752,52.3542562],[4.7770108,52.3566546],[4.776658,52.356339],[4.7767119,52.3562736],[4.7767887,52.3560961],[4.7767781,52.3559164],[4.776717,52.3557363],[4.7764951,52.3553757],[4.7764237,52.3551955],[4.7764391,52.3550206],[4.7765743,52.3548368],[4.7770324,52.3545616],[4.7773288,52.3543514],[4.7780445,52.3537659],[4.7781522,52.3535866],[4.7780908,52.3534065],[4.7777598,52.3532251],[4.7773457,52.3531279],[4.7770524,52.3530953],[4.776759,52.3530896],[4.7764652,52.3531099],[4.776171,52.3531578],[4.7758763,52.3532398],[4.7755812,52.3533536],[4.7751389,52.3535711],[4.7748615,52.3537495],[4.7742535,52.3541877],[4.773997,52.3539581],[4.7730458,52.3543078],[4.7723464,52.35417]],[[4.7813814,52.3548614],[4.7817272,52.3547319],[4.781807,52.3546838],[4.7820233,52.3545417],[4.7822555,52.3543266],[4.7824003,52.3541477],[4.7825089,52.3539684],[4.782582,52.353789],[4.7826123,52.3536095],[4.7825779,52.3534294],[4.7824052,52.3532489],[4.7820431,52.3530812],[4.781751,52.3529843],[4.7814583,52.3529207],[4.7811692,52.352883],[4.7808719,52.3528688],[4.780578,52.3528887],[4.7802838,52.3529444],[4.7799889,52.3530458],[4.7796241,52.3532347],[4.7794257,52.3534134],[4.7793556,52.3535928],[4.7794091,52.3537728],[4.7795052,52.353953],[4.7797799,52.354314],[4.7799687,52.354523],[4.7802589,52.3547665],[4.7805506,52.3548963],[4.7808437,52.3549359],[4.7811375,52.3549196],[4.7813814,52.3548614]]]]},"properties":{"SELECTIE":5013,"LABEL":"5013-5848"}},{"id":1187,"type":"Feature","geometry":{"type":"MultiPolygon","coordinates":[[[[4.7826087,52.3586361],[4.7821659,52.3587567],[4.7806333,52.3592764],[4.7783718,52.3573189],[4.7775863,52.356917],[4.7773917,52.3566912],[4.782767,52.3545087],[4.7824404,52.3548668],[4.7823624,52.354936],[4.7823109,52.3549905],[4.7822561,52.3550304],[4.7822389,52.3550455],[4.7820142,52.3552062],[4.7812833,52.3555799],[4.7810335,52.3557584],[4.780946,52.3559378],[4.7809862,52.3561176],[4.7811481,52.3562983],[4.7814105,52.3564383],[4.7815398,52.35648],[4.7817029,52.3565168],[4.7819963,52.3565306],[4.7822896,52.3564837],[4.7825859,52.3563482],[4.7828819,52.3561717],[4.7829546,52.3561419],[4.7829797,52.3561279],[4.7831772,52.3560505],[4.7834714,52.3559942],[4.7837653,52.355974],[4.7843523,52.3559784],[4.7845954,52.3559912],[4.7846459,52.3559922],[4.7847041,52.3559969],[4.7849392,52.3560093],[4.7855257,52.3560631],[4.7861113,52.3561698],[4.7869889,52.356401],[4.7872821,52.3564354],[4.7875756,52.3564306],[4.7878699,52.3563879],[4.7881644,52.3563089],[4.7885236,52.3561559],[4.7887579,52.3559819],[4.7889071,52.3557984],[4.7889736,52.355619],[4.7889932,52.3552595],[4.7889562,52.3550795],[4.7888705,52.3548995],[4.7887101,52.3547188],[4.7884814,52.3545717],[4.7884617,52.3545635],[4.7884201,52.3545376],[4.7882866,52.3544913],[4.7881894,52.3544511],[4.7880436,52.3544069],[4.7878955,52.3543554],[4.7873123,52.3541849],[4.7870204,52.3540661],[4.786488,52.3538088],[4.7864597,52.3537998],[4.786437,52.353789],[4.7861448,52.3536987],[4.7858519,52.3536463],[4.7855586,52.3536254],[4.7849041,52.3536403],[4.786562,52.3529668],[4.7867417,52.3529729],[4.7870329,52.3531421],[4.7871775,52.353273],[4.7874227,52.3534541],[4.7876143,52.3535652],[4.7877831,52.3536356],[4.7879063,52.3536762],[4.7881993,52.3537218],[4.7884931,52.3537157],[4.7887993,52.3536408],[4.789084,52.3534322],[4.7891932,52.3532832],[4.7892485,52.3531038],[4.7892292,52.3529239],[4.7891615,52.3528276],[4.7917725,52.3533914],[4.7883826,52.3596963],[4.7854576,52.3591019],[4.7854334,52.3590164],[4.7852937,52.3588359],[4.7850226,52.3586547],[4.7846118,52.3585003],[4.7843191,52.3584381],[4.7840259,52.3584005],[4.7837326,52.3583852],[4.7834387,52.3584094],[4.7831383,52.358465],[4.7826087,52.3586361]],[[4.7846103,52.3575742],[4.7849187,52.357525],[4.7852135,52.3574331],[4.7852898,52.3573978],[4.7855463,52.3572193],[4.7856263,52.3570401],[4.7855934,52.3568601],[4.7853773,52.3566793],[4.7852244,52.3566288],[4.7849314,52.3565832],[4.7846379,52.3565754],[4.7843441,52.3565965],[4.7839538,52.3566721],[4.783535,52.3568497],[4.7832827,52.3570282],[4.7831041,52.357207],[4.7830634,52.3573865],[4.7831583,52.3574372],[4.7834506,52.3575305],[4.7836904,52.3575695],[4.7840371,52.3575863],[4.7846103,52.3575742]]]]},"properties":{"SELECTIE":5013,"LABEL":"5013-5848"}},{"id":1188,"type":"Feature","geometry":{"type":"Polygon","coordinates":[[[4.7881695,52.362137],[4.789343,52.3600669],[4.7967345,52.361546],[4.7952461,52.364328],[4.7942869,52.3641318],[4.7942258,52.3640938],[4.7942307,52.3637342],[4.7939395,52.363553],[4.7939442,52.3631936],[4.7936531,52.3630123],[4.7930658,52.3630094],[4.7927746,52.3628282],[4.792481,52.3628267],[4.7921851,52.3630049],[4.7918914,52.3630035],[4.7912994,52.36336],[4.7910058,52.3633585],[4.7908802,52.3634343],[4.7889547,52.36304],[4.7889553,52.3629887],[4.7886642,52.3628076],[4.7886666,52.3626278],[4.7883756,52.3624466],[4.7883778,52.3622669],[4.7881695,52.362137]]]},"properties":{"SELECTIE":5013,"LABEL":"5013-5848"}},{"id":1189,"type":"Feature","geometry":{"type":"Polygon","coordinates":[[[4.7913788,52.3832781],[4.7880596,52.3832468],[4.7880377,52.3817352],[4.7939485,52.3817843],[4.7939353,52.3827652],[4.7936807,52.382966],[4.7933848,52.3831004],[4.7930903,52.3831543],[4.7927966,52.3831482],[4.7922104,52.3830524],[4.7919167,52.3830589],[4.7916057,52.3831344],[4.7913788,52.3832781]]]},"properties":{"SELECTIE":5013,"LABEL":"5013-5848"}},{"id":1190,"type":"Feature","geometry":{"type":"Polygon","coordinates":[[[4.7939518,52.3797867],[4.79392,52.3815133],[4.7885594,52.3814379],[4.7886646,52.378206],[4.7931529,52.3782069],[4.7934509,52.3783325],[4.7936666,52.3786952],[4.7939518,52.3797867]]]},"properties":{"SELECTIE":5013,"LABEL":"5013-5848"}},{"id":1191,"type":"Feature","geometry":{"type":"MultiPolygon","coordinates":[[[[4.7983513,52.3585418],[4.7968047,52.3613545],[4.7893692,52.3598425],[4.7941136,52.3509944],[4.8002749,52.352259],[4.8000257,52.3535171],[4.8000711,52.353697],[4.8005313,52.3542386],[4.8007572,52.3545992],[4.8008165,52.354756],[4.799086,52.3579949],[4.7986853,52.3579345],[4.7985669,52.35815],[4.7984059,52.3580029],[4.7981247,52.3579405],[4.7978314,52.3579113],[4.7975378,52.3579114],[4.7972439,52.3579313],[4.7970714,52.3579557],[4.7969499,52.3579672],[4.7968842,52.3579822],[4.7967946,52.3579949],[4.796731,52.3580171],[4.7966555,52.3580342],[4.7962863,52.3581721],[4.7960705,52.3583508],[4.7960432,52.3585304],[4.7962151,52.3587111],[4.796352,52.3587775],[4.7966444,52.3588683],[4.7969373,52.3589071],[4.7972726,52.358896],[4.7975254,52.3588538],[4.79782,52.3587714],[4.7981152,52.358656],[4.7983513,52.3585418]],[[4.7978386,52.3540455],[4.7981784,52.353871],[4.798251,52.3536881],[4.7979877,52.3535069],[4.7978901,52.3534814],[4.7975971,52.3534417],[4.7973038,52.3534282],[4.7967164,52.3534424],[4.796383,52.3534991],[4.7961267,52.3536294],[4.7960701,52.3536772],[4.7960728,52.353857],[4.796123,52.3539073],[4.7962972,52.3540378],[4.7964142,52.3540909],[4.7967067,52.3541709],[4.797,52.3541935],[4.7972938,52.354172],[4.7975882,52.3541148],[4.7978386,52.3540455]]]]},"properties":{"SELECTIE":5013,"LABEL":"5013-5848"}},{"id":1192,"type":"Feature","geometry":{"type":"MultiPolygon","coordinates":[[[[4.7936278,52.3753746],[4.7940763,52.3753115],[4.7943701,52.375301],[4.7946637,52.3753093],[4.794957,52.3753366],[4.7958364,52.3754685],[4.7970077,52.3757321],[4.7974025,52.3757878],[4.7979507,52.377683],[4.7978032,52.3800528],[4.7967769,52.380039],[4.7967293,52.3797447],[4.7966706,52.3795646],[4.7965732,52.3793845],[4.7964105,52.3792039],[4.7960846,52.3790206],[4.7957902,52.3789455],[4.7954968,52.3789144],[4.795203,52.3789256],[4.7948426,52.3790163],[4.7945462,52.3791947],[4.7936278,52.3753746]],[[4.7969728,52.3783564],[4.7971091,52.3783086],[4.7972686,52.3782043],[4.7973419,52.37813],[4.7974335,52.3779506],[4.7974608,52.3777711],[4.797432,52.3775912],[4.7973498,52.377411],[4.7971974,52.3772305],[4.7969898,52.3770853],[4.7966975,52.3769754],[4.7964044,52.3769275],[4.796111,52.3769161],[4.7958168,52.376934],[4.7955226,52.3769821],[4.7952279,52.3770596],[4.7948218,52.3772187],[4.794533,52.377397],[4.7943641,52.3775759],[4.7943064,52.3777554],[4.7943892,52.3779355],[4.7946683,52.3781167],[4.7949189,52.3781989],[4.7953364,52.3782997],[4.7960913,52.3783929],[4.7963847,52.3784083],[4.7966786,52.3784021],[4.7969728,52.3783564]]]]},"properties":{"SELECTIE":5013,"LABEL":"5013-5848"}},{"id":1193,"type":"Feature","geometry":{"type":"Polygon","coordinates":[[[4.8003321,52.3519893],[4.7942888,52.3507496],[4.7946428,52.3500674],[4.7958801,52.3500989],[4.7964674,52.3500948],[4.7970549,52.3500483],[4.7973493,52.3499944],[4.797644,52.3499038],[4.7979391,52.349787],[4.7982347,52.3496294],[4.7988264,52.3492751],[4.799084,52.3491457],[4.7992783,52.3492295],[4.8005741,52.3495168],[4.8012175,52.349645],[4.8012923,52.3497486],[4.8013752,52.3499287],[4.8014028,52.3501085],[4.8013847,52.3502883],[4.8012908,52.3504675],[4.8008603,52.3508572],[4.8005764,52.351183],[4.8004841,52.3513623],[4.8004234,52.3515418],[4.8003321,52.3519893]]]},"properties":{"SELECTIE":5013,"LABEL":"5013-5848"}},{"id":1194,"type":"Feature","geometry":{"type":"Polygon","coordinates":[[[4.794803,52.3815737],[4.7945108,52.3815674],[4.7945453,52.3804225],[4.7949028,52.3808141],[4.7949861,52.3809942],[4.7949937,52.381174],[4.7949371,52.3813536],[4.794803,52.3815737]]]},"properties":{"SELECTIE":5013,"LABEL":"5013-5848"}},{"id":1195,"type":"Feature","geometry":{"type":"Polygon","coordinates":[[[4.7955823,52.344657],[4.7959523,52.3446717],[4.7960511,52.3446894],[4.7962447,52.3447612],[4.7964218,52.344871],[4.7965098,52.3450512],[4.7963127,52.34523],[4.7959589,52.3453345],[4.7955887,52.3446991],[4.7955823,52.344657]]]},"properties":{"SELECTIE":5013,"LABEL":"5013-5848"}},{"id":1196,"type":"Feature","geometry":{"type":"Polygon","coordinates":[[[4.8064637,52.3610159],[4.8054058,52.362977],[4.8035179,52.3626049],[4.8019887,52.3654883],[4.8017572,52.3656393],[4.8014898,52.3656262],[4.7955407,52.3643913],[4.7981288,52.3595469],[4.7982263,52.3593952],[4.7984945,52.3593614],[4.7990808,52.3594832],[4.7989846,52.3595045],[4.7987518,52.3596224],[4.7986886,52.3596862],[4.7986053,52.3598014],[4.7986242,52.3599813],[4.7986841,52.3600318],[4.7989761,52.3601553],[4.7992692,52.3601805],[4.7995633,52.3601499],[4.7998611,52.3599958],[4.7998772,52.3599875],[4.7999175,52.359808],[4.7998193,52.3596365],[4.8064637,52.3610159]]]},"properties":{"SELECTIE":5013,"LABEL":"5013-5848"}},{"id":1197,"type":"Feature","geometry":{"type":"Polygon","coordinates":[[[4.7967972,52.3802635],[4.7978107,52.380279],[4.7977897,52.3812713],[4.7972876,52.3810057],[4.7970532,52.3808249],[4.7969033,52.3806443],[4.7968277,52.3804642],[4.7967972,52.3802635]]]},"properties":{"SELECTIE":5013,"LABEL":"5013-5848"}},{"id":1198,"type":"Feature","geometry":{"type":"Polygon","coordinates":[[[4.7976623,52.3757994],[4.797888,52.3757899],[4.7981824,52.3757388],[4.7984777,52.3756354],[4.7985681,52.3755831],[4.8034532,52.3751035],[4.8038695,52.3752862],[4.804061,52.3754108],[4.8050836,52.3761909],[4.8055156,52.3764711],[4.8062887,52.3769158],[4.806483,52.3770435],[4.8065685,52.3774564],[4.8065417,52.3778083],[4.8053552,52.3781695],[4.8048363,52.3783467],[4.8046085,52.3784504],[4.8043703,52.3785242],[4.8041321,52.3787027],[4.8043099,52.3788239],[4.8043564,52.3788836],[4.8060582,52.3798999],[4.8064606,52.3801983],[4.8034784,52.3801487],[4.8033201,52.379957],[4.8031221,52.3798031],[4.8028303,52.3796615],[4.8025377,52.3795682],[4.8022447,52.3795191],[4.8016573,52.3795127],[4.8013645,52.3794388],[4.8008195,52.379046],[4.8007825,52.3790293],[4.8004892,52.3789887],[4.8001943,52.3790794],[4.799813,52.3794005],[4.7995558,52.379579],[4.7989554,52.3799356],[4.7987973,52.3800699],[4.7980381,52.3800571],[4.7981336,52.377732],[4.7980735,52.3773881],[4.7976623,52.3757994]]]},"properties":{"SELECTIE":5013,"LABEL":"5013-5848"}},{"id":1199,"type":"Feature","geometry":{"type":"Polygon","coordinates":[[[4.7979552,52.3813558],[4.7980113,52.3802735],[4.7986275,52.3802837],[4.7985636,52.3804728],[4.7986052,52.3806527],[4.7987218,52.3808331],[4.7989128,52.3810138],[4.7991663,52.3811948],[4.7997864,52.3815574],[4.800447,52.3819208],[4.8007424,52.3820629],[4.8010345,52.3821859],[4.8013283,52.3822834],[4.8016201,52.3823249],[4.801914,52.3823273],[4.8022081,52.3823006],[4.8025029,52.3822189],[4.8027986,52.3820665],[4.8030962,52.3817807],[4.8035501,52.3812165],[4.8036304,52.3810371],[4.8036579,52.3808574],[4.803655,52.3806777],[4.8035795,52.3803649],[4.806668,52.3804155],[4.8067418,52.3805131],[4.8068144,52.3806932],[4.8068439,52.380873],[4.80679,52.3810526],[4.806521,52.381231],[4.8063336,52.3813027],[4.8059962,52.3814082],[4.8051548,52.3816023],[4.8048597,52.3816942],[4.8045644,52.3818252],[4.8042679,52.3820205],[4.8037399,52.3824757],[4.803275,52.3827539],[4.8032827,52.3823731],[4.7998227,52.3823257],[4.7989826,52.3818627],[4.7979552,52.3813558]]]},"properties":{"SELECTIE":5013,"LABEL":"5013-5848"}},{"id":1200,"type":"Feature","geometry":{"type":"MultiPolygon","coordinates":[[[[4.8101129,52.354385],[4.8066204,52.360724],[4.79886,52.3591877],[4.8009478,52.3552308],[4.8011097,52.3558592],[4.801196,52.3560394],[4.8013467,52.3562199],[4.8016686,52.3563542],[4.8019619,52.3563769],[4.8022562,52.3563206],[4.8025229,52.3562257],[4.8027666,52.3560472],[4.8029605,52.3558684],[4.8031444,52.3557566],[4.803439,52.3556649],[4.8037329,52.3556504],[4.8040262,52.3556705],[4.8043192,52.3557181],[4.8046118,52.3557918],[4.8049049,52.3558304],[4.8051994,52.355754],[4.8052599,52.3556999],[4.8053365,52.3555206],[4.8053243,52.3553407],[4.8052451,52.3549808],[4.8052391,52.354801],[4.8053387,52.3546218],[4.8056324,52.3544434],[4.8058044,52.3543904],[4.8060984,52.3543489],[4.8063917,52.3543716],[4.8066812,52.3544489],[4.8072677,52.3547327],[4.8075598,52.3548419],[4.8078527,52.3549041],[4.8081459,52.3549189],[4.8084398,52.3548984],[4.8087341,52.3548504],[4.8090285,52.3547825],[4.809618,52.3545998],[4.8099611,52.3544646],[4.8101129,52.354385]],[[4.8057176,52.3589377],[4.80604,52.35882],[4.80615,52.3587601],[4.8063788,52.3585814],[4.8064968,52.3584022],[4.8065381,52.3582227],[4.8065299,52.358043],[4.8064837,52.3578629],[4.8063496,52.357599],[4.8061352,52.357322],[4.8060608,52.3572396],[4.8057699,52.3570148],[4.8056112,52.3569599],[4.8054781,52.3568919],[4.8051843,52.3569007],[4.8048887,52.3570598],[4.8045912,52.357362],[4.8043814,52.3576729],[4.8042296,52.3580316],[4.8041859,52.3582112],[4.8041659,52.3583908],[4.8041786,52.3585706],[4.8042786,52.3588068],[4.8044218,52.3589314],[4.8045697,52.3590076],[4.8048626,52.3590591],[4.8051563,52.3590523],[4.8054503,52.3590096],[4.8057176,52.3589377]]]]},"properties":{"SELECTIE":5013,"LABEL":"5013-5848"}},{"id":1201,"type":"Feature","geometry":{"type":"Polygon","coordinates":[[[4.7988133,52.3754133],[4.7989463,52.3752619],[4.7990332,52.3750826],[4.799078,52.374903],[4.7990973,52.3747234],[4.7990913,52.3741841],[4.7991463,52.3740046],[4.7992574,52.3738254],[4.7993845,52.3736788],[4.7996797,52.3735684],[4.7999725,52.3736365],[4.8003491,52.3740106],[4.8006086,52.3741917],[4.8008447,52.3743043],[4.8014761,52.3745301],[4.8016363,52.3751431],[4.7988133,52.3754133]]]},"properties":{"SELECTIE":5013,"LABEL":"5013-5848"}},{"id":1202,"type":"Feature","geometry":{"type":"Polygon","coordinates":[[[4.7999782,52.3824219],[4.803007,52.382475],[4.8031011,52.3825401],[4.803083,52.3828579],[4.8024907,52.3831487],[4.8021954,52.3832632],[4.8019008,52.3833343],[4.8016068,52.3833462],[4.8013139,52.3832835],[4.801022,52.3831426],[4.7999782,52.3824219]]]},"properties":{"SELECTIE":5013,"LABEL":"5013-5848"}},{"id":1203,"type":"Feature","geometry":{"type":"Polygon","coordinates":[[[4.8031282,52.375002],[4.8021409,52.3751025],[4.802026,52.3747081],[4.8031282,52.375002]]]},"properties":{"SELECTIE":5013,"LABEL":"5013-5848"}},{"id":1204,"type":"Feature","geometry":{"type":"Polygon","coordinates":[[[4.810756,52.3617273],[4.8102224,52.3630707],[4.8099522,52.3632567],[4.8094156,52.3633595],[4.8090481,52.3636853],[4.8081068,52.3655066],[4.8083323,52.365812],[4.8074969,52.3668145],[4.8024631,52.3657716],[4.8022361,52.3655832],[4.8036267,52.3630502],[4.8058767,52.3635177],[4.8071117,52.3611712],[4.8081611,52.3613401],[4.8085624,52.3613421],[4.8094438,52.3611943],[4.8104737,52.3613865],[4.8107396,52.3615166],[4.810756,52.3617273]]]},"properties":{"SELECTIE":5013,"LABEL":"5013-5848"}},{"id":1205,"type":"Feature","geometry":{"type":"Polygon","coordinates":[[[4.806927,52.3841137],[4.8069111,52.3828507],[4.8070842,52.3814135],[4.8071637,52.3812341],[4.8073952,52.3810556],[4.8075123,52.3810203],[4.8081304,52.3806914],[4.808052,52.3822768],[4.8079136,52.3828556],[4.8078654,52.3832149],[4.807856,52.3841254],[4.806927,52.3841137]]]},"properties":{"SELECTIE":5013,"LABEL":"5013-5848"}},{"id":1206,"type":"Feature","geometry":{"type":"MultiPolygon","coordinates":[[[[4.8099802,52.3802366],[4.8096215,52.3801074],[4.8096407,52.3794666],[4.8095671,52.3793078],[4.8089909,52.3771247],[4.8099218,52.3769442],[4.8186983,52.3761013],[4.8188705,52.3761417],[4.8190527,52.3762417],[4.8193474,52.3769777],[4.8188451,52.3773361],[4.8186522,52.3775149],[4.8185777,52.3776944],[4.8186341,52.3778744],[4.8188068,52.3780549],[4.819095,52.3782361],[4.8194317,52.3783881],[4.8170772,52.3787534],[4.8169708,52.3785854],[4.8166528,52.378225],[4.8163633,52.3780093],[4.8160719,52.3778283],[4.8154843,52.3778316],[4.8153519,52.3778586],[4.8151885,52.377995],[4.8151682,52.3780374],[4.8151836,52.3782183],[4.8153256,52.3783977],[4.8156472,52.378579],[4.8160434,52.3787607],[4.8162313,52.3788844],[4.8144308,52.3791637],[4.8142933,52.3790887],[4.8140007,52.3789967],[4.8137075,52.3789486],[4.8134169,52.3789271],[4.8131205,52.3789227],[4.8125325,52.3789558],[4.8122384,52.3789886],[4.811944,52.3790471],[4.8116489,52.3791497],[4.8113531,52.3793023],[4.8107609,52.3796749],[4.8099802,52.3802366]],[[4.816661,52.3776851],[4.8169571,52.3775067],[4.8169617,52.3771473],[4.8166703,52.3769662],[4.8163742,52.3771444],[4.8163696,52.3775039],[4.816661,52.3776851]]]]},"properties":{"SELECTIE":5013,"LABEL":"5013-5848"}},{"id":1207,"type":"Feature","geometry":{"type":"Polygon","coordinates":[[[4.809979,52.3556011],[4.8107573,52.3541787],[4.8105389,52.3541302],[4.8105882,52.3541082],[4.8107827,52.3539293],[4.8109002,52.3537501],[4.8109176,52.3535705],[4.8108787,52.3532108],[4.8109128,52.3530311],[4.8111477,52.3524931],[4.81123,52.352134],[4.8113816,52.3517056],[4.8131867,52.3520713],[4.8127657,52.3526806],[4.8125385,52.3532189],[4.812352,52.3533977],[4.812275,52.3534472],[4.8120105,52.3535758],[4.8115354,52.3537531],[4.8112195,52.3539314],[4.8111823,52.354111],[4.8112468,52.354291],[4.8113977,52.3544716],[4.8116722,52.354663],[4.8119645,52.354765],[4.8122499,52.3548357],[4.8131356,52.3550098],[4.8137205,52.3551828],[4.814167,52.3553838],[4.8148863,52.3558378],[4.8150647,52.3559273],[4.815178,52.3559784],[4.8154704,52.356073],[4.8158813,52.3561623],[4.8156516,52.3565611],[4.8173379,52.3568877],[4.8170711,52.3574039],[4.8143338,52.3568927],[4.8143212,52.3568225],[4.8142871,52.3567746],[4.8141504,52.3566419],[4.8139963,52.3565534],[4.8137036,52.3564873],[4.8134092,52.3565457],[4.8131558,52.3566727],[4.8126186,52.3565724],[4.8127137,52.3564552],[4.812826,52.3562501],[4.8128738,52.3560965],[4.8128448,52.3559166],[4.8127035,52.3557362],[4.8123865,52.3555549],[4.8119556,52.3554453],[4.8116626,52.3553989],[4.8113693,52.3553758],[4.8110758,52.3553766],[4.8107818,52.3553993],[4.8104877,52.3554462],[4.8100953,52.3555438],[4.809979,52.3556011]]]},"properties":{"SELECTIE":5013,"LABEL":"5013-5848"}},{"id":1208,"type":"Feature","geometry":{"type":"Polygon","coordinates":[[[4.8098011,52.3765398],[4.8102185,52.3761992],[4.810515,52.3759837],[4.811107,52.375628],[4.8114028,52.3754748],[4.8116982,52.3753499],[4.8118748,52.3753253],[4.8119925,52.3752874],[4.8120356,52.3753002],[4.8122839,52.3762685],[4.8098011,52.3765398]]]},"properties":{"SELECTIE":5013,"LABEL":"5013-5848"}},{"id":1209,"type":"Feature","geometry":{"type":"Polygon","coordinates":[[[4.8107084,52.3504461],[4.8110419,52.3497712],[4.8110473,52.3494715],[4.8111524,52.3494614],[4.8114458,52.3494764],[4.8117387,52.3495185],[4.8120314,52.3495824],[4.8127563,52.3498046],[4.8131508,52.3499863],[4.813384,52.3501671],[4.8134961,52.3503474],[4.8135271,52.350707],[4.8135081,52.3510668],[4.8130409,52.351025],[4.8116795,52.3507397],[4.8114378,52.3505794],[4.8107084,52.3504461]]]},"properties":{"SELECTIE":5013,"LABEL":"5013-5848"}},{"id":1210,"type":"Feature","geometry":{"type":"Polygon","coordinates":[[[4.8113547,52.3832977],[4.811874,52.3833128],[4.8117757,52.3835708],[4.8114736,52.3840603],[4.8113244,52.3841693],[4.8110133,52.3841654],[4.8112901,52.383591],[4.8113547,52.3832977]]]},"properties":{"SELECTIE":5013,"LABEL":"5013-5848"}},{"id":1211,"type":"Feature","geometry":{"type":"Polygon","coordinates":[[[4.8127536,52.3841878],[4.8125486,52.3841847],[4.8123013,52.3841043],[4.812217,52.3839387],[4.8122864,52.3820589],[4.8124913,52.3821541],[4.8127836,52.3822575],[4.8130766,52.3823186],[4.8136629,52.3824102],[4.8139559,52.3824805],[4.8140792,52.382526],[4.8142479,52.3826069],[4.8143944,52.3827073],[4.8145956,52.3828879],[4.8148286,52.3831375],[4.8151204,52.3832913],[4.8154141,52.383294],[4.8157088,52.3832194],[4.8160041,52.3831009],[4.8166892,52.3827184],[4.8169798,52.3825399],[4.8172189,52.3823614],[4.8174112,52.3821825],[4.8176756,52.3818243],[4.8175389,52.3816439],[4.8171988,52.3815606],[4.8169065,52.3814557],[4.8166142,52.3813359],[4.8163226,52.3811671],[4.816032,52.3809264],[4.8157422,52.3806115],[4.8149919,52.379681],[4.8156424,52.3795221],[4.8165077,52.3793502],[4.8165106,52.3794819],[4.8164538,52.3798411],[4.8164544,52.3800209],[4.8165082,52.3802009],[4.8166267,52.3803623],[4.816919,52.3804751],[4.8172132,52.3804433],[4.8173252,52.3803846],[4.8174849,52.3802056],[4.817515,52.380026],[4.8174727,52.3798661],[4.8175049,52.3799274],[4.8194787,52.3796143],[4.8192906,52.3790835],[4.8202013,52.378956],[4.8204188,52.3794695],[4.8201631,52.3794501],[4.8199751,52.3794986],[4.8198745,52.3796778],[4.8198981,52.3798576],[4.8199691,52.3800378],[4.8200911,52.3802181],[4.8201526,52.3802797],[4.8204446,52.3804182],[4.8207386,52.3803955],[4.8207946,52.3803572],[4.8211486,52.3811936],[4.8210391,52.3813252],[4.8197087,52.381517],[4.8191558,52.3816927],[4.8187417,52.381988],[4.8185653,52.3822779],[4.8184787,52.383143],[4.8182178,52.3832871],[4.8181723,52.3834653],[4.8185141,52.3837443],[4.818403,52.3840016],[4.817967,52.3840074],[4.8180275,52.3838032],[4.8178649,52.3836228],[4.8177604,52.383592],[4.8176145,52.3836216],[4.8174655,52.3836741],[4.8173224,52.3837999],[4.8172229,52.3839792],[4.817234,52.3841202],[4.8172135,52.3841477],[4.8157229,52.3841934],[4.8154543,52.3840865],[4.8150007,52.3840909],[4.814622,52.384155],[4.8144701,52.3842138],[4.813276,52.3841957],[4.8130548,52.3840134],[4.8127605,52.3840445],[4.8127536,52.3841878]]]},"properties":{"SELECTIE":5013,"LABEL":"5013-5848"}},{"id":1212,"type":"Feature","geometry":{"type":"Polygon","coordinates":[[[4.8143176,52.3761089],[4.8125928,52.3762813],[4.8123375,52.3753749],[4.8130161,52.3756903],[4.8135014,52.3758724],[4.8140388,52.3760403],[4.8143176,52.3761089]]]},"properties":{"SELECTIE":5013,"LABEL":"5013-5848"}},{"id":1213,"type":"Feature","geometry":{"type":"Polygon","coordinates":[[[4.816315,52.3759091],[4.8169809,52.3757099],[4.8175689,52.3755999],[4.8178631,52.3755723],[4.8181568,52.3755639],[4.8183593,52.3755821],[4.8182868,52.3757118],[4.816315,52.3759091]]]},"properties":{"SELECTIE":5013,"LABEL":"5013-5848"}},{"id":1214,"type":"Feature","geometry":{"type":"Polygon","coordinates":[[[4.8199789,52.3840955],[4.8195127,52.3840569],[4.8189907,52.3840376],[4.818994,52.3837853],[4.8193547,52.3835097],[4.8193441,52.3832658],[4.8190579,52.3830879],[4.8190384,52.3824574],[4.8192634,52.3820633],[4.8196092,52.3818631],[4.8211584,52.3815906],[4.8211164,52.381661],[4.8210709,52.3818405],[4.821059,52.3823798],[4.8209987,52.3827389],[4.8208987,52.3829182],[4.8207421,52.3830973],[4.8203099,52.3834547],[4.8201382,52.3836336],[4.8200289,52.3838129],[4.8199782,52.3839924],[4.8199789,52.3840955]]]},"properties":{"SELECTIE":5013,"LABEL":"5013-5848"}},{"id":1215,"type":"Feature","geometry":{"type":"Polygon","coordinates":[[[4.8196323,52.3766847],[4.8194075,52.3761627],[4.8195103,52.3760613],[4.8196178,52.3761571],[4.819698,52.3762617],[4.8197361,52.3764416],[4.8196779,52.376621],[4.8196323,52.3766847]]]},"properties":{"SELECTIE":5013,"LABEL":"5013-5848"}},{"id":1216,"type":"Feature","geometry":{"type":"Polygon","coordinates":[[[4.820959,52.3797497],[4.8209286,52.3796671],[4.8239562,52.3792275],[4.8237274,52.3788566],[4.8237673,52.378673],[4.8239926,52.3785957],[4.8244069,52.3784122],[4.8257133,52.3782271],[4.8259243,52.3787266],[4.8257505,52.3789891],[4.8254525,52.3792798],[4.8251559,52.3795094],[4.82486,52.3796844],[4.8243802,52.379879],[4.8236797,52.3801026],[4.8233844,52.3802198],[4.8230893,52.3804154],[4.822903,52.380591],[4.8226383,52.3807695],[4.8219053,52.3810426],[4.8216347,52.3811717],[4.8214331,52.3810397],[4.821073,52.3800601],[4.8210588,52.3798632],[4.820959,52.3797497]]]},"properties":{"SELECTIE":5013,"LABEL":"5013-5848"}},{"id":1217,"type":"Feature","geometry":{"type":"Polygon","coordinates":[[[4.8271806,52.3652571],[4.8273917,52.3653316],[4.8276546,52.3655143],[4.8277623,52.3656945],[4.8277366,52.3658741],[4.8275557,52.3660531],[4.8274856,52.3660974],[4.8272391,52.3657526],[4.8271806,52.3652571]]]},"properties":{"SELECTIE":5013,"LABEL":"5013-5848"}},{"id":1218,"type":"Feature","geometry":{"type":"Polygon","coordinates":[[[4.8281722,52.3843571],[4.8283294,52.3840846],[4.8286279,52.3837031],[4.8289248,52.3834623],[4.8292199,52.3833534],[4.8295132,52.3833997],[4.8298008,52.3836805],[4.8299439,52.3840396],[4.8300256,52.3843811],[4.8281722,52.3843571]]]},"properties":{"SELECTIE":5013,"LABEL":"5013-5848"}},{"id":1219,"type":"Feature","geometry":{"type":"Polygon","coordinates":[[[4.8814259,52.4184654],[4.8810288,52.4189181],[4.8802303,52.4196334],[4.8793057,52.4189726],[4.8782423,52.4189186],[4.8780102,52.4188308],[4.8753395,52.4166944],[4.8753009,52.4165208],[4.8761729,52.4161099],[4.8762855,52.4162437],[4.8767215,52.4165097],[4.8773944,52.4169675],[4.8777071,52.4171486],[4.8780861,52.4173299],[4.8785897,52.4175119],[4.8796468,52.4177681],[4.8800201,52.4178775],[4.8805164,52.4180605],[4.8814259,52.4184654]]]},"properties":{"SELECTIE":5013,"LABEL":"5013-5848"}},{"id":1220,"type":"Feature","geometry":{"type":"Polygon","coordinates":[[[4.8818636,52.4203108],[4.8803403,52.4199184],[4.8803191,52.4198852],[4.8803751,52.4197265],[4.8816231,52.4185546],[4.882101,52.4187851],[4.8823744,52.418966],[4.8824936,52.4191462],[4.8824759,52.4193259],[4.8823912,52.4195053],[4.8818636,52.4203108]]]},"properties":{"SELECTIE":5013,"LABEL":"5013-5848"}},{"id":1221,"type":"Feature","geometry":{"type":"Polygon","coordinates":[[[4.8838105,52.4191519],[4.8840002,52.4189729],[4.8846345,52.4186522],[4.8852933,52.4182586],[4.8847935,52.4190297],[4.8842831,52.4197443],[4.8840372,52.4194778],[4.8838687,52.4193318],[4.8838105,52.4191519]]]},"properties":{"SELECTIE":5013,"LABEL":"5013-5848"}},{"id":1222,"type":"Feature","geometry":{"type":"Polygon","coordinates":[[[4.8843043,52.4237414],[4.8844905,52.4236485],[4.8845787,52.4235761],[4.8846516,52.4234694],[4.8847223,52.4229304],[4.8848527,52.4227513],[4.8850466,52.4225723],[4.8854759,52.4222484],[4.8857716,52.4220885],[4.8860667,52.421997],[4.887071,52.4218619],[4.8872449,52.4218055],[4.8874628,52.4216837],[4.8875115,52.4216245],[4.88836,52.4217094],[4.8890782,52.4216987],[4.8891365,52.4222301],[4.8891362,52.4224098],[4.8891035,52.4225894],[4.8889978,52.4228039],[4.8887024,52.4229292],[4.8884085,52.4229112],[4.888115,52.4228663],[4.8878211,52.4228474],[4.8875267,52.4228869],[4.8873813,52.4229417],[4.8872309,52.4230603],[4.8871843,52.4231206],[4.887146,52.4233002],[4.8872411,52.4240196],[4.8872089,52.4244326],[4.8843043,52.4237414]]]},"properties":{"SELECTIE":5013,"LABEL":"5013-5848"}},{"id":1223,"type":"Feature","geometry":{"type":"Polygon","coordinates":[[[4.8862272,52.4210407],[4.8854762,52.4209474],[4.8856679,52.4202922],[4.8857733,52.419597],[4.8857578,52.4190536],[4.885892,52.4186765],[4.8866623,52.4176395],[4.8869995,52.4175282],[4.8875648,52.4175425],[4.8868373,52.4180861],[4.8861999,52.4186227],[4.886011,52.4188017],[4.8858901,52.4189809],[4.8858575,52.4191605],[4.8859311,52.4193405],[4.8860945,52.4195373],[4.8863856,52.4197895],[4.8865386,52.4198824],[4.8866771,52.4200111],[4.8867815,52.4200632],[4.8869475,52.4202436],[4.8869672,52.4203505],[4.8870209,52.4204237],[4.8869658,52.4204667],[4.8869084,52.4206029],[4.886654,52.4207816],[4.8862272,52.4210407]]]},"properties":{"SELECTIE":5013,"LABEL":"5013-5848"}},{"id":1224,"type":"Feature","geometry":{"type":"Polygon","coordinates":[[[4.8875988,52.4212114],[4.8875495,52.4208648],[4.8874507,52.4206052],[4.887441,52.4204254],[4.8876954,52.420067],[4.8878533,52.4199773],[4.8881487,52.4198709],[4.8884429,52.4198422],[4.8890817,52.4198269],[4.8893968,52.4202019],[4.8895227,52.4205035],[4.889385,52.4206133],[4.8892247,52.4207924],[4.8891222,52.4209717],[4.8891103,52.4210283],[4.8890717,52.4211716],[4.8890042,52.4213862],[4.8875988,52.4212114]]]},"properties":{"SELECTIE":5013,"LABEL":"5013-5848"}},{"id":1225,"type":"Feature","geometry":{"type":"Polygon","coordinates":[[[4.8922969,52.4186022],[4.8921199,52.4189676],[4.8912015,52.4196859],[4.8903211,52.4196536],[4.8908161,52.4195409],[4.8913884,52.4193503],[4.8916815,52.4191842],[4.8918984,52.4190061],[4.8922969,52.4186022]]]},"properties":{"SELECTIE":5013,"LABEL":"5013-5848"}},{"id":1226,"type":"Feature","geometry":{"type":"Polygon","coordinates":[[[4.892888,52.4244704],[4.8918646,52.4245249],[4.8919192,52.4244861],[4.8921281,52.4243996],[4.8922143,52.4243799],[4.8925082,52.4243948],[4.892888,52.4244704]]]},"properties":{"SELECTIE":5013,"LABEL":"5013-5848"}},{"id":1227,"type":"Feature","geometry":{"type":"Polygon","coordinates":[[[4.8924752,52.4166541],[4.8926439,52.4166773],[4.8935831,52.4167314],[4.8937096,52.4168567],[4.8937828,52.4170367],[4.8937891,52.4172164],[4.8937462,52.4173959],[4.8936622,52.4175754],[4.8935451,52.4177547],[4.8930517,52.4183497],[4.8925849,52.4182732],[4.8928829,52.4179316],[4.8931455,52.4175733],[4.8932216,52.4173938],[4.893246,52.4172142],[4.8931959,52.4170342],[4.8930017,52.4168537],[4.8925941,52.4166835],[4.8924752,52.4166541]]]},"properties":{"SELECTIE":5013,"LABEL":"5013-5848"}},{"id":1228,"type":"Feature","geometry":{"type":"Polygon","coordinates":[[[4.89416,52.4215912],[4.8952994,52.4219004],[4.8951066,52.4221374],[4.8954944,52.4222393],[4.8961611,52.4221259],[4.896765,52.4222818],[4.8967962,52.4226213],[4.8967345,52.4228009],[4.8966409,52.4229115],[4.8965578,52.4229799],[4.8963449,52.4231041],[4.8957548,52.4233372],[4.89552,52.423515],[4.8954826,52.4236945],[4.8954944,52.4238743],[4.895579,52.4241798],[4.8942592,52.424333],[4.8943462,52.424229],[4.894449,52.4240497],[4.8945738,52.4237315],[4.8947552,52.4235118],[4.894835,52.4233323],[4.8948696,52.4231527],[4.8948335,52.4229728],[4.8947267,52.4227925],[4.8945858,52.4226381],[4.8942967,52.4221966],[4.894191,52.4218916],[4.89416,52.4215912]]]},"properties":{"SELECTIE":5013,"LABEL":"5013-5848"}},{"id":1229,"type":"Feature","geometry":{"type":"Polygon","coordinates":[[[4.8942229,52.4212746],[4.8943087,52.4211237],[4.894463,52.4209939],[4.8946051,52.4209187],[4.8949035,52.4208176],[4.8951943,52.4207914],[4.895488,52.420821],[4.8958096,52.4209995],[4.8966095,52.4218956],[4.8942229,52.4212746]]]},"properties":{"SELECTIE":5013,"LABEL":"5013-5848"}},{"id":1230,"type":"Feature","geometry":{"type":"Polygon","coordinates":[[[4.9063064,52.4207062],[4.9054857,52.4211263],[4.9042829,52.4216336],[4.9032804,52.4220931],[4.9023145,52.422099],[4.9023365,52.4222796],[4.9024627,52.4224216],[4.9003319,52.4231302],[4.8990035,52.4234517],[4.8988804,52.422015],[4.8989447,52.4217315],[4.8990864,52.4215523],[4.8993208,52.4213735],[4.8995996,52.4212325],[4.8998947,52.4211177],[4.9002716,52.421018],[4.9003887,52.420994],[4.9004844,52.4209701],[4.9006122,52.4209486],[4.9007791,52.4209146],[4.9011054,52.4208653],[4.9013681,52.4208209],[4.9015241,52.4208021],[4.9016626,52.4207811],[4.9034288,52.4205719],[4.9049015,52.4203249],[4.9050492,52.4203184],[4.9051956,52.4203149],[4.9054892,52.4203519],[4.9057824,52.4204355],[4.9059577,52.4205018],[4.9063064,52.4207062]]]},"properties":{"SELECTIE":5013,"LABEL":"5013-5848"}},{"id":1231,"type":"Feature","geometry":{"type":"Polygon","coordinates":[[[4.9073626,52.4125482],[4.9076349,52.4124225],[4.9079278,52.4123219],[4.9082228,52.4122282],[4.9089602,52.4120295],[4.9086537,52.4122682],[4.9084598,52.4124871],[4.9085045,52.4126635],[4.9081668,52.4127815],[4.907921,52.4129464],[4.9079007,52.41314],[4.9081298,52.4133206],[4.9082107,52.4133518],[4.9085039,52.4134249],[4.9087029,52.4134447],[4.908794,52.4138062],[4.9081192,52.41368],[4.9076021,52.4134983],[4.9074192,52.413396],[4.9073626,52.4125482]]]},"properties":{"SELECTIE":5013,"LABEL":"5013-5848"}},{"id":1232,"type":"Feature","geometry":{"type":"Polygon","coordinates":[[[4.9138138,52.4104141],[4.9144162,52.4102979],[4.9150044,52.4102658],[4.9156132,52.4102948],[4.916969,52.4104799],[4.9173528,52.4105568],[4.9176463,52.4105979],[4.9179402,52.4105912],[4.9182351,52.4105038],[4.918531,52.410317],[4.9188276,52.4100637],[4.9189338,52.4099484],[4.9192401,52.4095901],[4.92002,52.4084785],[4.9203176,52.4081397],[4.9206143,52.4078681],[4.9209107,52.4076286],[4.9212069,52.4074207],[4.9215026,52.4072456],[4.9217979,52.4071147],[4.9220926,52.407046],[4.9223864,52.4070494],[4.9226795,52.407123],[4.9229726,52.4072667],[4.9232128,52.4074488],[4.9236018,52.4078097],[4.9240843,52.4081711],[4.9242773,52.4083516],[4.9244282,52.4085448],[4.9246239,52.4088922],[4.9247602,52.4090725],[4.9249441,52.409253],[4.9251975,52.4094337],[4.9255921,52.4096703],[4.9264703,52.4101554],[4.9270059,52.4105192],[4.9273443,52.4107825],[4.927496,52.4108806],[4.9278458,52.4110617],[4.9281059,52.411227],[4.9261725,52.4122825],[4.9252682,52.412731],[4.9246804,52.4125476],[4.9238007,52.4123393],[4.9226283,52.412027],[4.9217484,52.4118375],[4.9211615,52.4117485],[4.9208677,52.411727],[4.9205737,52.41173],[4.9202792,52.4117875],[4.9200651,52.4119302],[4.9199725,52.4121095],[4.9199378,52.4122891],[4.9199409,52.4124689],[4.9199811,52.4126488],[4.9201092,52.4130088],[4.920205,52.4131889],[4.9204605,52.4135495],[4.920649,52.41373],[4.9211375,52.4140413],[4.9217912,52.4143978],[4.9210052,52.4147666],[4.9199716,52.4151851],[4.9196609,52.4148009],[4.9193676,52.4146151],[4.9190743,52.4145565],[4.918895,52.4145982],[4.9138138,52.4104141]]]},"properties":{"SELECTIE":5013,"LABEL":"5013-5848"}},{"id":1233,"type":"Feature","geometry":{"type":"Polygon","coordinates":[[[4.9354728,52.4009857],[4.9333849,52.4018157],[4.927868,52.3975452],[4.9296606,52.396742],[4.9297178,52.3968687],[4.929817,52.3974083],[4.92987,52.3975883],[4.9299769,52.3977684],[4.9301819,52.397949],[4.9304143,52.3980639],[4.9306124,52.3981304],[4.9310005,52.3982136],[4.9315875,52.3982862],[4.9318812,52.3982876],[4.932032,52.3982683],[4.9354728,52.4009857]]]},"properties":{"SELECTIE":5013,"LABEL":"5013-5848"}},{"id":1234,"type":"Feature","geometry":{"type":"Polygon","coordinates":[[[4.9301822,52.4017232],[4.9301928,52.4014784],[4.9308992,52.4012229],[4.9313299,52.401587],[4.9301822,52.4017232]]]},"properties":{"SELECTIE":5013,"LABEL":"5013-5848"}},{"id":1235,"type":"Feature","geometry":{"type":"Polygon","coordinates":[[[4.9323358,52.3981871],[4.9324647,52.3981365],[4.932667,52.3979585],[4.9331992,52.3972415],[4.9333899,52.3970625],[4.933659,52.3968481],[4.934157,52.3965261],[4.934546,52.3963252],[4.934841,52.3962025],[4.9351359,52.396102],[4.9354305,52.396025],[4.9357249,52.3959616],[4.9369024,52.3957631],[4.9377306,52.395641],[4.9380792,52.3956121],[4.9386669,52.3956082],[4.939254,52.3956558],[4.9402021,52.3958301],[4.9407172,52.3960125],[4.9408666,52.3961922],[4.9408584,52.3962949],[4.9337898,52.3991103],[4.9335374,52.3991212],[4.9323358,52.3981871]]]},"properties":{"SELECTIE":5013,"LABEL":"5013-5848"}},{"id":1236,"type":"Feature","geometry":{"type":"Polygon","coordinates":[[[4.9394252,52.3994787],[4.9358608,52.4008787],[4.9338462,52.399264],[4.9408024,52.3964964],[4.9406876,52.3967306],[4.9404471,52.3970893],[4.9396487,52.397985],[4.9394541,52.3983438],[4.9394008,52.3985233],[4.939311,52.3990622],[4.9393166,52.399242],[4.9393736,52.3994219],[4.9394252,52.3994787]]]},"properties":{"SELECTIE":5013,"LABEL":"5013-5848"}},{"id":1237,"type":"Feature","geometry":{"type":"Polygon","coordinates":[[[4.935286,52.4023128],[4.9346105,52.401781],[4.939643,52.399627],[4.9398014,52.3996726],[4.9400951,52.3996925],[4.9403889,52.3996832],[4.9416019,52.3995586],[4.9428818,52.399939],[4.9435598,52.3998527],[4.9451438,52.3994051],[4.9457327,52.3992169],[4.9458853,52.3994463],[4.9460759,52.3999863],[4.9461623,52.4001663],[4.9462922,52.4003466],[4.9465069,52.4005272],[4.9468441,52.4006749],[4.9471374,52.4007355],[4.947431,52.4007594],[4.9477249,52.4007578],[4.948019,52.4007353],[4.9483133,52.4006917],[4.9486078,52.4006204],[4.9488253,52.4005358],[4.9490135,52.4003924],[4.9503439,52.4016723],[4.9464947,52.4031588],[4.9464561,52.4030435],[4.9463329,52.4028633],[4.9462357,52.4027623],[4.9461772,52.4027204],[4.9461365,52.4026828],[4.9459438,52.4025524],[4.9456514,52.4024139],[4.9453586,52.4023065],[4.945065,52.4022675],[4.9449797,52.402319],[4.9449401,52.4024986],[4.9449868,52.4026785],[4.9450885,52.4028586],[4.9452336,52.4030389],[4.9454245,52.4032195],[4.945642,52.4033526],[4.9458241,52.4034176],[4.9427662,52.4045984],[4.9426661,52.4044674],[4.9424473,52.4042867],[4.942108,52.4040993],[4.9418149,52.4040125],[4.9415212,52.4040024],[4.9412263,52.4040915],[4.9409792,52.4042813],[4.9409491,52.4043194],[4.9409299,52.404335],[4.9409035,52.4043772],[4.9408378,52.4044605],[4.9407925,52.4045536],[4.9407382,52.40464],[4.9406996,52.4047445],[4.9406633,52.4048193],[4.9406431,52.404898],[4.9406301,52.4049333],[4.9404952,52.405475],[4.9396961,52.4057835],[4.9365561,52.4033125],[4.9368268,52.403219],[4.936882,52.4031949],[4.9369029,52.4031874],[4.936948,52.4031662],[4.937122,52.4030905],[4.9371806,52.4030571],[4.9372829,52.4030091],[4.9374186,52.4029214],[4.9375779,52.4028304],[4.9378356,52.4026517],[4.9380266,52.4024727],[4.9380786,52.4022931],[4.9380123,52.4022275],[4.937745,52.4021121],[4.9377267,52.4021108],[4.937426,52.4020903],[4.937132,52.4020959],[4.936838,52.4021162],[4.9359553,52.4022173],[4.9358246,52.4022335],[4.935661,52.4022525],[4.9356204,52.402259],[4.9354279,52.402283],[4.935286,52.4023128]]]},"properties":{"SELECTIE":5013,"LABEL":"5013-5848"}},{"id":1238,"type":"Feature","geometry":{"type":"Polygon","coordinates":[[[4.942278,52.3995007],[4.9433297,52.3994699],[4.9436239,52.3994313],[4.9439186,52.3993507],[4.9445085,52.3991425],[4.944803,52.3990667],[4.9450972,52.3990261],[4.9452762,52.3990345],[4.9453563,52.3991101],[4.9434645,52.3996947],[4.9429166,52.3997025],[4.942278,52.3995007]]]},"properties":{"SELECTIE":5013,"LABEL":"5013-5848"}},{"id":1239,"type":"Feature","geometry":{"type":"Polygon","coordinates":[[[4.9447175,52.395971],[4.9447809,52.3958472],[4.9448354,52.3958225],[4.9451293,52.3958092],[4.9454228,52.3958411],[4.9460457,52.3959548],[4.9465439,52.3965767],[4.9457833,52.3967793],[4.9452207,52.396691],[4.9450716,52.396412],[4.9447175,52.395971]]]},"properties":{"SELECTIE":5013,"LABEL":"5013-5848"}},{"id":1240,"type":"Feature","geometry":{"type":"Polygon","coordinates":[[[4.9518929,52.3971941],[4.9492286,52.3980054],[4.9485828,52.3971668],[4.9504045,52.3972243],[4.9518929,52.3971941]]]},"properties":{"SELECTIE":5013,"LABEL":"5013-5848"}},{"id":1241,"type":"Feature","geometry":{"type":"Polygon","coordinates":[[[4.9535024,52.400361],[4.9517803,52.4010995],[4.9493379,52.3980975],[4.9515794,52.3974916],[4.9532829,52.3996443],[4.953353,52.4000132],[4.9535024,52.400361]]]},"properties":{"SELECTIE":5013,"LABEL":"5013-5848"}},{"id":1242,"type":"Feature","geometry":{"type":"Polygon","coordinates":[[[4.9532442,52.3993678],[4.951792,52.3974881],[4.9518024,52.3973672],[4.9523305,52.3972069],[4.9527549,52.3972642],[4.9529335,52.3973153],[4.9530474,52.3973813],[4.9531836,52.397496],[4.9532265,52.3976759],[4.953098,52.3982147],[4.9530877,52.3985741],[4.9532442,52.3993678]]]},"properties":{"SELECTIE":5013,"LABEL":"5013-5848"}},{"id":1243,"type":"Feature","geometry":{"type":"Polygon","coordinates":[[[4.9630098,52.3908807],[4.9630215,52.390701],[4.963054,52.3905214],[4.9631618,52.3901884],[4.9640616,52.3904422],[4.964294,52.390586],[4.9643196,52.390729],[4.9635974,52.3917117],[4.963278,52.391421],[4.9631323,52.3912407],[4.9630386,52.3910605],[4.9630098,52.3908807]]]},"properties":{"SELECTIE":5013,"LABEL":"5013-5848"}},{"id":1244,"type":"Feature","geometry":{"type":"Polygon","coordinates":[[[4.9638861,52.3893534],[4.965389,52.3896822],[4.964675,52.390465],[4.9632345,52.3900501],[4.9632727,52.3899829],[4.9635869,52.3896245],[4.9638861,52.3893534]]]},"properties":{"SELECTIE":5013,"LABEL":"5013-5848"}},{"id":1245,"type":"Feature","geometry":{"type":"MultiPolygon","coordinates":[[[[4.7851767,52.3442944],[4.7894875,52.3425085],[4.7901038,52.3430666],[4.7906847,52.3435183],[4.7907975,52.3435846],[4.7909494,52.3437652],[4.7909892,52.343945],[4.7908604,52.3444837],[4.7908488,52.3446634],[4.7908903,52.3448433],[4.7909952,52.3450236],[4.791142,52.3452041],[4.7915198,52.3455656],[4.791828,52.3458117],[4.792119,52.3459948],[4.7927877,52.3462909],[4.792994,52.3464142],[4.7930642,52.3464721],[4.7931477,52.3466522],[4.7931182,52.3468318],[4.7930289,52.3470111],[4.7926857,52.3475509],[4.7923868,52.3479236],[4.7920902,52.3481494],[4.7917949,52.3482836],[4.7915004,52.3483559],[4.7912065,52.3483819],[4.7903262,52.3483634],[4.7900322,52.348398],[4.7898959,52.3484334],[4.7895722,52.3486116],[4.7894405,52.3487358],[4.7891456,52.3488529],[4.7890654,52.3487887],[4.7890701,52.348609],[4.7892128,52.3480705],[4.7891704,52.3478905],[4.788768,52.3469898],[4.78851,52.3460896],[4.7884403,52.3459095],[4.7883078,52.345671],[4.7881879,52.3455487],[4.7880175,52.345422],[4.787726,52.3452802],[4.7874342,52.3451634],[4.7862657,52.344749],[4.7851767,52.3442944]],[[4.7903491,52.3466591],[4.7906439,52.3465599],[4.7907379,52.3464604],[4.7907134,52.3462805],[4.7905046,52.3460996],[4.7903575,52.3460268],[4.7900646,52.3459934],[4.7898773,52.3460965],[4.7897958,52.3462759],[4.7898711,52.346456],[4.7900562,52.3466089],[4.7903491,52.3466591]]]]},"properties":{"SELECTIE":4177,"LABEL":"4177-5013"}},{"id":1246,"type":"Feature","geometry":{"type":"Polygon","coordinates":[[[4.772785,52.3533058],[4.771442,52.3538498],[4.7683853,52.351248],[4.7739463,52.3489456],[4.7739821,52.3494307],[4.7739238,52.3499698],[4.7738514,52.3501492],[4.7737022,52.3503281],[4.7733296,52.3506857],[4.7732008,52.3508648],[4.7731191,52.3510441],[4.773006,52.351403],[4.7730035,52.3515828],[4.7731268,52.3521226],[4.7731514,52.3524823],[4.7731218,52.3526619],[4.7730511,52.3528414],[4.772785,52.3533058]]]},"properties":{"SELECTIE":4177,"LABEL":"4177-5013"}},{"id":1247,"type":"Feature","geometry":{"type":"Polygon","coordinates":[[[4.7723464,52.35417],[4.7721444,52.3541301],[4.7722474,52.3538281],[4.7725583,52.3537027],[4.7723464,52.35417]]]},"properties":{"SELECTIE":4177,"LABEL":"4177-5013"}},{"id":1248,"type":"Feature","geometry":{"type":"Polygon","coordinates":[[[4.7826087,52.3586361],[4.7831383,52.358465],[4.7834387,52.3584094],[4.7837326,52.3583852],[4.7840259,52.3584005],[4.7843191,52.3584381],[4.7846118,52.3585003],[4.7850226,52.3586547],[4.7852937,52.3588359],[4.7854334,52.3590164],[4.7854576,52.3591019],[4.7830578,52.3586141],[4.7826087,52.3586361]]]},"properties":{"SELECTIE":4177,"LABEL":"4177-5013"}},{"id":1249,"type":"Feature","geometry":{"type":"Polygon","coordinates":[[[4.8078654,52.3832149],[4.8079136,52.3828556],[4.808052,52.3822768],[4.808028,52.3827646],[4.8110825,52.3832897],[4.8113547,52.3832977],[4.8112901,52.383591],[4.8110133,52.3841654],[4.807856,52.3841254],[4.8078654,52.3832149]]]},"properties":{"SELECTIE":4177,"LABEL":"4177-5013"}},{"id":1250,"type":"Feature","geometry":{"type":"Polygon","coordinates":[[[4.8126186,52.3565724],[4.8097418,52.3560348],[4.809979,52.3556011],[4.8100953,52.3555438],[4.8104877,52.3554462],[4.8107818,52.3553993],[4.8110758,52.3553766],[4.8113693,52.3553758],[4.8116626,52.3553989],[4.8119556,52.3554453],[4.8123865,52.3555549],[4.8127035,52.3557362],[4.8128448,52.3559166],[4.8128738,52.3560965],[4.812826,52.3562501],[4.8127137,52.3564552],[4.8126186,52.3565724]]]},"properties":{"SELECTIE":4177,"LABEL":"4177-5013"}},{"id":1251,"type":"Feature","geometry":{"type":"Polygon","coordinates":[[[4.8131558,52.3566727],[4.8134092,52.3565457],[4.8137036,52.3564873],[4.8139963,52.3565534],[4.8141504,52.3566419],[4.8142871,52.3567746],[4.8143212,52.3568225],[4.8143338,52.3568927],[4.8131558,52.3566727]]]},"properties":{"SELECTIE":4177,"LABEL":"4177-5013"}},{"id":1252,"type":"Feature","geometry":{"type":"Polygon","coordinates":[[[4.8843043,52.4237414],[4.8836379,52.4235827],[4.8841134,52.4217793],[4.8852916,52.422038],[4.885562,52.4214293],[4.8875115,52.4216245],[4.8874628,52.4216837],[4.8872449,52.4218055],[4.887071,52.4218619],[4.8860667,52.421997],[4.8857716,52.4220885],[4.8854759,52.4222484],[4.8850466,52.4225723],[4.8848527,52.4227513],[4.8847223,52.4229304],[4.8846516,52.4234694],[4.8845787,52.4235761],[4.8844905,52.4236485],[4.8843043,52.4237414]]]},"properties":{"SELECTIE":4177,"LABEL":"4177-5013"}},{"id":1253,"type":"Feature","geometry":{"type":"MultiPolygon","coordinates":[[[[4.8862272,52.4210407],[4.886654,52.4207816],[4.8869084,52.4206029],[4.8869658,52.4204667],[4.8870209,52.4204237],[4.8869672,52.4203505],[4.8869475,52.4202436],[4.8867815,52.4200632],[4.8866771,52.4200111],[4.8865386,52.4198824],[4.8863856,52.4197895],[4.8860945,52.4195373],[4.8859311,52.4193405],[4.8858575,52.4191605],[4.8858901,52.4189809],[4.886011,52.4188017],[4.8861999,52.4186227],[4.8868373,52.4180861],[4.8875648,52.4175425],[4.8885812,52.417568],[4.8886074,52.4171508],[4.8887416,52.4167869],[4.8892335,52.4164047],[4.8893989,52.4163525],[4.8899518,52.4163631],[4.8908103,52.4164247],[4.8924752,52.4166541],[4.8925941,52.4166835],[4.8930017,52.4168537],[4.8931959,52.4170342],[4.893246,52.4172142],[4.8932216,52.4173938],[4.8931455,52.4175733],[4.8928829,52.4179316],[4.8925849,52.4182732],[4.8922149,52.4182127],[4.8922969,52.4186022],[4.8918984,52.4190061],[4.8916815,52.4191842],[4.8913884,52.4193503],[4.8908161,52.4195409],[4.8903211,52.4196536],[4.8893707,52.4196187],[4.8890225,52.4197564],[4.8890817,52.4198269],[4.8884429,52.4198422],[4.8881487,52.4198709],[4.8878533,52.4199773],[4.8876954,52.420067],[4.887441,52.4204254],[4.8874507,52.4206052],[4.8875495,52.4208648],[4.8875988,52.4212114],[4.8862272,52.4210407]],[[4.8899301,52.4183166],[4.8900119,52.4182793],[4.8902263,52.4181246],[4.8905243,52.4177521],[4.8907234,52.4175631],[4.890844,52.417384],[4.8905297,52.4172706],[4.8904176,52.4172024],[4.8902369,52.41716],[4.8898389,52.4170201],[4.8896509,52.4169856],[4.8893572,52.4169668],[4.8890626,52.4170168],[4.8888201,52.4171957],[4.8887069,52.417375],[4.888672,52.4175545],[4.8887027,52.4177345],[4.8887594,52.417846],[4.8890502,52.4181282],[4.8893426,52.4182729],[4.8896357,52.4183423],[4.8899301,52.4183166]]]]},"properties":{"SELECTIE":4177,"LABEL":"4177-5013"}},{"id":1254,"type":"Feature","geometry":{"type":"Polygon","coordinates":[[[4.9079007,52.41314],[4.907921,52.4129464],[4.9081668,52.4127815],[4.9085045,52.4126635],[4.9087029,52.4134447],[4.9085039,52.4134249],[4.9082107,52.4133518],[4.9081298,52.4133206],[4.9079007,52.41314]]]},"properties":{"SELECTIE":4177,"LABEL":"4177-5013"}},{"id":1255,"type":"Feature","geometry":{"type":"Polygon","coordinates":[[[4.918895,52.4145982],[4.9190743,52.4145565],[4.9193676,52.4146151],[4.9196609,52.4148009],[4.9199716,52.4151851],[4.9197276,52.4152838],[4.918895,52.4145982]]]},"properties":{"SELECTIE":4177,"LABEL":"4177-5013"}},{"id":1256,"type":"Feature","geometry":{"type":"Polygon","coordinates":[[[4.9872359,52.3080996],[4.9841967,52.3111739],[4.9832883,52.3109984],[4.9819775,52.3108873],[4.9809218,52.3107033],[4.9798807,52.3103961],[4.9785341,52.3098173],[4.9771601,52.3093121],[4.9748267,52.3083688],[4.9743221,52.3079322],[4.9738337,52.3071922],[4.9738778,52.3067822],[4.9744571,52.306374],[4.975173,52.3056463],[4.9753389,52.3055972],[4.9754795,52.3057223],[4.9756379,52.305903],[4.9759304,52.3061271],[4.976222,52.3062956],[4.9765148,52.3063607],[4.9766578,52.3062656],[4.9768103,52.3060974],[4.9769031,52.3057272],[4.9769733,52.3055478],[4.9773277,52.3049384],[4.9775223,52.304867],[4.9781643,52.3049102],[4.9790089,52.3047491],[4.9793761,52.3055624],[4.9800936,52.306131],[4.9808407,52.3063879],[4.98159,52.3064068],[4.9822982,52.3065323],[4.9847812,52.3072216],[4.9872359,52.3080996]]]},"properties":{"SELECTIE":4177,"LABEL":"4177-5013"}},{"id":1257,"type":"Feature","geometry":{"type":"Polygon","coordinates":[[[4.9495852,52.3130557],[4.9505753,52.3119717],[4.9568621,52.3141196],[4.9557856,52.3153275],[4.9556083,52.3152413],[4.9553156,52.315182],[4.9538488,52.3152015],[4.9532629,52.3151236],[4.9529704,52.3150613],[4.9526773,52.3150362],[4.9523847,52.3149651],[4.9523843,52.314987],[4.9518014,52.3146254],[4.951508,52.3146243],[4.9512165,52.3144434],[4.9510377,52.3144428],[4.9506332,52.3141174],[4.9502431,52.3139006],[4.9500476,52.3137207],[4.949904,52.3135398],[4.9495852,52.3130557]]]},"properties":{"SELECTIE":4177,"LABEL":"4177-5013"}},{"id":1258,"type":"Feature","geometry":{"type":"MultiPolygon","coordinates":[[[[4.9606663,52.3098991],[4.9569908,52.3139783],[4.9507042,52.3118306],[4.954414,52.307737],[4.9606663,52.3098991]],[[4.9597574,52.3107607],[4.9598686,52.3107002],[4.9600169,52.3105209],[4.9600278,52.3103412],[4.9599567,52.3101612],[4.9598445,52.309981],[4.959766,52.3098822],[4.9594749,52.3096415],[4.9591832,52.3094917],[4.9588908,52.3093813],[4.9585984,52.3093094],[4.9583053,52.3092937],[4.9580115,52.3093511],[4.9578363,52.3094345],[4.9577167,52.3095052],[4.9576014,52.3096134],[4.9574804,52.3097928],[4.9574433,52.3099723],[4.9575277,52.3101524],[4.9577089,52.3103222],[4.9580699,52.3105138],[4.9582927,52.3105942],[4.9586825,52.3106958],[4.9591708,52.310777],[4.959464,52.3107922],[4.9597574,52.3107607]]]]},"properties":{"SELECTIE":4177,"LABEL":"4177-5013"}},{"id":1259,"type":"Feature","geometry":{"type":"Polygon","coordinates":[[[4.9534585,52.3083086],[4.9526324,52.3091738],[4.9511927,52.3087345],[4.951381,52.3085122],[4.9527408,52.3085172],[4.9530357,52.3083385],[4.9530371,52.3082038],[4.9534585,52.3083086]]]},"properties":{"SELECTIE":4177,"LABEL":"4177-5013"}},{"id":1260,"type":"Feature","geometry":{"type":"Polygon","coordinates":[[[4.9514627,52.3174719],[4.9515086,52.3172985],[4.9527017,52.3159297],[4.9529625,52.3158715],[4.953255,52.3159347],[4.9537766,52.3162503],[4.9541305,52.316388],[4.9544235,52.3164391],[4.9547167,52.3164388],[4.9549508,52.3163792],[4.9569317,52.3170599],[4.9567616,52.3173002],[4.9566407,52.317519],[4.9565381,52.3178782],[4.9565373,52.3180579],[4.9565876,52.3182379],[4.9567503,52.3184607],[4.9570416,52.3186701],[4.9573336,52.3188013],[4.957626,52.3189028],[4.959904,52.3195853],[4.95867,52.3209252],[4.9580074,52.320727],[4.9559909,52.3208934],[4.9559509,52.3205723],[4.9559036,52.3203924],[4.9558015,52.3202123],[4.9555622,52.3200024],[4.9552699,52.31988],[4.9549771,52.319832],[4.9546835,52.3198594],[4.954487,52.3199549],[4.9544374,52.3198447],[4.9544145,52.3195628],[4.9545585,52.3192264],[4.9549325,52.3188832],[4.9546675,52.3185299],[4.9514627,52.3174719]]]},"properties":{"SELECTIE":4177,"LABEL":"4177-5013"}},{"id":1261,"type":"Feature","geometry":{"type":"Polygon","coordinates":[[[4.9531045,52.3204382],[4.9542462,52.3207942],[4.9543007,52.3211056],[4.9543157,52.3214651],[4.9544137,52.3216453],[4.9546639,52.3218716],[4.9546628,52.3220057],[4.9546575,52.3225388],[4.9540719,52.32242],[4.9536611,52.3221818],[4.953448,52.3220012],[4.953341,52.3218211],[4.9532832,52.3216412],[4.9531582,52.3209217],[4.9531045,52.3204382]]]},"properties":{"SELECTIE":4177,"LABEL":"4177-5013"}},{"id":1262,"type":"Feature","geometry":{"type":"Polygon","coordinates":[[[4.9556579,52.306929],[4.955689,52.3069102],[4.9580348,52.3069187],[4.9583264,52.3070995],[4.9584031,52.3070998],[4.9586168,52.3074004],[4.958852,52.3076406],[4.9591887,52.3081019],[4.9556579,52.306929]]]},"properties":{"SELECTIE":4177,"LABEL":"4177-5013"}},{"id":1263,"type":"Feature","geometry":{"type":"Polygon","coordinates":[[[4.9559797,52.3213347],[4.9571628,52.3217034],[4.9567428,52.3222106],[4.9567143,52.3221929],[4.9563566,52.3221916],[4.95625,52.3220114],[4.9561382,52.3216515],[4.9559797,52.3213347]]]},"properties":{"SELECTIE":4177,"LABEL":"4177-5013"}},{"id":1264,"type":"Feature","geometry":{"type":"Polygon","coordinates":[[[4.9570545,52.3168783],[4.9560287,52.3165305],[4.956653,52.3158657],[4.9576182,52.316187],[4.9573561,52.31648],[4.9570545,52.3168783]]]},"properties":{"SELECTIE":4177,"LABEL":"4177-5013"}},{"id":1265,"type":"Feature","geometry":{"type":"MultiPolygon","coordinates":[[[[4.958908,52.3230107],[4.9616284,52.3198817],[4.9623101,52.3198679],[4.9626036,52.3198535],[4.9628973,52.3198202],[4.9631912,52.3197411],[4.9634863,52.3195741],[4.9636211,52.3194578],[4.9733659,52.3227803],[4.9728734,52.3233437],[4.9721927,52.3235653],[4.9697998,52.3260908],[4.9692893,52.3263604],[4.9692908,52.3261925],[4.9689991,52.3260118],[4.968114,52.3265478],[4.9683748,52.326369],[4.9682553,52.3258293],[4.9682223,52.3252899],[4.9682578,52.3247508],[4.9681777,52.3245707],[4.9681331,52.3245173],[4.9675469,52.3244446],[4.9672551,52.3242837],[4.967186,52.3242077],[4.9668651,52.3240269],[4.9666713,52.3239742],[4.9663786,52.3239191],[4.9660853,52.3238989],[4.965205,52.3239265],[4.9643251,52.3239067],[4.9634455,52.3238559],[4.9631525,52.3238235],[4.9628596,52.3237646],[4.9625015,52.3236517],[4.9622451,52.3234711],[4.9619362,52.3231105],[4.9616939,52.3229643],[4.9614012,52.3228859],[4.9611082,52.3228556],[4.9608148,52.3228563],[4.9605212,52.3228767],[4.9600963,52.3229242],[4.9599339,52.3229574],[4.9593455,52.3231167],[4.959344,52.3232809],[4.958908,52.3230107]],[[4.965155,52.3218638],[4.9655184,52.3218033],[4.9659608,52.3216868],[4.9661636,52.3215078],[4.966034,52.3213276],[4.9654399,52.3209659],[4.9649422,52.3206971],[4.96465,52.3205846],[4.9643574,52.3205165],[4.9640642,52.3204999],[4.9637801,52.3206005],[4.9636772,52.32078],[4.9636534,52.3209596],[4.963667,52.3211394],[4.9637084,52.3213193],[4.9637863,52.3214993],[4.9639442,52.3216797],[4.9640521,52.3217523],[4.9643446,52.3218609],[4.9646377,52.3218924],[4.965155,52.3218638]]]]},"properties":{"SELECTIE":4177,"LABEL":"4177-5013"}},{"id":1266,"type":"Feature","geometry":{"type":"Polygon","coordinates":[[[4.9591091,52.3164039],[4.9595511,52.3158762],[4.9598173,52.3157418],[4.9601708,52.315689],[4.9606705,52.3157449],[4.9626794,52.3164374],[4.9614685,52.3177494],[4.9609845,52.3175347],[4.9596991,52.3168578],[4.9593518,52.3166301],[4.9591091,52.3164039]]]},"properties":{"SELECTIE":4177,"LABEL":"4177-5013"}},{"id":1267,"type":"Feature","geometry":{"type":"Polygon","coordinates":[[[4.9618475,52.2968073],[4.963512,52.2950182],[4.9639486,52.2947889],[4.964776,52.2945699],[4.9651229,52.29453],[4.9654812,52.2947582],[4.965774,52.2948028],[4.9659491,52.2947237],[4.9663622,52.2945943],[4.9666506,52.2945463],[4.966949,52.2945419],[4.967094,52.2945537],[4.9739326,52.2956677],[4.9726616,52.2984336],[4.971606,52.2982608],[4.9713126,52.298178],[4.9709784,52.2981594],[4.9696537,52.2979436],[4.9690314,52.2978969],[4.9687122,52.297958],[4.9683592,52.2981962],[4.9676029,52.298145],[4.9663299,52.2980072],[4.9659986,52.2979595],[4.9657447,52.2978943],[4.9654072,52.2977778],[4.9653001,52.2975976],[4.9653426,52.2974179],[4.9654656,52.2972386],[4.9657538,52.2969324],[4.9657699,52.2969115],[4.9657987,52.2968803],[4.9659307,52.296701],[4.9660185,52.2965216],[4.9660385,52.296342],[4.9659907,52.296162],[4.965885,52.2959819],[4.9657641,52.2958388],[4.9657079,52.2958015],[4.9654725,52.2956716],[4.9651797,52.2956421],[4.9648861,52.2956796],[4.9634164,52.2960868],[4.9625352,52.2962666],[4.9622406,52.2964059],[4.9619442,52.2967289],[4.961943,52.2968666],[4.9618475,52.2968073]]]},"properties":{"SELECTIE":4177,"LABEL":"4177-5013"}},{"id":1268,"type":"Feature","geometry":{"type":"Polygon","coordinates":[[[4.9635118,52.3181201],[4.9648284,52.3174103],[4.9649725,52.3175059],[4.9650783,52.3175494],[4.9658477,52.317732],[4.9676049,52.3182973],[4.9678973,52.3184039],[4.9687736,52.318788],[4.969066,52.3188966],[4.9693585,52.318969],[4.9696516,52.3189932],[4.9699454,52.31895],[4.9702371,52.3188255],[4.9703568,52.3187387],[4.9685451,52.3207588],[4.9638948,52.3191843],[4.9640261,52.3189837],[4.9640949,52.3188041],[4.9641095,52.3186244],[4.9640729,52.3184445],[4.9639297,52.3182643],[4.9637929,52.3181782],[4.9635118,52.3181201]]]},"properties":{"SELECTIE":4177,"LABEL":"4177-5013"}},{"id":1269,"type":"Feature","geometry":{"type":"Polygon","coordinates":[[[4.9645767,52.3170882],[4.9635678,52.3167694],[4.9641605,52.316124],[4.9642506,52.3162882],[4.9645767,52.3170882]]]},"properties":{"SELECTIE":4177,"LABEL":"4177-5013"}},{"id":1270,"type":"Feature","geometry":{"type":"MultiPolygon","coordinates":[[[[4.9792784,52.316276],[4.9737284,52.3224846],[4.9688246,52.3208701],[4.9703925,52.3191261],[4.9714912,52.3177893],[4.9729649,52.3162366],[4.9737855,52.3160527],[4.9755484,52.315718],[4.9759539,52.3156104],[4.9764018,52.3154321],[4.9765508,52.3153555],[4.9792784,52.316276]],[[4.9737495,52.3199348],[4.9740953,52.3197382],[4.9743401,52.3195157],[4.9747509,52.3190214],[4.9750961,52.3186632],[4.9753185,52.3184841],[4.9758491,52.3181265],[4.9760687,52.3179475],[4.9762323,52.3177684],[4.9764123,52.3174778],[4.9765763,52.3170505],[4.9768306,52.3166918],[4.9768703,52.3165123],[4.9767158,52.3163669],[4.9764229,52.3163237],[4.9761292,52.316373],[4.9754884,52.3165075],[4.974953,52.3166819],[4.9741158,52.317042],[4.9728909,52.3176347],[4.9725957,52.317827],[4.9723252,52.3181142],[4.972167,52.3184731],[4.972067,52.3188324],[4.9720083,52.3191916],[4.9720081,52.3193714],[4.972051,52.3195513],[4.9722077,52.3197317],[4.9725764,52.3199193],[4.9728689,52.3199843],[4.9731622,52.3200155],[4.9734555,52.3200023],[4.9737495,52.3199348]]]]},"properties":{"SELECTIE":4177,"LABEL":"4177-5013"}},{"id":1271,"type":"Feature","geometry":{"type":"Polygon","coordinates":[[[4.9743912,52.2935449],[4.9743915,52.2945993],[4.9740367,52.2953884],[4.9709863,52.2949189],[4.9713435,52.294864],[4.9716375,52.2947845],[4.9722244,52.294566],[4.9726149,52.2943878],[4.9736985,52.2938326],[4.973993,52.293695],[4.9743912,52.2935449]]]},"properties":{"SELECTIE":4177,"LABEL":"4177-5013"}},{"id":1272,"type":"Feature","geometry":{"type":"Polygon","coordinates":[[[4.9724247,52.3164328],[4.9713897,52.317587],[4.971638,52.317213],[4.9720195,52.316722],[4.9722924,52.3164963],[4.9724247,52.3164328]]]},"properties":{"SELECTIE":4177,"LABEL":"4177-5013"}},{"id":1273,"type":"Feature","geometry":{"type":"Polygon","coordinates":[[[4.9726109,52.2988174],[4.972767,52.298845],[4.974117,52.2993202],[4.9739041,52.2995685],[4.9740391,52.2997512],[4.9726109,52.2988174]]]},"properties":{"SELECTIE":4177,"LABEL":"4177-5013"}},{"id":1274,"type":"Feature","geometry":{"type":"Polygon","coordinates":[[[4.974597,52.3257725],[4.9743983,52.3257047],[4.9739506,52.3256483],[4.9731617,52.3256345],[4.9725363,52.3253906],[4.9730606,52.3249419],[4.973653,52.3248781],[4.9739781,52.3246155],[4.9736279,52.3237133],[4.9743157,52.3230124],[4.9757925,52.323509],[4.9756981,52.3236982],[4.9757826,52.3242379],[4.9757621,52.3244226],[4.9757107,52.3245971],[4.9756221,52.3247765],[4.975338,52.325135],[4.974597,52.3257725]]]},"properties":{"SELECTIE":4177,"LABEL":"4177-5013"}},{"id":1275,"type":"Feature","geometry":{"type":"Polygon","coordinates":[[[4.9819979,52.3011825],[4.9787628,52.3011629],[4.9784951,52.300354],[4.9730517,52.2985238],[4.974251,52.2956954],[4.9791534,52.2964671],[4.9821635,52.2964937],[4.9823374,52.2967582],[4.9824263,52.2969383],[4.9825419,52.2972981],[4.9825563,52.297478],[4.982497,52.298017],[4.9823076,52.2989151],[4.9821434,52.2992741],[4.9820291,52.2994535],[4.9817428,52.2998119],[4.9816573,52.2999915],[4.9816351,52.3001712],[4.981667,52.300351],[4.9818973,52.3008911],[4.9819979,52.3011825]]]},"properties":{"SELECTIE":4177,"LABEL":"4177-5013"}},{"id":1276,"type":"Feature","geometry":{"type":"Polygon","coordinates":[[[4.9762452,52.3232928],[4.9742657,52.3226167],[4.9768463,52.3197033],[4.9768854,52.3197479],[4.977271,52.3199276],[4.9775623,52.3199876],[4.9778555,52.3200211],[4.9781488,52.3200242],[4.9784424,52.3199877],[4.9786218,52.3199336],[4.9788238,52.3197545],[4.9788379,52.3195749],[4.9787413,52.3193725],[4.9785797,52.3192145],[4.9784502,52.3191304],[4.9781578,52.3190413],[4.9778649,52.318994],[4.9775716,52.3189854],[4.9774758,52.3190019],[4.9798142,52.3164074],[4.9848661,52.3180739],[4.98371,52.3194146],[4.9834339,52.3194556],[4.9831399,52.3195291],[4.9828456,52.3196262],[4.9825043,52.3197671],[4.9821483,52.3199458],[4.9818716,52.3201245],[4.9816762,52.3203036],[4.981551,52.320483],[4.9814966,52.3206625],[4.981489,52.3208422],[4.9815568,52.321202],[4.9817445,52.3216936],[4.9811174,52.3224206],[4.980184,52.3233976],[4.9799034,52.3231736],[4.9795885,52.3229642],[4.9791922,52.3228116],[4.9790036,52.3227767],[4.9787104,52.3227542],[4.9784169,52.3227635],[4.9781233,52.3227921],[4.9778295,52.3228459],[4.9773166,52.3229849],[4.976947,52.3231064],[4.9762452,52.3232928]]]},"properties":{"SELECTIE":4177,"LABEL":"4177-5013"}},{"id":1277,"type":"Feature","geometry":{"type":"Polygon","coordinates":[[[4.9819061,52.2961875],[4.9791848,52.2961831],[4.9746007,52.2954747],[4.9748981,52.2946321],[4.9748974,52.2933788],[4.9751692,52.2932987],[4.9757566,52.2931789],[4.9760501,52.2931344],[4.9763872,52.2931032],[4.9786086,52.2930212],[4.9790661,52.293152],[4.9792733,52.2933067],[4.9793702,52.2935125],[4.9794789,52.2938724],[4.9796024,52.2940525],[4.9798525,52.294231],[4.9801432,52.2943667],[4.9804355,52.2944656],[4.9809103,52.2945962],[4.9812524,52.2947773],[4.9813455,52.2949572],[4.9813332,52.295137],[4.9812567,52.2954963],[4.9813241,52.2956762],[4.9815068,52.2958566],[4.981595,52.2959135],[4.9819061,52.2961875]]]},"properties":{"SELECTIE":4177,"LABEL":"4177-5013"}},{"id":1278,"type":"Feature","geometry":{"type":"MultiPolygon","coordinates":[[[[4.9746909,52.3101792],[4.9757233,52.3105197],[4.976229,52.3104365],[4.982771,52.3126764],[4.9796325,52.3161592],[4.9768509,52.3152047],[4.977036,52.3150748],[4.9771709,52.3148955],[4.9772266,52.314716],[4.9772209,52.3145362],[4.9771665,52.3143563],[4.9770489,52.3141761],[4.9768607,52.3139957],[4.9767381,52.3139349],[4.9766098,52.3138151],[4.976447,52.3137025],[4.9761569,52.313357],[4.9760435,52.3130941],[4.9759562,52.3127342],[4.975864,52.3116555],[4.9758316,52.3114756],[4.9757607,52.3112957],[4.9753848,52.3107551],[4.975011,52.3104132],[4.9746909,52.3101792]],[[4.9788192,52.3136429],[4.9790881,52.313548],[4.9792361,52.3134646],[4.9793829,52.3132854],[4.979111,52.3131046],[4.9790921,52.3131023],[4.9787972,52.3132793],[4.9786145,52.3134626],[4.9784915,52.3136418],[4.9785005,52.3136529],[4.9788192,52.3136429]]]]},"properties":{"SELECTIE":4177,"LABEL":"4177-5013"}},{"id":1279,"type":"Feature","geometry":{"type":"Polygon","coordinates":[[[4.977745,52.3279142],[4.9778907,52.3276605],[4.978063,52.3274813],[4.9783658,52.3272996],[4.9786695,52.327205],[4.9789633,52.3271657],[4.9792564,52.3271941],[4.9794877,52.3273065],[4.979548,52.3273881],[4.9795967,52.3274866],[4.9795732,52.3276663],[4.9794522,52.3278456],[4.97925,52.3280274],[4.9789536,52.3282227],[4.9787205,52.3283509],[4.977745,52.3279142]]]},"properties":{"SELECTIE":4177,"LABEL":"4177-5013"}},{"id":1280,"type":"Feature","geometry":{"type":"Polygon","coordinates":[[[4.9804637,52.3235827],[4.9817285,52.3222411],[4.9821169,52.3224357],[4.9822323,52.3225591],[4.9823604,52.3226428],[4.9825245,52.3227054],[4.9827648,52.3227407],[4.984587,52.323549],[4.9842752,52.3237278],[4.9842736,52.3239076],[4.9839786,52.3240862],[4.9839754,52.3244457],[4.9842672,52.3246265],[4.9845604,52.3246275],[4.9856882,52.3253262],[4.9855632,52.325431],[4.9848469,52.3253946],[4.9845538,52.325364],[4.984261,52.3253149],[4.9834926,52.3251632],[4.9827615,52.3249809],[4.9821335,52.324799],[4.9817792,52.324618],[4.9815579,52.3244375],[4.9814266,52.3242573],[4.9813396,52.3240708],[4.9811741,52.3238969],[4.9810476,52.3238151],[4.9804637,52.3235827]]]},"properties":{"SELECTIE":4177,"LABEL":"4177-5013"}},{"id":1281,"type":"Feature","geometry":{"type":"MultiPolygon","coordinates":[[[[4.983952,52.3194027],[4.9851206,52.3179513],[4.9806882,52.316387],[4.9828975,52.3139662],[4.9867242,52.315078],[4.9869984,52.3150424],[4.9873521,52.3152898],[4.9876774,52.3154707],[4.9880632,52.3156517],[4.9885416,52.3158331],[4.9893308,52.3160587],[4.9896564,52.3161963],[4.9898722,52.3163768],[4.9899814,52.3165569],[4.9900187,52.3167368],[4.9899823,52.3169164],[4.9898477,52.3170957],[4.9895784,52.3172746],[4.9891952,52.3174531],[4.9881415,52.3178536],[4.9866341,52.3183432],[4.9861778,52.3185214],[4.9857881,52.3187016],[4.9855178,52.3188787],[4.9853785,52.319058],[4.9853625,52.3192376],[4.9854828,52.3195975],[4.9853329,52.3197768],[4.9851908,52.3198037],[4.985105,52.3197761],[4.9848983,52.3196956],[4.9846065,52.319545],[4.9843141,52.3194339],[4.983952,52.3194027]],[[4.9846255,52.3174379],[4.9849194,52.3173727],[4.9851279,52.3172596],[4.9852891,52.3170804],[4.9852464,52.3169005],[4.9852171,52.3168879],[4.9849242,52.3168381],[4.9846577,52.3168985],[4.9844316,52.3170774],[4.9843358,52.3172569],[4.9846255,52.3174379]],[[4.9824386,52.3158124],[4.982587,52.3158006],[4.9828813,52.315705],[4.9830128,52.3156346],[4.9832508,52.3154557],[4.9833798,52.3152763],[4.9834039,52.3150967],[4.9831816,52.3149228],[4.9828886,52.314891],[4.9825951,52.3149173],[4.982301,52.3150063],[4.9821039,52.3150923],[4.9818611,52.3152711],[4.9817529,52.3154505],[4.9818035,52.3156305],[4.9820009,52.3157525],[4.9822936,52.3158211],[4.9824386,52.3158124]]]]},"properties":{"SELECTIE":4177,"LABEL":"4177-5013"}},{"id":1282,"type":"Feature","geometry":{"type":"Polygon","coordinates":[[[4.984638,52.3011985],[4.9853599,52.3007224],[4.9856584,52.3005456],[4.9859522,52.3004025],[4.9862464,52.3002929],[4.9865403,52.3002197],[4.9868338,52.3001813],[4.9871271,52.3001663],[4.9874203,52.3001744],[4.9877131,52.3002076],[4.9880057,52.3002816],[4.9882091,52.3003732],[4.9882975,52.3004325],[4.988432,52.3005537],[4.9885412,52.3007338],[4.9885919,52.3009138],[4.9886314,52.3012225],[4.984638,52.3011985]]]},"properties":{"SELECTIE":4177,"LABEL":"4177-5013"}},{"id":1283,"type":"Feature","geometry":{"type":"Polygon","coordinates":[[[4.9869617,52.3216431],[4.9870828,52.3215803],[4.9875224,52.3214798],[4.9878161,52.321443],[4.9881094,52.3214447],[4.9884022,52.3214955],[4.988673,52.3215856],[4.9890554,52.3218626],[4.9888844,52.3221174],[4.9869617,52.3216431]]]},"properties":{"SELECTIE":4177,"LABEL":"4177-5013"}}]}